seed,system,rho,execution_status,H_bits,m_bits,consumer_value,comparator_value,class_benefit,observed_benefit,eligible_mass,eligible_reward_drop,no_op_fraction,collapsed,expected_control_diagnostic,error
7203412953912042,learned,0,evaluated,1.0,1.0,1.0,0.5,0.5,0.5,1.0,1.0,0.0,False,,
7203412953912042,learned,0.25,evaluated,0.75,0.75,1.0,0.625,0.375,0.375,0.75,1.0,0.0,False,,
7203412953912042,learned,0.5,evaluated,0.5,0.5,1.0,0.75,0.25,0.25,0.5,1.0,0.0,False,,
7203412953912042,learned,0.75,evaluated,0.25,0.25,1.0,0.875,0.125,0.125,0.25,1.0,0.0,False,,
7203412953912042,learned,1,evaluated,0.0,0.0,1.0,1.0,0.0,0.0,0.0,,,False,,
6787546966275242,learned,0,evaluated,1.0,1.0,1.0,0.5,0.5,0.5,1.0,1.0,0.0,False,,
6787546966275242,learned,0.25,evaluated,0.75,0.75,1.0,0.6249999999999999,0.375,0.3750000000000001,0.75,1.0,0.0,False,,
6787546966275242,learned,0.5,evaluated,0.5,0.5,1.0,0.7499999999999999,0.25,0.2500000000000001,0.5,1.0,0.0,False,,
6787546966275242,learned,0.75,evaluated,0.25,0.25,1.0,0.875,0.125,0.125,0.25,1.0,0.0,False,,
6787546966275242,learned,1,evaluated,0.0,0.0,1.0,1.0,0.0,0.0,0.0,,,False,,
8396052468091594,learned,0,evaluated,1.0,1.0,1.0,0.5,0.5,0.5,1.0,1.0,0.0,False,,
8396052468091594,learned,0.25,evaluated,0.75,0.75,1.0,0.625,0.375,0.375,0.75,1.0,0.0,False,,
8396052468091594,learned,0.5,evaluated,0.5,0.5,1.0,0.75,0.25,0.25,0.5,1.0,0.0,False,,
8396052468091594,learned,0.75,evaluated,0.25,0.25,1.0,0.875,0.125,0.125,0.25,1.0,0.0,False,,
8396052468091594,learned,1,evaluated,0.0,0.0,1.0,1.0,0.0,0.0,0.0,,,False,,
8544839364282845,learned,0,evaluated,1.0,1.0,1.0,0.5,0.5,0.5,1.0,1.0,0.0,False,,
8544839364282845,learned,0.25,evaluated,0.75,0.75,1.0,0.625,0.375,0.375,0.75,1.0,0.0,False,,
8544839364282845,learned,0.5,evaluated,0.5,0.5,1.0,0.75,0.25,0.25,0.5,1.0,0.0,False,,
8544839364282845,learned,0.75,evaluated,0.25,0.25,1.0,0.875,0.125,0.125,0.25,1.0,0.0,False,,
8544839364282845,learned,1,evaluated,0.0,0.0,1.0,1.0,0.0,0.0,0.0,,,False,,
7621625333099352,learned,0,evaluated,1.0,1.0,1.0,0.5,0.5,0.5,1.0,1.0,0.0,False,,
7621625333099352,learned,0.25,evaluated,0.75,0.75,1.0,0.625,0.375,0.375,0.75,1.0,0.0,False,,
7621625333099352,learned,0.5,evaluated,0.5,0.5,1.0,0.7500000000000001,0.25,0.2499999999999999,0.5,1.0,0.0,False,,
7621625333099352,learned,0.75,evaluated,0.25,0.25,1.0,0.8749999999999999,0.125,0.1250000000000001,0.25,1.0,0.0,False,,
7621625333099352,learned,1,evaluated,0.0,0.0,1.0,1.0,0.0,0.0,0.0,,,False,,
4573329353528347,learned,0,evaluated,1.0,1.0,1.0,0.5,0.5,0.5,1.0,1.0,0.0,False,,
4573329353528347,learned,0.25,evaluated,0.75,0.75,1.0,0.625,0.375,0.375,0.75,1.0,0.0,False,,
4573329353528347,learned,0.5,evaluated,0.5,0.5,1.0,0.75,0.25,0.25,0.5,1.0,0.0,False,,
4573329353528347,learned,0.75,evaluated,0.25,0.25,1.0,0.8749999999999999,0.125,0.1250000000000001,0.25,1.0,0.0,False,,
4573329353528347,learned,1,evaluated,0.0,0.0,1.0,1.0,0.0,0.0,0.0,,,False,,
6550423752103280,learned,0,evaluated,1.0,1.0,1.0,0.5,0.5,0.5,1.0,1.0,0.0,False,,
6550423752103280,learned,0.25,evaluated,0.75,0.75,1.0,0.625,0.375,0.375,0.75,1.0,0.0,False,,
6550423752103280,learned,0.5,evaluated,0.5,0.5,1.0,0.75,0.25,0.25,0.5,1.0,0.0,False,,
6550423752103280,learned,0.75,evaluated,0.25,0.25,1.0,0.875,0.125,0.125,0.25,1.0,0.0,False,,
6550423752103280,learned,1,evaluated,0.0,0.0,1.0,1.0,0.0,0.0,0.0,,,False,,
6110405684015759,learned,0,evaluated,1.0,1.0,1.0,0.5,0.5,0.5,1.0,1.0,0.0,False,,
6110405684015759,learned,0.25,evaluated,0.75,0.75,1.0,0.625,0.375,0.375,0.75,1.0,0.0,False,,
6110405684015759,learned,0.5,evaluated,0.5,0.5,1.0,0.75,0.25,0.25,0.5,1.0,0.0,False,,
6110405684015759,learned,0.75,evaluated,0.25,0.25,1.0,0.875,0.125,0.125,0.25,1.0,0.0,False,,
6110405684015759,learned,1,evaluated,0.0,0.0,1.0,1.0,0.0,0.0,0.0,,,False,,
7966862342707171,learned,0,evaluated,1.0,1.0,1.0,0.5,0.5,0.5,1.0,1.0,0.0,False,,
7966862342707171,learned,0.25,evaluated,0.75,0.75,1.0,0.625,0.375,0.375,0.75,1.0,0.0,False,,
7966862342707171,learned,0.5,evaluated,0.5,0.5,1.0,0.75,0.25,0.25,0.5,1.0,0.0,False,,
7966862342707171,learned,0.75,evaluated,0.25,0.25,1.0,0.875,0.125,0.125,0.25,1.0,0.0,False,,
7966862342707171,learned,1,evaluated,0.0,0.0,1.0,1.0,0.0,0.0,0.0,,,False,,
6099653181956813,learned,0,evaluated,1.0,1.0,1.0,0.5,0.5,0.5,1.0,1.0,0.0,False,,
6099653181956813,learned,0.25,evaluated,0.75,0.75,1.0,0.625,0.375,0.375,0.75,1.0,0.0,False,,
6099653181956813,learned,0.5,evaluated,0.5,0.5,1.0,0.7499999999999999,0.25,0.2500000000000001,0.5,1.0,0.0,False,,
6099653181956813,learned,0.75,evaluated,0.25,0.25,1.0,0.8749999999999999,0.125,0.1250000000000001,0.25,1.0,0.0,False,,
6099653181956813,learned,1,evaluated,0.0,0.0,1.0,1.0,0.0,0.0,0.0,,,False,,
4904359356640652,learned,0,evaluated,1.0,1.0,1.0,0.5,0.5,0.5,1.0,1.0,0.0,False,,
4904359356640652,learned,0.25,evaluated,0.75,0.75,1.0,0.625,0.375,0.375,0.75,1.0,0.0,False,,
4904359356640652,learned,0.5,evaluated,0.5,0.5,1.0,0.75,0.25,0.25,0.5,1.0,0.0,False,,
4904359356640652,learned,0.75,evaluated,0.25,0.25,1.0,0.875,0.125,0.125,0.25,1.0,0.0,False,,
4904359356640652,learned,1,evaluated,0.0,0.0,1.0,1.0,0.0,0.0,0.0,,,False,,
4527839029796858,learned,0,evaluated,1.0,1.0,1.0,0.5,0.5,0.5,1.0,1.0,0.0,False,,
4527839029796858,learned,0.25,evaluated,0.75,0.75,1.0,0.625,0.375,0.375,0.75,1.0,0.0,False,,
4527839029796858,learned,0.5,evaluated,0.5,0.5,1.0,0.75,0.25,0.25,0.5,1.0,0.0,False,,
4527839029796858,learned,0.75,evaluated,0.25,0.25,1.0,0.875,0.125,0.125,0.25,1.0,0.0,False,,
4527839029796858,learned,1,evaluated,0.0,0.0,1.0,1.0,0.0,0.0,0.0,,,True,,
8242795895653978,learned,0,evaluated,1.0,1.0,1.0,0.5,0.5,0.5,1.0,1.0,0.0,False,,
8242795895653978,learned,0.25,evaluated,0.75,0.75,1.0,0.625,0.375,0.375,0.75,1.0,0.0,False,,
8242795895653978,learned,0.5,evaluated,0.5,0.5,1.0,0.75,0.25,0.25,0.5,1.0,0.0,False,,
8242795895653978,learned,0.75,evaluated,0.25,0.25,1.0,0.8749999999999999,0.125,0.1250000000000001,0.25,1.0,0.0,False,,
8242795895653978,learned,1,evaluated,0.0,0.0,1.0,1.0,0.0,0.0,0.0,,,False,,
7418631721957787,learned,0,evaluated,1.0,1.0,1.0,0.5,0.5,0.5,1.0,1.0,0.0,False,,
7418631721957787,learned,0.25,evaluated,0.75,0.75,1.0,0.625,0.375,0.375,0.75,1.0,0.0,False,,
7418631721957787,learned,0.5,evaluated,0.5,0.5,1.0,0.75,0.25,0.25,0.5,1.0,0.0,False,,
7418631721957787,learned,0.75,evaluated,0.25,0.25,1.0,0.875,0.125,0.125,0.25,1.0,0.0,False,,
7418631721957787,learned,1,evaluated,0.0,0.0,1.0,1.0,0.0,0.0,0.0,,,False,,
4991196658395377,learned,0,evaluated,1.0,1.0,1.0,0.5,0.5,0.5,1.0,1.0,0.0,False,,
4991196658395377,learned,0.25,evaluated,0.75,0.75,1.0,0.625,0.375,0.375,0.75,1.0,0.0,False,,
4991196658395377,learned,0.5,evaluated,0.5,0.5,1.0,0.7499999999999999,0.25,0.2500000000000001,0.5,1.0,0.0,False,,
4991196658395377,learned,0.75,evaluated,0.25,0.25,1.0,0.875,0.125,0.125,0.25,1.0,0.0,False,,
4991196658395377,learned,1,evaluated,0.0,0.0,1.0,1.0,0.0,0.0,0.0,,,False,,
4773933379276923,learned,0,evaluated,1.0,1.0,1.0,0.5,0.5,0.5,1.0,1.0,0.0,False,,
4773933379276923,learned,0.25,evaluated,0.75,0.75,1.0,0.625,0.375,0.375,0.75,1.0,0.0,False,,
4773933379276923,learned,0.5,evaluated,0.5,0.5,1.0,0.75,0.25,0.25,0.5,1.0,0.0,False,,
4773933379276923,learned,0.75,evaluated,0.25,0.25,1.0,0.875,0.125,0.125,0.25,1.0,0.0,False,,
4773933379276923,learned,1,evaluated,0.0,0.0,1.0,1.0,0.0,0.0,0.0,,,False,,
7434020555387564,learned,0,evaluated,1.0,1.0,1.0,0.5,0.5,0.5,1.0,1.0,0.0,False,,
7434020555387564,learned,0.25,evaluated,0.75,0.75,1.0,0.625,0.375,0.375,0.75,1.0,0.0,False,,
7434020555387564,learned,0.5,evaluated,0.5,0.5,1.0,0.75,0.25,0.25,0.5,1.0,0.0,False,,
7434020555387564,learned,0.75,evaluated,0.25,0.25,1.0,0.875,0.125,0.125,0.25,1.0,0.0,False,,
7434020555387564,learned,1,evaluated,0.0,0.0,1.0,1.0,0.0,0.0,0.0,,,True,,
4983246251664512,learned,0,evaluated,1.0,1.0,1.0,0.5,0.5,0.5,1.0,1.0,0.0,False,,
4983246251664512,learned,0.25,evaluated,0.75,0.75,1.0,0.625,0.375,0.375,0.75,1.0,0.0,False,,
4983246251664512,learned,0.5,evaluated,0.5,0.5,1.0,0.7499999999999999,0.25,0.2500000000000001,0.5,1.0,0.0,False,,
4983246251664512,learned,0.75,evaluated,0.25,0.25,1.0,0.8749999999999999,0.125,0.1250000000000001,0.25,1.0,0.0,False,,
4983246251664512,learned,1,evaluated,0.0,0.0,0.9999999999999998,0.9999999999999998,0.0,0.0,0.0,,,False,,
6403928318925214,learned,0,evaluated,1.0,1.0,1.0,0.5,0.5,0.5,1.0,1.0,0.0,False,,
6403928318925214,learned,0.25,evaluated,0.75,0.75,1.0,0.625,0.375,0.375,0.75,1.0,0.0,False,,
6403928318925214,learned,0.5,evaluated,0.5,0.5,1.0,0.75,0.25,0.25,0.5,1.0,0.0,False,,
6403928318925214,learned,0.75,evaluated,0.25,0.25,1.0,0.8749999999999999,0.125,0.1250000000000001,0.25,1.0,0.0,False,,
6403928318925214,learned,1,evaluated,0.0,0.0,1.0,1.0,0.0,0.0,0.0,,,False,,
6071794348612945,learned,0,evaluated,1.0,1.0,1.0,0.5,0.5,0.5,1.0,1.0,0.0,False,,
6071794348612945,learned,0.25,evaluated,0.75,0.75,1.0,0.625,0.375,0.375,0.75,1.0,0.0,False,,
6071794348612945,learned,0.5,evaluated,0.5,0.5,1.0,0.7499999999999999,0.25,0.2500000000000001,0.5,1.0,0.0,False,,
6071794348612945,learned,0.75,evaluated,0.25,0.25,1.0,0.8750000000000001,0.125,0.12499999999999989,0.25,1.0,0.0,False,,
6071794348612945,learned,1,evaluated,0.0,0.0,1.0,1.0,0.0,0.0,0.0,,,False,,
7093873628193187,learned,0,evaluated,1.0,1.0,1.0,0.5,0.5,0.5,1.0,1.0,0.0,False,,
7093873628193187,learned,0.25,evaluated,0.75,0.75,1.0,0.625,0.375,0.375,0.75,1.0,0.0,False,,
7093873628193187,learned,0.5,evaluated,0.5,0.5,1.0,0.7500000000000001,0.25,0.2499999999999999,0.5,1.0,0.0,False,,
7093873628193187,learned,0.75,evaluated,0.25,0.25,1.0,0.875,0.125,0.125,0.25,1.0,0.0,False,,
7093873628193187,learned,1,evaluated,0.0,0.0,1.0,1.0,0.0,0.0,0.0,,,False,,
5366079768233044,learned,0,evaluated,1.0,1.0,1.0,0.5,0.5,0.5,1.0,1.0,0.0,False,,
5366079768233044,learned,0.25,evaluated,0.75,0.75,1.0,0.625,0.375,0.375,0.75,1.0,0.0,False,,
5366079768233044,learned,0.5,evaluated,0.5,0.5,1.0,0.7499999999999999,0.25,0.2500000000000001,0.5,1.0,0.0,False,,
5366079768233044,learned,0.75,evaluated,0.25,0.25,1.0,0.875,0.125,0.125,0.25,1.0,0.0,False,,
5366079768233044,learned,1,evaluated,0.0,0.0,1.0,1.0,0.0,0.0,0.0,,,False,,
6157263222003961,learned,0,evaluated,1.0,1.0,1.0,0.5,0.5,0.5,1.0,1.0,0.0,False,,
6157263222003961,learned,0.25,evaluated,0.75,0.75,1.0,0.625,0.375,0.375,0.75,1.0,0.0,False,,
6157263222003961,learned,0.5,evaluated,0.5,0.5,1.0,0.7500000000000001,0.25,0.2499999999999999,0.5,1.0,0.0,False,,
6157263222003961,learned,0.75,evaluated,0.25,0.25,1.0,0.875,0.125,0.125,0.25,1.0,0.0,False,,
6157263222003961,learned,1,evaluated,0.0,0.0,1.0,1.0,0.0,0.0,0.0,,,False,,
4712059859040266,learned,0,evaluated,1.0,1.0,1.0,0.5,0.5,0.5,1.0,1.0,0.0,False,,
4712059859040266,learned,0.25,evaluated,0.75,0.75,1.0,0.625,0.375,0.375,0.75,1.0,0.0,False,,
4712059859040266,learned,0.5,evaluated,0.5,0.5,1.0,0.75,0.25,0.25,0.5,1.0,0.0,False,,
4712059859040266,learned,0.75,evaluated,0.25,0.25,1.0,0.875,0.125,0.125,0.25,1.0,0.0,False,,
4712059859040266,learned,1,evaluated,0.0,0.0,1.0,1.0,0.0,0.0,0.0,,,False,,
8103859263335552,learned,0,evaluated,1.0,1.0,1.0,0.5,0.5,0.5,1.0,1.0,0.0,False,,
8103859263335552,learned,0.25,evaluated,0.75,0.75,1.0,0.625,0.375,0.375,0.75,1.0,0.0,False,,
8103859263335552,learned,0.5,evaluated,0.5,0.5,1.0,0.75,0.25,0.25,0.5,1.0,0.0,False,,
8103859263335552,learned,0.75,evaluated,0.25,0.25,1.0,0.8750000000000001,0.125,0.12499999999999989,0.25,1.0,0.0,False,,
8103859263335552,learned,1,evaluated,0.0,0.0,1.0,1.0,0.0,0.0,0.0,,,False,,
5305632906107458,learned,0,evaluated,1.0,1.0,1.0,0.5,0.5,0.5,1.0,1.0,0.0,False,,
5305632906107458,learned,0.25,evaluated,0.75,0.75,1.0,0.6250000000000001,0.375,0.3749999999999999,0.75,1.0,0.0,False,,
5305632906107458,learned,0.5,evaluated,0.5,0.5,1.0,0.7499999999999999,0.25,0.2500000000000001,0.5,1.0,0.0,False,,
5305632906107458,learned,0.75,evaluated,0.25,0.25,1.0,0.875,0.125,0.125,0.25,1.0,0.0,False,,
5305632906107458,learned,1,evaluated,0.0,0.0,1.0,1.0,0.0,0.0,0.0,,,False,,
7801214913130197,learned,0,evaluated,1.0,1.0,1.0,0.5,0.5,0.5,1.0,1.0,0.0,False,,
7801214913130197,learned,0.25,evaluated,0.75,0.75,1.0,0.625,0.375,0.375,0.75,1.0,0.0,False,,
7801214913130197,learned,0.5,evaluated,0.5,0.5,1.0,0.7500000000000001,0.25,0.2499999999999999,0.5,1.0,0.0,False,,
7801214913130197,learned,0.75,evaluated,0.25,0.25,1.0,0.875,0.125,0.125,0.25,1.0,0.0,False,,
7801214913130197,learned,1,evaluated,0.0,0.0,1.0,1.0,0.0,0.0,0.0,,,False,,
6721739658381371,learned,0,evaluated,1.0,1.0,1.0,0.5,0.5,0.5,1.0,1.0,0.0,False,,
6721739658381371,learned,0.25,evaluated,0.75,0.75,1.0,0.625,0.375,0.375,0.75,1.0,0.0,False,,
6721739658381371,learned,0.5,evaluated,0.5,0.5,1.0,0.75,0.25,0.25,0.5,1.0,0.0,False,,
6721739658381371,learned,0.75,evaluated,0.25,0.25,1.0,0.875,0.125,0.125,0.25,1.0,0.0,False,,
6721739658381371,learned,1,evaluated,0.0,0.0,1.0,1.0,0.0,0.0,0.0,,,False,,
5405796570432610,learned,0,evaluated,1.0,1.0,1.0,0.5,0.5,0.5,1.0,1.0,0.0,False,,
5405796570432610,learned,0.25,evaluated,0.75,0.75,1.0,0.6250000000000001,0.375,0.3749999999999999,0.75,1.0,0.0,False,,
5405796570432610,learned,0.5,evaluated,0.5,0.5,1.0,0.75,0.25,0.25,0.5,1.0,0.0,False,,
5405796570432610,learned,0.75,evaluated,0.25,0.25,1.0,0.875,0.125,0.125,0.25,1.0,0.0,False,,
5405796570432610,learned,1,evaluated,0.0,0.0,1.0,1.0,0.0,0.0,0.0,,,False,,
8640927588617627,learned,0,evaluated,1.0,1.0,1.0,0.5,0.5,0.5,1.0,1.0,0.0,False,,
8640927588617627,learned,0.25,evaluated,0.75,0.75,1.0,0.625,0.375,0.375,0.75,1.0,0.0,False,,
8640927588617627,learned,0.5,evaluated,0.5,0.5,1.0,0.75,0.25,0.25,0.5,1.0,0.0,False,,
8640927588617627,learned,0.75,evaluated,0.25,0.25,1.0,0.875,0.125,0.125,0.25,1.0,0.0,False,,
8640927588617627,learned,1,evaluated,0.0,0.0,1.0,1.0,0.0,0.0,0.0,,,False,,
6021815605533097,learned,0,evaluated,1.0,1.0,1.0,0.5,0.5,0.5,1.0,1.0,0.0,False,,
6021815605533097,learned,0.25,evaluated,0.75,0.75,1.0,0.625,0.375,0.375,0.75,1.0,0.0,False,,
6021815605533097,learned,0.5,evaluated,0.5,0.5,1.0,0.75,0.25,0.25,0.5,1.0,0.0,False,,
6021815605533097,learned,0.75,evaluated,0.25,0.25,1.0,0.875,0.125,0.125,0.25,1.0,0.0,False,,
6021815605533097,learned,1,evaluated,0.0,0.0,1.0,1.0,0.0,0.0,0.0,,,False,,
8163156671399542,learned,0,evaluated,1.0,1.0,1.0,0.5,0.5,0.5,1.0,1.0,0.0,False,,
8163156671399542,learned,0.25,evaluated,0.75,0.75,1.0,0.625,0.375,0.375,0.75,1.0,0.0,False,,
8163156671399542,learned,0.5,evaluated,0.5,0.5,1.0,0.75,0.25,0.25,0.5,1.0,0.0,False,,
8163156671399542,learned,0.75,evaluated,0.25,0.25,1.0,0.8750000000000001,0.125,0.12499999999999989,0.25,1.0,0.0,False,,
8163156671399542,learned,1,evaluated,0.0,0.0,1.0,1.0,0.0,0.0,0.0,,,False,,
6118973495324452,learned,0,evaluated,1.0,1.0,1.0,0.5,0.5,0.5,1.0,1.0,0.0,False,,
6118973495324452,learned,0.25,evaluated,0.75,0.75,1.0,0.625,0.375,0.375,0.75,1.0,0.0,False,,
6118973495324452,learned,0.5,evaluated,0.5,0.5,1.0,0.7500000000000001,0.25,0.2499999999999999,0.5,1.0,0.0,False,,
6118973495324452,learned,0.75,evaluated,0.25,0.25,1.0,0.875,0.125,0.125,0.25,1.0,0.0,False,,
6118973495324452,learned,1,evaluated,0.0,0.0,1.0,1.0,0.0,0.0,0.0,,,False,,
8820883060662423,learned,0,evaluated,1.0,1.0,1.0,0.5,0.5,0.5,1.0,1.0,0.0,False,,
8820883060662423,learned,0.25,evaluated,0.75,0.75,1.0,0.625,0.375,0.375,0.75,1.0,0.0,False,,
8820883060662423,learned,0.5,evaluated,0.5,0.5,1.0,0.75,0.25,0.25,0.5,1.0,0.0,False,,
8820883060662423,learned,0.75,evaluated,0.25,0.25,1.0,0.875,0.125,0.125,0.25,1.0,0.0,False,,
8820883060662423,learned,1,evaluated,0.0,0.0,1.0,1.0,0.0,0.0,0.0,,,False,,
8082664755755800,learned,0,evaluated,1.0,1.0,1.0,0.5,0.5,0.5,1.0,1.0,0.0,False,,
8082664755755800,learned,0.25,evaluated,0.75,0.75,1.0,0.6250000000000001,0.375,0.3749999999999999,0.75,1.0,0.0,False,,
8082664755755800,learned,0.5,evaluated,0.5,0.5,1.0,0.7499999999999999,0.25,0.2500000000000001,0.5,1.0,0.0,False,,
8082664755755800,learned,0.75,evaluated,0.25,0.25,1.0,0.875,0.125,0.125,0.25,1.0,0.0,False,,
8082664755755800,learned,1,evaluated,0.0,0.0,1.0,1.0,0.0,0.0,0.0,,,False,,
5091417859571657,learned,0,evaluated,1.0,1.0,1.0,0.5,0.5,0.5,1.0,1.0,0.0,False,,
5091417859571657,learned,0.25,evaluated,0.75,0.75,1.0,0.625,0.375,0.375,0.75,1.0,0.0,False,,
5091417859571657,learned,0.5,evaluated,0.5,0.5,1.0,0.75,0.25,0.25,0.5,1.0,0.0,False,,
5091417859571657,learned,0.75,evaluated,0.25,0.25,1.0,0.875,0.125,0.125,0.25,1.0,0.0,False,,
5091417859571657,learned,1,evaluated,0.0,0.0,1.0,1.0,0.0,0.0,0.0,,,True,,
6656778425370462,learned,0,evaluated,1.0,1.0,1.0,0.5,0.5,0.5,1.0,1.0,0.0,False,,
6656778425370462,learned,0.25,evaluated,0.75,0.75,1.0,0.625,0.375,0.375,0.75,1.0,0.0,False,,
6656778425370462,learned,0.5,evaluated,0.5,0.5,1.0,0.75,0.25,0.25,0.5,1.0,0.0,False,,
6656778425370462,learned,0.75,evaluated,0.25,0.25,1.0,0.8749999999999999,0.125,0.1250000000000001,0.25,1.0,0.0,False,,
6656778425370462,learned,1,evaluated,0.0,0.0,1.0,1.0,0.0,0.0,0.0,,,False,,
8836421164323776,learned,0,evaluated,1.0,1.0,1.0,0.5,0.5,0.5,1.0,1.0,0.0,False,,
8836421164323776,learned,0.25,evaluated,0.75,0.75,1.0,0.625,0.375,0.375,0.75,1.0,0.0,False,,
8836421164323776,learned,0.5,evaluated,0.5,0.5,1.0,0.75,0.25,0.25,0.5,1.0,0.0,False,,
8836421164323776,learned,0.75,evaluated,0.25,0.25,1.0,0.8750000000000001,0.125,0.12499999999999989,0.25,1.0,0.0,False,,
8836421164323776,learned,1,evaluated,0.0,0.0,1.0,1.0,0.0,0.0,0.0,,,False,,
6972562656253098,learned,0,evaluated,1.0,1.0,1.0,0.5,0.5,0.5,1.0,1.0,0.0,False,,
6972562656253098,learned,0.25,evaluated,0.75,0.75,1.0,0.6250000000000001,0.375,0.3749999999999999,0.75,1.0,0.0,False,,
6972562656253098,learned,0.5,evaluated,0.5,0.5,1.0,0.75,0.25,0.25,0.5,1.0,0.0,False,,
6972562656253098,learned,0.75,evaluated,0.25,0.25,1.0,0.875,0.125,0.125,0.25,1.0,0.0,False,,
6972562656253098,learned,1,evaluated,0.0,0.0,1.0,1.0,0.0,0.0,0.0,,,False,,
6855703105561904,learned,0,evaluated,1.0,1.0,1.0,0.5,0.5,0.5,1.0,1.0,0.0,False,,
6855703105561904,learned,0.25,evaluated,0.75,0.75,1.0,0.625,0.375,0.375,0.75,1.0,0.0,False,,
6855703105561904,learned,0.5,evaluated,0.5,0.5,1.0,0.7499999999999999,0.25,0.2500000000000001,0.5,1.0,0.0,False,,
6855703105561904,learned,0.75,evaluated,0.25,0.25,1.0,0.875,0.125,0.125,0.25,1.0,0.0,False,,
6855703105561904,learned,1,evaluated,0.0,0.0,1.0,1.0,0.0,0.0,0.0,,,False,,
6719922874734692,learned,0,evaluated,1.0,1.0,1.0,0.5,0.5,0.5,1.0,1.0,0.0,False,,
6719922874734692,learned,0.25,evaluated,0.75,0.75,1.0,0.625,0.375,0.375,0.75,1.0,0.0,False,,
6719922874734692,learned,0.5,evaluated,0.5,0.5,1.0,0.75,0.25,0.25,0.5,1.0,0.0,False,,
6719922874734692,learned,0.75,evaluated,0.25,0.25,1.0,0.875,0.125,0.125,0.25,1.0,0.0,False,,
6719922874734692,learned,1,evaluated,0.0,0.0,1.0,1.0,0.0,0.0,0.0,,,False,,
4509633139869090,learned,0,evaluated,1.0,1.0,1.0,0.5,0.5,0.5,1.0,1.0,0.0,False,,
4509633139869090,learned,0.25,evaluated,0.75,0.75,1.0,0.625,0.375,0.375,0.75,1.0,0.0,False,,
4509633139869090,learned,0.5,evaluated,0.5,0.5,1.0,0.75,0.25,0.25,0.5,1.0,0.0,False,,
4509633139869090,learned,0.75,evaluated,0.25,0.25,1.0,0.875,0.125,0.125,0.25,1.0,0.0,False,,
4509633139869090,learned,1,evaluated,0.0,0.0,1.0,1.0,0.0,0.0,0.0,,,False,,
5440373874744259,learned,0,evaluated,1.0,1.0,1.0,0.5,0.5,0.5,1.0,1.0,0.0,False,,
5440373874744259,learned,0.25,evaluated,0.75,0.75,1.0,0.625,0.375,0.375,0.75,1.0,0.0,False,,
5440373874744259,learned,0.5,evaluated,0.5,0.5,1.0,0.75,0.25,0.25,0.5,1.0,0.0,False,,
5440373874744259,learned,0.75,evaluated,0.25,0.25,1.0,0.875,0.125,0.125,0.25,1.0,0.0,False,,
5440373874744259,learned,1,evaluated,0.0,0.0,1.0,1.0,0.0,0.0,0.0,,,False,,
7369126503459937,learned,0,evaluated,1.0,1.0,1.0,0.5,0.5,0.5,1.0,1.0,0.0,False,,
7369126503459937,learned,0.25,evaluated,0.75,0.75,1.0,0.625,0.375,0.375,0.75,1.0,0.0,False,,
7369126503459937,learned,0.5,evaluated,0.5,0.5,1.0,0.7500000000000001,0.25,0.2499999999999999,0.5,1.0,0.0,False,,
7369126503459937,learned,0.75,evaluated,0.25,0.25,1.0,0.8750000000000001,0.125,0.12499999999999989,0.25,1.0,0.0,False,,
7369126503459937,learned,1,evaluated,0.0,0.0,1.0,1.0,0.0,0.0,0.0,,,False,,
5824059441962779,learned,0,evaluated,1.0,1.0,1.0,0.5,0.5,0.5,1.0,1.0,0.0,False,,
5824059441962779,learned,0.25,evaluated,0.75,0.75,1.0,0.625,0.375,0.375,0.75,1.0,0.0,False,,
5824059441962779,learned,0.5,evaluated,0.5,0.5,1.0,0.7499999999999999,0.25,0.2500000000000001,0.5,1.0,0.0,False,,
5824059441962779,learned,0.75,evaluated,0.25,0.25,1.0,0.875,0.125,0.125,0.25,1.0,0.0,False,,
5824059441962779,learned,1,evaluated,0.0,0.0,1.0,1.0,0.0,0.0,0.0,,,False,,
8232983095136994,learned,0,evaluated,1.0,1.0,1.0,0.5,0.5,0.5,1.0,1.0,0.0,False,,
8232983095136994,learned,0.25,evaluated,0.75,0.75,1.0,0.625,0.375,0.375,0.75,1.0,0.0,False,,
8232983095136994,learned,0.5,evaluated,0.5,0.5,1.0,0.75,0.25,0.25,0.5,1.0,0.0,False,,
8232983095136994,learned,0.75,evaluated,0.25,0.25,1.0,0.875,0.125,0.125,0.25,1.0,0.0,False,,
8232983095136994,learned,1,evaluated,0.0,0.0,1.0,1.0,0.0,0.0,0.0,,,True,,
5288836941123258,learned,0,evaluated,1.0,1.0,1.0,0.5,0.5,0.5,1.0,1.0,0.0,False,,
5288836941123258,learned,0.25,evaluated,0.75,0.75,1.0,0.625,0.375,0.375,0.75,1.0,0.0,False,,
5288836941123258,learned,0.5,evaluated,0.5,0.5,1.0,0.75,0.25,0.25,0.5,1.0,0.0,False,,
5288836941123258,learned,0.75,evaluated,0.25,0.25,1.0,0.875,0.125,0.125,0.25,1.0,0.0,False,,
5288836941123258,learned,1,evaluated,0.0,0.0,1.0,1.0,0.0,0.0,0.0,,,False,,
7591317033749127,learned,0,evaluated,1.0,1.0,1.0,0.5,0.5,0.5,1.0,1.0,0.0,False,,
7591317033749127,learned,0.25,evaluated,0.75,0.75,1.0,0.625,0.375,0.375,0.75,1.0,0.0,False,,
7591317033749127,learned,0.5,evaluated,0.5,0.5,1.0,0.7500000000000001,0.25,0.2499999999999999,0.5,1.0,0.0,False,,
7591317033749127,learned,0.75,evaluated,0.25,0.25,1.0,0.875,0.125,0.125,0.25,1.0,0.0,False,,
7591317033749127,learned,1,evaluated,0.0,0.0,1.0,1.0,0.0,0.0,0.0,,,False,,
8509498972158621,learned,0,evaluated,1.0,1.0,1.0,0.5,0.5,0.5,1.0,1.0,0.0,False,,
8509498972158621,learned,0.25,evaluated,0.75,0.75,1.0,0.625,0.375,0.375,0.75,1.0,0.0,False,,
8509498972158621,learned,0.5,evaluated,0.5,0.5,1.0,0.7499999999999999,0.25,0.2500000000000001,0.5,1.0,0.0,False,,
8509498972158621,learned,0.75,evaluated,0.25,0.25,1.0,0.875,0.125,0.125,0.25,1.0,0.0,False,,
8509498972158621,learned,1,evaluated,0.0,0.0,1.0,1.0,0.0,0.0,0.0,,,False,,
7424283626434503,learned,0,evaluated,1.0,1.0,1.0,0.5,0.5,0.5,1.0,1.0,0.0,False,,
7424283626434503,learned,0.25,evaluated,0.75,0.75,1.0,0.625,0.375,0.375,0.75,1.0,0.0,False,,
7424283626434503,learned,0.5,evaluated,0.5,0.5,1.0,0.75,0.25,0.25,0.5,1.0,0.0,False,,
7424283626434503,learned,0.75,evaluated,0.25,0.25,1.0,0.8749999999999999,0.125,0.1250000000000001,0.25,1.0,0.0,False,,
7424283626434503,learned,1,evaluated,0.0,0.0,1.0,1.0,0.0,0.0,0.0,,,False,,
7456564734221250,learned,0,evaluated,1.0,1.0,1.0,0.5,0.5,0.5,1.0,1.0,0.0,False,,
7456564734221250,learned,0.25,evaluated,0.75,0.75,1.0,0.6250000000000001,0.375,0.3749999999999999,0.75,1.0,0.0,False,,
7456564734221250,learned,0.5,evaluated,0.5,0.5,1.0,0.75,0.25,0.25,0.5,1.0,0.0,False,,
7456564734221250,learned,0.75,evaluated,0.25,0.25,1.0,0.875,0.125,0.125,0.25,1.0,0.0,False,,
7456564734221250,learned,1,evaluated,0.0,0.0,1.0,1.0,0.0,0.0,0.0,,,False,,
5624022182982751,learned,0,evaluated,1.0,1.0,1.0,0.5,0.5,0.5,1.0,1.0,0.0,False,,
5624022182982751,learned,0.25,evaluated,0.75,0.75,1.0,0.625,0.375,0.375,0.75,1.0,0.0,False,,
5624022182982751,learned,0.5,evaluated,0.5,0.5,1.0,0.75,0.25,0.25,0.5,1.0,0.0,False,,
5624022182982751,learned,0.75,evaluated,0.25,0.25,1.0,0.8749999999999999,0.125,0.1250000000000001,0.25,1.0,0.0,False,,
5624022182982751,learned,1,evaluated,0.0,0.0,1.0,1.0,0.0,0.0,0.0,,,False,,
6624977409084642,learned,0,evaluated,1.0,1.0,1.0,0.5,0.5,0.5,1.0,1.0,0.0,False,,
6624977409084642,learned,0.25,evaluated,0.75,0.75,1.0,0.6250000000000001,0.375,0.3749999999999999,0.75,1.0,0.0,False,,
6624977409084642,learned,0.5,evaluated,0.5,0.5,1.0,0.7499999999999999,0.25,0.2500000000000001,0.5,1.0,0.0,False,,
6624977409084642,learned,0.75,evaluated,0.25,0.25,1.0,0.8750000000000001,0.125,0.12499999999999989,0.25,1.0,0.0,False,,
6624977409084642,learned,1,evaluated,0.0,0.0,1.0,1.0,0.0,0.0,0.0,,,False,,
5176934956524685,learned,0,evaluated,1.0,1.0,1.0,0.5,0.5,0.5,1.0,1.0,0.0,False,,
5176934956524685,learned,0.25,evaluated,0.75,0.75,1.0,0.625,0.375,0.375,0.75,1.0,0.0,False,,
5176934956524685,learned,0.5,evaluated,0.5,0.5,1.0,0.7499999999999999,0.25,0.2500000000000001,0.5,1.0,0.0,False,,
5176934956524685,learned,0.75,evaluated,0.25,0.25,1.0,0.8750000000000001,0.125,0.12499999999999989,0.25,1.0,0.0,False,,
5176934956524685,learned,1,evaluated,0.0,0.0,1.0,1.0,0.0,0.0,0.0,,,False,,
6372272050493176,learned,0,evaluated,1.0,1.0,1.0,0.5,0.5,0.5,1.0,1.0,0.0,False,,
6372272050493176,learned,0.25,evaluated,0.75,0.75,1.0,0.6249999999999999,0.375,0.3750000000000001,0.75,1.0,0.0,False,,
6372272050493176,learned,0.5,evaluated,0.5,0.5,1.0,0.75,0.25,0.25,0.5,1.0,0.0,False,,
6372272050493176,learned,0.75,evaluated,0.25,0.25,1.0,0.8750000000000001,0.125,0.12499999999999989,0.25,1.0,0.0,False,,
6372272050493176,learned,1,evaluated,0.0,0.0,1.0,1.0,0.0,0.0,0.0,,,False,,
7655690915929329,learned,0,evaluated,1.0,1.0,1.0,0.5,0.5,0.5,1.0,1.0,0.0,False,,
7655690915929329,learned,0.25,evaluated,0.75,0.75,1.0,0.625,0.375,0.375,0.75,1.0,0.0,False,,
7655690915929329,learned,0.5,evaluated,0.5,0.5,1.0,0.75,0.25,0.25,0.5,1.0,0.0,False,,
7655690915929329,learned,0.75,evaluated,0.25,0.25,1.0,0.875,0.125,0.125,0.25,1.0,0.0,False,,
7655690915929329,learned,1,evaluated,0.0,0.0,1.0,1.0,0.0,0.0,0.0,,,False,,
7192979647670795,learned,0,evaluated,1.0,1.0,1.0,0.5,0.5,0.5,1.0,1.0,0.0,False,,
7192979647670795,learned,0.25,evaluated,0.75,0.75,1.0,0.625,0.375,0.375,0.75,1.0,0.0,False,,
7192979647670795,learned,0.5,evaluated,0.5,0.5,1.0,0.75,0.25,0.25,0.5,1.0,0.0,False,,
7192979647670795,learned,0.75,evaluated,0.25,0.25,1.0,0.875,0.125,0.125,0.25,1.0,0.0,False,,
7192979647670795,learned,1,evaluated,0.0,0.0,1.0,1.0,0.0,0.0,0.0,,,False,,
6817441907101595,learned,0,evaluated,1.0,1.0,1.0,0.5,0.5,0.5,1.0,1.0,0.0,False,,
6817441907101595,learned,0.25,evaluated,0.75,0.75,1.0,0.625,0.375,0.375,0.75,1.0,0.0,False,,
6817441907101595,learned,0.5,evaluated,0.5,0.5,1.0,0.7499999999999999,0.25,0.2500000000000001,0.5,1.0,0.0,False,,
6817441907101595,learned,0.75,evaluated,0.25,0.25,1.0,0.8750000000000001,0.125,0.12499999999999989,0.25,1.0,0.0,False,,
6817441907101595,learned,1,evaluated,0.0,0.0,1.0,1.0,0.0,0.0,0.0,,,False,,
8180638057683268,learned,0,evaluated,1.0,1.0,1.0,0.5,0.5,0.5,1.0,1.0,0.0,False,,
8180638057683268,learned,0.25,evaluated,0.75,0.75,1.0,0.625,0.375,0.375,0.75,1.0,0.0,False,,
8180638057683268,learned,0.5,evaluated,0.5,0.5,1.0,0.75,0.25,0.25,0.5,1.0,0.0,False,,
8180638057683268,learned,0.75,evaluated,0.25,0.25,1.0,0.875,0.125,0.125,0.25,1.0,0.0,False,,
8180638057683268,learned,1,evaluated,0.0,0.0,1.0,1.0,0.0,0.0,0.0,,,False,,
5700629466038147,learned,0,evaluated,1.0,1.0,1.0,0.5,0.5,0.5,1.0,1.0,0.0,False,,
5700629466038147,learned,0.25,evaluated,0.75,0.75,1.0,0.625,0.375,0.375,0.75,1.0,0.0,False,,
5700629466038147,learned,0.5,evaluated,0.5,0.5,1.0,0.75,0.25,0.25,0.5,1.0,0.0,False,,
5700629466038147,learned,0.75,evaluated,0.25,0.25,1.0,0.8749999999999999,0.125,0.1250000000000001,0.25,1.0,0.0,False,,
5700629466038147,learned,1,evaluated,0.0,0.0,1.0,1.0,0.0,0.0,0.0,,,False,,
5551444335972812,learned,0,evaluated,1.0,1.0,1.0,0.5,0.5,0.5,1.0,1.0,0.0,False,,
5551444335972812,learned,0.25,evaluated,0.75,0.75,1.0,0.625,0.375,0.375,0.75,1.0,0.0,False,,
5551444335972812,learned,0.5,evaluated,0.5,0.5,1.0,0.75,0.25,0.25,0.5,1.0,0.0,False,,
5551444335972812,learned,0.75,evaluated,0.25,0.25,1.0,0.875,0.125,0.125,0.25,1.0,0.0,False,,
5551444335972812,learned,1,evaluated,0.0,0.0,1.0,1.0,0.0,0.0,0.0,,,False,,
8308076287786659,learned,0,evaluated,1.0,1.0,1.0,0.5,0.5,0.5,1.0,1.0,0.0,False,,
8308076287786659,learned,0.25,evaluated,0.75,0.75,1.0,0.625,0.375,0.375,0.75,1.0,0.0,False,,
8308076287786659,learned,0.5,evaluated,0.5,0.5,1.0,0.75,0.25,0.25,0.5,1.0,0.0,False,,
8308076287786659,learned,0.75,evaluated,0.25,0.25,1.0,0.875,0.125,0.125,0.25,1.0,0.0,False,,
8308076287786659,learned,1,evaluated,0.0,0.0,1.0,1.0,0.0,0.0,0.0,,,False,,
5983109371995643,learned,0,evaluated,1.0,1.0,1.0,0.5,0.5,0.5,1.0,1.0,0.0,False,,
5983109371995643,learned,0.25,evaluated,0.75,0.75,1.0,0.625,0.375,0.375,0.75,1.0,0.0,False,,
5983109371995643,learned,0.5,evaluated,0.5,0.5,1.0,0.75,0.25,0.25,0.5,1.0,0.0,False,,
5983109371995643,learned,0.75,evaluated,0.25,0.25,1.0,0.8749999999999999,0.125,0.1250000000000001,0.25,1.0,0.0,False,,
5983109371995643,learned,1,evaluated,0.0,0.0,1.0,1.0,0.0,0.0,0.0,,,False,,
8818711133188617,learned,0,evaluated,1.0,1.0,1.0,0.5,0.5,0.5,1.0,1.0,0.0,False,,
8818711133188617,learned,0.25,evaluated,0.75,0.75,1.0,0.625,0.375,0.375,0.75,1.0,0.0,False,,
8818711133188617,learned,0.5,evaluated,0.5,0.5,1.0,0.7499999999999999,0.25,0.2500000000000001,0.5,1.0,0.0,False,,
8818711133188617,learned,0.75,evaluated,0.25,0.25,1.0,0.875,0.125,0.125,0.25,1.0,0.0,False,,
8818711133188617,learned,1,evaluated,0.0,0.0,1.0,1.0,0.0,0.0,0.0,,,False,,
6337674741499571,learned,0,evaluated,1.0,1.0,1.0,0.5,0.5,0.5,1.0,1.0,0.0,False,,
6337674741499571,learned,0.25,evaluated,0.75,0.75,1.0,0.625,0.375,0.375,0.75,1.0,0.0,False,,
6337674741499571,learned,0.5,evaluated,0.5,0.5,1.0,0.7500000000000001,0.25,0.2499999999999999,0.5,1.0,0.0,False,,
6337674741499571,learned,0.75,evaluated,0.25,0.25,1.0,0.875,0.125,0.125,0.25,1.0,0.0,False,,
6337674741499571,learned,1,evaluated,0.0,0.0,1.0,1.0,0.0,0.0,0.0,,,False,,
6066063220797058,learned,0,evaluated,1.0,1.0,1.0,0.5,0.5,0.5,1.0,1.0,0.0,False,,
6066063220797058,learned,0.25,evaluated,0.75,0.75,1.0,0.625,0.375,0.375,0.75,1.0,0.0,False,,
6066063220797058,learned,0.5,evaluated,0.5,0.5,1.0,0.75,0.25,0.25,0.5,1.0,0.0,False,,
6066063220797058,learned,0.75,evaluated,0.25,0.25,1.0,0.8749999999999999,0.125,0.1250000000000001,0.25,1.0,0.0,False,,
6066063220797058,learned,1,evaluated,0.0,0.0,1.0,1.0,0.0,0.0,0.0,,,False,,
6255355983036936,learned,0,evaluated,1.0,1.0,1.0,0.5,0.5,0.5,1.0,1.0,0.0,False,,
6255355983036936,learned,0.25,evaluated,0.75,0.75,1.0,0.625,0.375,0.375,0.75,1.0,0.0,False,,
6255355983036936,learned,0.5,evaluated,0.5,0.5,1.0,0.7500000000000001,0.25,0.2499999999999999,0.5,1.0,0.0,False,,
6255355983036936,learned,0.75,evaluated,0.25,0.25,1.0,0.875,0.125,0.125,0.25,1.0,0.0,False,,
6255355983036936,learned,1,evaluated,0.0,0.0,1.0,1.0,0.0,0.0,0.0,,,False,,
7888841014687482,learned,0,evaluated,1.0,1.0,1.0,0.5,0.5,0.5,1.0,1.0,0.0,False,,
7888841014687482,learned,0.25,evaluated,0.75,0.75,1.0,0.6249999999999999,0.375,0.3750000000000001,0.75,1.0,0.0,False,,
7888841014687482,learned,0.5,evaluated,0.5,0.5,1.0,0.75,0.25,0.25,0.5,1.0,0.0,False,,
7888841014687482,learned,0.75,evaluated,0.25,0.25,1.0,0.8750000000000001,0.125,0.12499999999999989,0.25,1.0,0.0,False,,
7888841014687482,learned,1,evaluated,0.0,0.0,1.0,1.0,0.0,0.0,0.0,,,True,,
7382966815992815,learned,0,evaluated,1.0,1.0,1.0,0.5,0.5,0.5,1.0,1.0,0.0,False,,
7382966815992815,learned,0.25,evaluated,0.75,0.75,1.0,0.625,0.375,0.375,0.75,1.0,0.0,False,,
7382966815992815,learned,0.5,evaluated,0.5,0.5,1.0,0.75,0.25,0.25,0.5,1.0,0.0,False,,
7382966815992815,learned,0.75,evaluated,0.25,0.25,1.0,0.875,0.125,0.125,0.25,1.0,0.0,False,,
7382966815992815,learned,1,evaluated,0.0,0.0,1.0,1.0,0.0,0.0,0.0,,,False,,
7382078414008017,learned,0,evaluated,1.0,1.0,1.0,0.5,0.5,0.5,1.0,1.0,0.0,False,,
7382078414008017,learned,0.25,evaluated,0.75,0.75,1.0,0.625,0.375,0.375,0.75,1.0,0.0,False,,
7382078414008017,learned,0.5,evaluated,0.5,0.5,1.0,0.75,0.25,0.25,0.5,1.0,0.0,False,,
7382078414008017,learned,0.75,evaluated,0.25,0.25,1.0,0.875,0.125,0.125,0.25,1.0,0.0,False,,
7382078414008017,learned,1,evaluated,0.0,0.0,1.0,1.0,-1.1102230246251565e-16,0.0,0.0,,,False,,
7354006236677936,learned,0,evaluated,1.0,1.0,1.0,0.5,0.5,0.5,1.0,1.0,0.0,False,,
7354006236677936,learned,0.25,evaluated,0.75,0.75,1.0,0.625,0.375,0.375,0.75,1.0,0.0,False,,
7354006236677936,learned,0.5,evaluated,0.5,0.5,1.0,0.75,0.25,0.25,0.5,1.0,0.0,False,,
7354006236677936,learned,0.75,evaluated,0.25,0.25,1.0,0.8750000000000001,0.125,0.12499999999999989,0.25,1.0,0.0,False,,
7354006236677936,learned,1,evaluated,0.0,0.0,1.0,1.0,0.0,0.0,0.0,,,False,,
7244029156487606,learned,0,evaluated,1.0,1.0,1.0,0.5,0.5,0.5,1.0,1.0,0.0,False,,
7244029156487606,learned,0.25,evaluated,0.75,0.75,1.0,0.625,0.375,0.375,0.75,1.0,0.0,False,,
7244029156487606,learned,0.5,evaluated,0.5,0.5,1.0,0.75,0.25,0.25,0.5,1.0,0.0,False,,
7244029156487606,learned,0.75,evaluated,0.25,0.25,1.0,0.875,0.125,0.125,0.25,1.0,0.0,False,,
7244029156487606,learned,1,evaluated,0.0,0.0,1.0,1.0,0.0,0.0,0.0,,,False,,
4985404432766178,learned,0,evaluated,1.0,1.0,1.0,0.5,0.5,0.5,1.0,1.0,0.0,False,,
4985404432766178,learned,0.25,evaluated,0.75,0.75,1.0,0.625,0.375,0.375,0.75,1.0,0.0,False,,
4985404432766178,learned,0.5,evaluated,0.5,0.5,1.0,0.75,0.25,0.25,0.5,1.0,0.0,False,,
4985404432766178,learned,0.75,evaluated,0.25,0.25,1.0,0.875,0.125,0.125,0.25,1.0,0.0,False,,
4985404432766178,learned,1,evaluated,0.0,0.0,1.0,1.0,0.0,0.0,0.0,,,False,,
5735180100092924,learned,0,evaluated,1.0,1.0,1.0,0.5,0.5,0.5,1.0,1.0,0.0,False,,
5735180100092924,learned,0.25,evaluated,0.75,0.75,1.0,0.625,0.375,0.375,0.75,1.0,0.0,False,,
5735180100092924,learned,0.5,evaluated,0.5,0.5,1.0,0.75,0.25,0.25,0.5,1.0,0.0,False,,
5735180100092924,learned,0.75,evaluated,0.25,0.25,1.0,0.8750000000000001,0.125,0.12499999999999989,0.25,1.0,0.0,False,,
5735180100092924,learned,1,evaluated,0.0,0.0,1.0,1.0,0.0,0.0,0.0,,,False,,
7407006109877389,learned,0,evaluated,1.0,1.0,1.0,0.5,0.5,0.5,1.0,1.0,0.0,False,,
7407006109877389,learned,0.25,evaluated,0.75,0.75,1.0,0.625,0.375,0.375,0.75,1.0,0.0,False,,
7407006109877389,learned,0.5,evaluated,0.5,0.5,1.0,0.75,0.25,0.25,0.5,1.0,0.0,False,,
7407006109877389,learned,0.75,evaluated,0.25,0.25,1.0,0.8749999999999999,0.125,0.1250000000000001,0.25,1.0,0.0,False,,
7407006109877389,learned,1,evaluated,0.0,0.0,1.0,1.0,0.0,0.0,0.0,,,False,,
8021734611264250,learned,0,evaluated,1.0,1.0,1.0,0.5,0.5,0.5,1.0,1.0,0.0,False,,
8021734611264250,learned,0.25,evaluated,0.75,0.75,1.0,0.625,0.375,0.375,0.75,1.0,0.0,False,,
8021734611264250,learned,0.5,evaluated,0.5,0.5,1.0,0.7499999999999999,0.25,0.2500000000000001,0.5,1.0,0.0,False,,
8021734611264250,learned,0.75,evaluated,0.25,0.25,1.0,0.8749999999999999,0.125,0.1250000000000001,0.25,1.0,0.0,False,,
8021734611264250,learned,1,evaluated,0.0,0.0,1.0,1.0,0.0,0.0,0.0,,,False,,
5361814655212309,learned,0,evaluated,1.0,1.0,1.0,0.5,0.5,0.5,1.0,1.0,0.0,False,,
5361814655212309,learned,0.25,evaluated,0.75,0.75,1.0,0.6250000000000001,0.375,0.3749999999999999,0.75,1.0,0.0,False,,
5361814655212309,learned,0.5,evaluated,0.5,0.5,1.0,0.75,0.25,0.25,0.5,1.0,0.0,False,,
5361814655212309,learned,0.75,evaluated,0.25,0.25,1.0,0.875,0.125,0.125,0.25,1.0,0.0,False,,
5361814655212309,learned,1,evaluated,0.0,0.0,1.0,1.0,0.0,0.0,0.0,,,False,,
7617641490064639,learned,0,evaluated,1.0,1.0,1.0,0.5,0.5,0.5,1.0,1.0,0.0,False,,
7617641490064639,learned,0.25,evaluated,0.75,0.75,1.0,0.625,0.375,0.375,0.75,1.0,0.0,False,,
7617641490064639,learned,0.5,evaluated,0.5,0.5,1.0,0.75,0.25,0.25,0.5,1.0,0.0,False,,
7617641490064639,learned,0.75,evaluated,0.25,0.25,1.0,0.875,0.125,0.125,0.25,1.0,0.0,False,,
7617641490064639,learned,1,evaluated,0.0,0.0,1.0,1.0,0.0,0.0,0.0,,,True,,
7175145193796517,learned,0,evaluated,1.0,1.0,1.0,0.5,0.5,0.5,1.0,1.0,0.0,False,,
7175145193796517,learned,0.25,evaluated,0.75,0.75,1.0,0.625,0.375,0.375,0.75,1.0,0.0,False,,
7175145193796517,learned,0.5,evaluated,0.5,0.5,1.0,0.75,0.25,0.25,0.5,1.0,0.0,False,,
7175145193796517,learned,0.75,evaluated,0.25,0.25,1.0,0.8749999999999999,0.125,0.1250000000000001,0.25,1.0,0.0,False,,
7175145193796517,learned,1,evaluated,0.0,0.0,1.0,1.0,0.0,0.0,0.0,,,False,,
6264317758262797,learned,0,evaluated,1.0,1.0,1.0,0.5,0.5,0.5,1.0,1.0,0.0,False,,
6264317758262797,learned,0.25,evaluated,0.75,0.75,1.0,0.625,0.375,0.375,0.75,1.0,0.0,False,,
6264317758262797,learned,0.5,evaluated,0.5,0.5,1.0,0.75,0.25,0.25,0.5,1.0,0.0,False,,
6264317758262797,learned,0.75,evaluated,0.25,0.25,1.0,0.8749999999999999,0.125,0.1250000000000001,0.25,1.0,0.0,False,,
6264317758262797,learned,1,evaluated,0.0,0.0,1.0,1.0,0.0,0.0,0.0,,,False,,
6939907912004924,learned,0,evaluated,1.0,1.0,1.0,0.5,0.5,0.5,1.0,1.0,0.0,False,,
6939907912004924,learned,0.25,evaluated,0.75,0.75,1.0,0.625,0.375,0.375,0.75,1.0,0.0,False,,
6939907912004924,learned,0.5,evaluated,0.5,0.5,1.0,0.75,0.25,0.25,0.5,1.0,0.0,False,,
6939907912004924,learned,0.75,evaluated,0.25,0.25,1.0,0.875,0.125,0.125,0.25,1.0,0.0,False,,
6939907912004924,learned,1,evaluated,0.0,0.0,1.0,1.0,0.0,0.0,0.0,,,True,,
7407742029557936,learned,0,evaluated,1.0,1.0,1.0,0.5,0.5,0.5,1.0,1.0,0.0,False,,
7407742029557936,learned,0.25,evaluated,0.75,0.75,1.0,0.625,0.375,0.375,0.75,1.0,0.0,False,,
7407742029557936,learned,0.5,evaluated,0.5,0.5,1.0,0.75,0.25,0.25,0.5,1.0,0.0,False,,
7407742029557936,learned,0.75,evaluated,0.25,0.25,1.0,0.875,0.125,0.125,0.25,1.0,0.0,False,,
7407742029557936,learned,1,evaluated,0.0,0.0,1.0,1.0,0.0,0.0,0.0,,,False,,
7794940871390271,learned,0,evaluated,1.0,1.0,1.0,0.5,0.5,0.5,1.0,1.0,0.0,False,,
7794940871390271,learned,0.25,evaluated,0.75,0.75,1.0,0.625,0.375,0.375,0.75,1.0,0.0,False,,
7794940871390271,learned,0.5,evaluated,0.5,0.5,1.0,0.75,0.25,0.25,0.5,1.0,0.0,False,,
7794940871390271,learned,0.75,evaluated,0.25,0.25,1.0,0.8749999999999999,0.125,0.1250000000000001,0.25,1.0,0.0,False,,
7794940871390271,learned,1,evaluated,0.0,0.0,1.0,1.0,0.0,0.0,0.0,,,False,,
7376622239363436,learned,0,evaluated,1.0,1.0,1.0,0.5,0.5,0.5,1.0,1.0,0.0,False,,
7376622239363436,learned,0.25,evaluated,0.75,0.75,1.0,0.625,0.375,0.375,0.75,1.0,0.0,False,,
7376622239363436,learned,0.5,evaluated,0.5,0.5,1.0,0.75,0.25,0.25,0.5,1.0,0.0,False,,
7376622239363436,learned,0.75,evaluated,0.25,0.25,1.0,0.875,0.125,0.125,0.25,1.0,0.0,False,,
7376622239363436,learned,1,evaluated,0.0,0.0,1.0,1.0,0.0,0.0,0.0,,,False,,
7226513534464641,learned,0,evaluated,1.0,1.0,1.0,0.5,0.5,0.5,1.0,1.0,0.0,False,,
7226513534464641,learned,0.25,evaluated,0.75,0.75,1.0,0.625,0.375,0.375,0.75,1.0,0.0,False,,
7226513534464641,learned,0.5,evaluated,0.5,0.5,1.0,0.75,0.25,0.25,0.5,1.0,0.0,False,,
7226513534464641,learned,0.75,evaluated,0.25,0.25,1.0,0.875,0.125,0.125,0.25,1.0,0.0,False,,
7226513534464641,learned,1,evaluated,0.0,0.0,1.0,1.0,0.0,0.0,0.0,,,False,,
6779306258772195,learned,0,evaluated,1.0,1.0,1.0,0.5,0.5,0.5,1.0,1.0,0.0,False,,
6779306258772195,learned,0.25,evaluated,0.75,0.75,1.0,0.625,0.375,0.375,0.75,1.0,0.0,False,,
6779306258772195,learned,0.5,evaluated,0.5,0.5,1.0,0.75,0.25,0.25,0.5,1.0,0.0,False,,
6779306258772195,learned,0.75,evaluated,0.25,0.25,1.0,0.875,0.125,0.125,0.25,1.0,0.0,False,,
6779306258772195,learned,1,evaluated,0.0,0.0,1.0,1.0,0.0,0.0,0.0,,,False,,
6183346651464625,learned,0,evaluated,1.0,1.0,1.0,0.5,0.5,0.5,1.0,1.0,0.0,False,,
6183346651464625,learned,0.25,evaluated,0.75,0.75,1.0,0.6250000000000001,0.375,0.3749999999999999,0.75,1.0,0.0,False,,
6183346651464625,learned,0.5,evaluated,0.5,0.5,1.0,0.7500000000000001,0.25,0.2499999999999999,0.5,1.0,0.0,False,,
6183346651464625,learned,0.75,evaluated,0.25,0.25,1.0,0.8749999999999999,0.125,0.1250000000000001,0.25,1.0,0.0,False,,
6183346651464625,learned,1,evaluated,0.0,0.0,1.0,1.0,0.0,0.0,0.0,,,False,,
4630964276898920,learned,0,evaluated,1.0,1.0,1.0,0.5,0.5,0.5,1.0,1.0,0.0,False,,
4630964276898920,learned,0.25,evaluated,0.75,0.75,1.0,0.625,0.375,0.375,0.75,1.0,0.0,False,,
4630964276898920,learned,0.5,evaluated,0.5,0.5,1.0,0.75,0.25,0.25,0.5,1.0,0.0,False,,
4630964276898920,learned,0.75,evaluated,0.25,0.25,1.0,0.8749999999999999,0.125,0.1250000000000001,0.25,1.0,0.0,False,,
4630964276898920,learned,1,evaluated,0.0,0.0,1.0,1.0,0.0,0.0,0.0,,,False,,
8344748512168138,learned,0,evaluated,1.0,1.0,1.0,0.5,0.5,0.5,1.0,1.0,0.0,False,,
8344748512168138,learned,0.25,evaluated,0.75,0.75,1.0,0.625,0.375,0.375,0.75,1.0,0.0,False,,
8344748512168138,learned,0.5,evaluated,0.5,0.5,1.0,0.75,0.25,0.25,0.5,1.0,0.0,False,,
8344748512168138,learned,0.75,evaluated,0.25,0.25,1.0,0.875,0.125,0.125,0.25,1.0,0.0,False,,
8344748512168138,learned,1,evaluated,0.0,0.0,1.0,1.0,0.0,0.0,0.0,,,True,,
6319269045107186,learned,0,evaluated,1.0,1.0,1.0,0.5,0.5,0.5,1.0,1.0,0.0,False,,
6319269045107186,learned,0.25,evaluated,0.75,0.75,1.0,0.6250000000000001,0.375,0.3749999999999999,0.75,1.0,0.0,False,,
6319269045107186,learned,0.5,evaluated,0.5,0.5,1.0,0.75,0.25,0.25,0.5,1.0,0.0,False,,
6319269045107186,learned,0.75,evaluated,0.25,0.25,1.0,0.8749999999999999,0.125,0.1250000000000001,0.25,1.0,0.0,False,,
6319269045107186,learned,1,evaluated,0.0,0.0,1.0,1.0,0.0,0.0,0.0,,,False,,
5786739248216246,learned,0,evaluated,1.0,1.0,1.0,0.5,0.5,0.5,1.0,1.0,0.0,False,,
5786739248216246,learned,0.25,evaluated,0.75,0.75,1.0,0.625,0.375,0.375,0.75,1.0,0.0,False,,
5786739248216246,learned,0.5,evaluated,0.5,0.5,1.0,0.75,0.25,0.25,0.5,1.0,0.0,False,,
5786739248216246,learned,0.75,evaluated,0.25,0.25,1.0,0.875,0.125,0.125,0.25,1.0,0.0,False,,
5786739248216246,learned,1,evaluated,0.0,0.0,1.0,1.0,0.0,0.0,0.0,,,False,,
6449062486227475,learned,0,evaluated,1.0,1.0,1.0,0.5,0.5,0.5,1.0,1.0,0.0,False,,
6449062486227475,learned,0.25,evaluated,0.75,0.75,1.0,0.625,0.375,0.375,0.75,1.0,0.0,False,,
6449062486227475,learned,0.5,evaluated,0.5,0.5,1.0,0.75,0.25,0.25,0.5,1.0,0.0,False,,
6449062486227475,learned,0.75,evaluated,0.25,0.25,1.0,0.8750000000000001,0.125,0.12499999999999989,0.25,1.0,0.0,False,,
6449062486227475,learned,1,evaluated,0.0,0.0,1.0,1.0,0.0,0.0,0.0,,,False,,
8085229848962583,learned,0,evaluated,1.0,1.0,1.0,0.5,0.5,0.5,1.0,1.0,0.0,False,,
8085229848962583,learned,0.25,evaluated,0.75,0.75,1.0,0.6249999999999999,0.375,0.3750000000000001,0.75,1.0,0.0,False,,
8085229848962583,learned,0.5,evaluated,0.5,0.5,1.0,0.75,0.25,0.25,0.5,1.0,0.0,False,,
8085229848962583,learned,0.75,evaluated,0.25,0.25,1.0,0.875,0.125,0.125,0.25,1.0,0.0,False,,
8085229848962583,learned,1,evaluated,0.0,0.0,1.0,1.0,0.0,0.0,0.0,,,False,,
8450577100678963,learned,0,evaluated,1.0,1.0,1.0,0.5,0.5,0.5,1.0,1.0,0.0,False,,
8450577100678963,learned,0.25,evaluated,0.75,0.75,1.0,0.625,0.375,0.375,0.75,1.0,0.0,False,,
8450577100678963,learned,0.5,evaluated,0.5,0.5,1.0,0.75,0.25,0.25,0.5,1.0,0.0,False,,
8450577100678963,learned,0.75,evaluated,0.25,0.25,1.0,0.875,0.125,0.125,0.25,1.0,0.0,False,,
8450577100678963,learned,1,evaluated,0.0,0.0,1.0,1.0,0.0,0.0,0.0,,,False,,
6584036317469427,learned,0,evaluated,1.0,1.0,1.0,0.5,0.5,0.5,1.0,1.0,0.0,False,,
6584036317469427,learned,0.25,evaluated,0.75,0.75,1.0,0.625,0.375,0.375,0.75,1.0,0.0,False,,
6584036317469427,learned,0.5,evaluated,0.5,0.5,1.0,0.75,0.25,0.25,0.5,1.0,0.0,False,,
6584036317469427,learned,0.75,evaluated,0.25,0.25,1.0,0.8749999999999999,0.125,0.1250000000000001,0.25,1.0,0.0,False,,
6584036317469427,learned,1,evaluated,0.0,0.0,1.0,1.0,0.0,0.0,0.0,,,False,,
8395582740071943,learned,0,evaluated,1.0,1.0,1.0,0.5,0.5,0.5,1.0,1.0,0.0,False,,
8395582740071943,learned,0.25,evaluated,0.75,0.75,1.0,0.625,0.375,0.375,0.75,1.0,0.0,False,,
8395582740071943,learned,0.5,evaluated,0.5,0.5,1.0,0.75,0.25,0.25,0.5,1.0,0.0,False,,
8395582740071943,learned,0.75,evaluated,0.25,0.25,1.0,0.8750000000000001,0.125,0.12499999999999989,0.25,1.0,0.0,False,,
8395582740071943,learned,1,evaluated,0.0,0.0,1.0,1.0,0.0,0.0,0.0,,,False,,
4601303174214501,learned,0,evaluated,1.0,1.0,1.0,0.5,0.5,0.5,1.0,1.0,0.0,False,,
4601303174214501,learned,0.25,evaluated,0.75,0.75,1.0,0.625,0.375,0.375,0.75,1.0,0.0,False,,
4601303174214501,learned,0.5,evaluated,0.5,0.5,1.0,0.75,0.25,0.25,0.5,1.0,0.0,False,,
4601303174214501,learned,0.75,evaluated,0.25,0.25,1.0,0.875,0.125,0.125,0.25,1.0,0.0,False,,
4601303174214501,learned,1,evaluated,0.0,0.0,1.0,1.0,0.0,0.0,0.0,,,False,,
8065388135982942,learned,0,evaluated,1.0,1.0,1.0,0.5,0.5,0.5,1.0,1.0,0.0,False,,
8065388135982942,learned,0.25,evaluated,0.75,0.75,1.0,0.625,0.375,0.375,0.75,1.0,0.0,False,,
8065388135982942,learned,0.5,evaluated,0.5,0.5,1.0,0.7499999999999999,0.25,0.2500000000000001,0.5,1.0,0.0,False,,
8065388135982942,learned,0.75,evaluated,0.25,0.25,1.0,0.875,0.125,0.125,0.25,1.0,0.0,False,,
8065388135982942,learned,1,evaluated,0.0,0.0,1.0,1.0,0.0,0.0,0.0,,,False,,
6553199780087373,learned,0,evaluated,1.0,1.0,1.0,0.5,0.5,0.5,1.0,1.0,0.0,False,,
6553199780087373,learned,0.25,evaluated,0.75,0.75,1.0,0.625,0.375,0.375,0.75,1.0,0.0,False,,
6553199780087373,learned,0.5,evaluated,0.5,0.5,1.0,0.75,0.25,0.25,0.5,1.0,0.0,False,,
6553199780087373,learned,0.75,evaluated,0.25,0.25,1.0,0.875,0.125,0.125,0.25,1.0,0.0,False,,
6553199780087373,learned,1,evaluated,0.0,0.0,1.0,1.0,0.0,0.0,0.0,,,False,,
5984918795485780,learned,0,evaluated,1.0,1.0,1.0,0.5,0.5,0.5,1.0,1.0,0.0,False,,
5984918795485780,learned,0.25,evaluated,0.75,0.75,1.0,0.625,0.375,0.375,0.75,1.0,0.0,False,,
5984918795485780,learned,0.5,evaluated,0.5,0.5,1.0,0.75,0.25,0.25,0.5,1.0,0.0,False,,
5984918795485780,learned,0.75,evaluated,0.25,0.25,1.0,0.8749999999999999,0.125,0.1250000000000001,0.25,1.0,0.0,False,,
5984918795485780,learned,1,evaluated,0.0,0.0,1.0,1.0,0.0,0.0,0.0,,,False,,
5161655856868505,learned,0,evaluated,1.0,1.0,1.0,0.5,0.5,0.5,1.0,1.0,0.0,False,,
5161655856868505,learned,0.25,evaluated,0.75,0.75,1.0,0.625,0.375,0.375,0.75,1.0,0.0,False,,
5161655856868505,learned,0.5,evaluated,0.5,0.5,1.0,0.75,0.25,0.25,0.5,1.0,0.0,False,,
5161655856868505,learned,0.75,evaluated,0.25,0.25,1.0,0.8749999999999999,0.125,0.1250000000000001,0.25,1.0,0.0,False,,
5161655856868505,learned,1,evaluated,0.0,0.0,1.0,1.0,0.0,0.0,0.0,,,False,,
8049418700437784,learned,0,evaluated,1.0,1.0,1.0,0.5,0.5,0.5,1.0,1.0,0.0,False,,
8049418700437784,learned,0.25,evaluated,0.75,0.75,1.0,0.625,0.375,0.375,0.75,1.0,0.0,False,,
8049418700437784,learned,0.5,evaluated,0.5,0.5,1.0,0.75,0.25,0.25,0.5,1.0,0.0,False,,
8049418700437784,learned,0.75,evaluated,0.25,0.25,1.0,0.875,0.125,0.125,0.25,1.0,0.0,False,,
8049418700437784,learned,1,evaluated,0.0,0.0,1.0,1.0,0.0,0.0,0.0,,,False,,
5417235775681511,learned,0,evaluated,1.0,1.0,1.0,0.5,0.5,0.5,1.0,1.0,0.0,False,,
5417235775681511,learned,0.25,evaluated,0.75,0.75,1.0,0.6250000000000001,0.375,0.3749999999999999,0.75,1.0,0.0,False,,
5417235775681511,learned,0.5,evaluated,0.5,0.5,1.0,0.75,0.25,0.25,0.5,1.0,0.0,False,,
5417235775681511,learned,0.75,evaluated,0.25,0.25,1.0,0.8750000000000001,0.125,0.12499999999999989,0.25,1.0,0.0,False,,
5417235775681511,learned,1,evaluated,0.0,0.0,1.0,1.0,0.0,0.0,0.0,,,False,,
8364521461195652,learned,0,evaluated,1.0,1.0,1.0,0.5,0.5,0.5,1.0,1.0,0.0,False,,
8364521461195652,learned,0.25,evaluated,0.75,0.75,1.0,0.625,0.375,0.375,0.75,1.0,0.0,False,,
8364521461195652,learned,0.5,evaluated,0.5,0.5,1.0,0.75,0.25,0.25,0.5,1.0,0.0,False,,
8364521461195652,learned,0.75,evaluated,0.25,0.25,1.0,0.875,0.125,0.125,0.25,1.0,0.0,False,,
8364521461195652,learned,1,evaluated,0.0,0.0,1.0,1.0,0.0,0.0,0.0,,,False,,
8115670216916981,learned,0,evaluated,1.0,1.0,1.0,0.5,0.5,0.5,1.0,1.0,0.0,False,,
8115670216916981,learned,0.25,evaluated,0.75,0.75,1.0,0.625,0.375,0.375,0.75,1.0,0.0,False,,
8115670216916981,learned,0.5,evaluated,0.5,0.5,1.0,0.75,0.25,0.25,0.5,1.0,0.0,False,,
8115670216916981,learned,0.75,evaluated,0.25,0.25,1.0,0.875,0.125,0.125,0.25,1.0,0.0,False,,
8115670216916981,learned,1,evaluated,0.0,0.0,1.0,1.0,0.0,0.0,0.0,,,False,,
6491089107220140,learned,0,evaluated,1.0,1.0,1.0,0.5,0.5,0.5,1.0,1.0,0.0,False,,
6491089107220140,learned,0.25,evaluated,0.75,0.75,1.0,0.625,0.375,0.375,0.75,1.0,0.0,False,,
6491089107220140,learned,0.5,evaluated,0.5,0.5,1.0,0.75,0.25,0.25,0.5,1.0,0.0,False,,
6491089107220140,learned,0.75,evaluated,0.25,0.25,1.0,0.875,0.125,0.125,0.25,1.0,0.0,False,,
6491089107220140,learned,1,evaluated,0.0,0.0,1.0,1.0,0.0,0.0,0.0,,,False,,
5444995653105725,learned,0,evaluated,1.0,1.0,1.0,0.5,0.5,0.5,1.0,1.0,0.0,False,,
5444995653105725,learned,0.25,evaluated,0.75,0.75,1.0,0.625,0.375,0.375,0.75,1.0,0.0,False,,
5444995653105725,learned,0.5,evaluated,0.5,0.5,1.0,0.7499999999999999,0.25,0.2500000000000001,0.5,1.0,0.0,False,,
5444995653105725,learned,0.75,evaluated,0.25,0.25,1.0,0.875,0.125,0.125,0.25,1.0,0.0,False,,
5444995653105725,learned,1,evaluated,0.0,0.0,1.0,1.0,0.0,0.0,0.0,,,False,,
6353939971236550,learned,0,evaluated,1.0,1.0,1.0,0.5,0.5,0.5,1.0,1.0,0.0,False,,
6353939971236550,learned,0.25,evaluated,0.75,0.75,1.0,0.625,0.375,0.375,0.75,1.0,0.0,False,,
6353939971236550,learned,0.5,evaluated,0.5,0.5,1.0,0.75,0.25,0.25,0.5,1.0,0.0,False,,
6353939971236550,learned,0.75,evaluated,0.25,0.25,1.0,0.8749999999999999,0.125,0.1250000000000001,0.25,1.0,0.0,False,,
6353939971236550,learned,1,evaluated,0.0,0.0,1.0,1.0,0.0,0.0,0.0,,,False,,
6052639007745895,learned,0,evaluated,1.0,1.0,1.0,0.5,0.5,0.5,1.0,1.0,0.0,False,,
6052639007745895,learned,0.25,evaluated,0.75,0.75,1.0,0.625,0.375,0.375,0.75,1.0,0.0,False,,
6052639007745895,learned,0.5,evaluated,0.5,0.5,1.0,0.75,0.25,0.25,0.5,1.0,0.0,False,,
6052639007745895,learned,0.75,evaluated,0.25,0.25,1.0,0.875,0.125,0.125,0.25,1.0,0.0,False,,
6052639007745895,learned,1,evaluated,0.0,0.0,1.0000000000000002,1.0000000000000002,0.0,0.0,0.0,,,False,,
6209974598468047,learned,0,evaluated,1.0,1.0,1.0,0.5,0.5,0.5,1.0,1.0,0.0,False,,
6209974598468047,learned,0.25,evaluated,0.75,0.75,1.0,0.625,0.375,0.375,0.75,1.0,0.0,False,,
6209974598468047,learned,0.5,evaluated,0.5,0.5,1.0,0.7500000000000001,0.25,0.2499999999999999,0.5,1.0,0.0,False,,
6209974598468047,learned,0.75,evaluated,0.25,0.25,1.0,0.875,0.125,0.125,0.25,1.0,0.0,False,,
6209974598468047,learned,1,evaluated,0.0,0.0,1.0,1.0,0.0,0.0,0.0,,,False,,
5453639939483453,learned,0,evaluated,1.0,1.0,1.0,0.5,0.5,0.5,1.0,1.0,0.0,False,,
5453639939483453,learned,0.25,evaluated,0.75,0.75,1.0,0.625,0.375,0.375,0.75,1.0,0.0,False,,
5453639939483453,learned,0.5,evaluated,0.5,0.5,1.0,0.7500000000000001,0.25,0.2499999999999999,0.5,1.0,0.0,False,,
5453639939483453,learned,0.75,evaluated,0.25,0.25,1.0,0.8749999999999999,0.125,0.1250000000000001,0.25,1.0,0.0,False,,
5453639939483453,learned,1,evaluated,0.0,0.0,1.0,1.0,0.0,0.0,0.0,,,False,,
8246693119176712,learned,0,evaluated,1.0,1.0,1.0,0.5,0.5,0.5,1.0,1.0,0.0,False,,
8246693119176712,learned,0.25,evaluated,0.75,0.75,1.0,0.625,0.375,0.375,0.75,1.0,0.0,False,,
8246693119176712,learned,0.5,evaluated,0.5,0.5,1.0,0.75,0.25,0.25,0.5,1.0,0.0,False,,
8246693119176712,learned,0.75,evaluated,0.25,0.25,1.0,0.8749999999999999,0.125,0.1250000000000001,0.25,1.0,0.0,False,,
8246693119176712,learned,1,evaluated,0.0,0.0,1.0,1.0,0.0,0.0,0.0,,,False,,
6599930658910346,learned,0,evaluated,1.0,1.0,1.0,0.5,0.5,0.5,1.0,1.0,0.0,False,,
6599930658910346,learned,0.25,evaluated,0.75,0.75,1.0,0.625,0.375,0.375,0.75,1.0,0.0,False,,
6599930658910346,learned,0.5,evaluated,0.5,0.5,1.0,0.75,0.25,0.25,0.5,1.0,0.0,False,,
6599930658910346,learned,0.75,evaluated,0.25,0.25,1.0,0.8749999999999999,0.125,0.1250000000000001,0.25,1.0,0.0,False,,
6599930658910346,learned,1,evaluated,0.0,0.0,1.0000000000000002,1.0000000000000002,0.0,0.0,0.0,,,False,,
5645129857306752,learned,0,evaluated,1.0,1.0,1.0,0.5,0.5,0.5,1.0,1.0,0.0,False,,
5645129857306752,learned,0.25,evaluated,0.75,0.75,1.0,0.625,0.375,0.375,0.75,1.0,0.0,False,,
5645129857306752,learned,0.5,evaluated,0.5,0.5,1.0,0.7499999999999999,0.25,0.2500000000000001,0.5,1.0,0.0,False,,
5645129857306752,learned,0.75,evaluated,0.25,0.25,1.0,0.875,0.125,0.125,0.25,1.0,0.0,False,,
5645129857306752,learned,1,evaluated,0.0,0.0,1.0,1.0,0.0,0.0,0.0,,,False,,
6060926753171840,learned,0,evaluated,1.0,1.0,1.0,0.5,0.5,0.5,1.0,1.0,0.0,False,,
6060926753171840,learned,0.25,evaluated,0.75,0.75,1.0,0.625,0.375,0.375,0.75,1.0,0.0,False,,
6060926753171840,learned,0.5,evaluated,0.5,0.5,1.0,0.75,0.25,0.25,0.5,1.0,0.0,False,,
6060926753171840,learned,0.75,evaluated,0.25,0.25,1.0,0.875,0.125,0.125,0.25,1.0,0.0,False,,
6060926753171840,learned,1,evaluated,0.0,0.0,1.0,1.0,0.0,0.0,0.0,,,False,,
7675419849706076,learned,0,evaluated,1.0,1.0,1.0,0.5,0.5,0.5,1.0,1.0,0.0,False,,
7675419849706076,learned,0.25,evaluated,0.75,0.75,1.0,0.625,0.375,0.375,0.75,1.0,0.0,False,,
7675419849706076,learned,0.5,evaluated,0.5,0.5,1.0,0.75,0.25,0.25,0.5,1.0,0.0,False,,
7675419849706076,learned,0.75,evaluated,0.25,0.25,1.0,0.8750000000000001,0.125,0.12499999999999989,0.25,1.0,0.0,False,,
7675419849706076,learned,1,evaluated,0.0,0.0,1.0,1.0,0.0,0.0,0.0,,,False,,
4771313297774626,learned,0,evaluated,1.0,1.0,1.0,0.5,0.5,0.5,1.0,1.0,0.0,False,,
4771313297774626,learned,0.25,evaluated,0.75,0.75,1.0,0.625,0.375,0.375,0.75,1.0,0.0,False,,
4771313297774626,learned,0.5,evaluated,0.5,0.5,1.0,0.75,0.25,0.25,0.5,1.0,0.0,False,,
4771313297774626,learned,0.75,evaluated,0.25,0.25,1.0,0.875,0.125,0.125,0.25,1.0,0.0,False,,
4771313297774626,learned,1,evaluated,0.0,0.0,1.0,1.0,0.0,0.0,0.0,,,False,,
5044834546955739,learned,0,evaluated,1.0,1.0,1.0,0.5,0.5,0.5,1.0,1.0,0.0,False,,
5044834546955739,learned,0.25,evaluated,0.75,0.75,1.0,0.625,0.375,0.375,0.75,1.0,0.0,False,,
5044834546955739,learned,0.5,evaluated,0.5,0.5,1.0,0.7499999999999999,0.25,0.2500000000000001,0.5,1.0,0.0,False,,
5044834546955739,learned,0.75,evaluated,0.25,0.25,1.0,0.875,0.125,0.125,0.25,1.0,0.0,False,,
5044834546955739,learned,1,evaluated,0.0,0.0,1.0,1.0,0.0,0.0,0.0,,,False,,
8023808805839102,learned,0,evaluated,1.0,1.0,1.0,0.5,0.5,0.5,1.0,1.0,0.0,False,,
8023808805839102,learned,0.25,evaluated,0.75,0.75,1.0,0.625,0.375,0.375,0.75,1.0,0.0,False,,
8023808805839102,learned,0.5,evaluated,0.5,0.5,1.0,0.7500000000000001,0.25,0.2499999999999999,0.5,1.0,0.0,False,,
8023808805839102,learned,0.75,evaluated,0.25,0.25,1.0,0.875,0.125,0.125,0.25,1.0,0.0,False,,
8023808805839102,learned,1,evaluated,0.0,0.0,1.0000000000000002,1.0000000000000002,0.0,0.0,0.0,,,False,,
7836056526608109,learned,0,evaluated,1.0,1.0,1.0,0.5,0.5,0.5,1.0,1.0,0.0,False,,
7836056526608109,learned,0.25,evaluated,0.75,0.75,1.0,0.625,0.375,0.375,0.75,1.0,0.0,False,,
7836056526608109,learned,0.5,evaluated,0.5,0.5,1.0,0.75,0.25,0.25,0.5,1.0,0.0,False,,
7836056526608109,learned,0.75,evaluated,0.25,0.25,1.0,0.8750000000000001,0.125,0.12499999999999989,0.25,1.0,0.0,False,,
7836056526608109,learned,1,evaluated,0.0,0.0,1.0,1.0,0.0,0.0,0.0,,,False,,
5790248557819175,learned,0,evaluated,1.0,1.0,1.0,0.5,0.5,0.5,1.0,1.0,0.0,False,,
5790248557819175,learned,0.25,evaluated,0.75,0.75,1.0,0.625,0.375,0.375,0.75,1.0,0.0,False,,
5790248557819175,learned,0.5,evaluated,0.5,0.5,1.0,0.75,0.25,0.25,0.5,1.0,0.0,False,,
5790248557819175,learned,0.75,evaluated,0.25,0.25,1.0,0.8749999999999999,0.125,0.1250000000000001,0.25,1.0,0.0,False,,
5790248557819175,learned,1,evaluated,0.0,0.0,1.0,1.0,0.0,0.0,0.0,,,False,,
8947914482665725,learned,0,evaluated,1.0,1.0,1.0,0.5,0.5,0.5,1.0,1.0,0.0,False,,
8947914482665725,learned,0.25,evaluated,0.75,0.75,1.0,0.625,0.375,0.375,0.75,1.0,0.0,False,,
8947914482665725,learned,0.5,evaluated,0.5,0.5,1.0,0.75,0.25,0.25,0.5,1.0,0.0,False,,
8947914482665725,learned,0.75,evaluated,0.25,0.25,1.0,0.875,0.125,0.125,0.25,1.0,0.0,False,,
8947914482665725,learned,1,evaluated,0.0,0.0,1.0,1.0,0.0,0.0,0.0,,,False,,
8198632374901448,learned,0,evaluated,1.0,1.0,1.0,0.5,0.5,0.5,1.0,1.0,0.0,False,,
8198632374901448,learned,0.25,evaluated,0.75,0.75,1.0,0.625,0.375,0.375,0.75,1.0,0.0,False,,
8198632374901448,learned,0.5,evaluated,0.5,0.5,1.0,0.75,0.25,0.25,0.5,1.0,0.0,False,,
8198632374901448,learned,0.75,evaluated,0.25,0.25,1.0,0.8750000000000001,0.125,0.12499999999999989,0.25,1.0,0.0,False,,
8198632374901448,learned,1,evaluated,0.0,0.0,1.0,1.0,0.0,0.0,0.0,,,False,,
7950535318748787,learned,0,evaluated,1.0,1.0,1.0,0.5,0.5,0.5,1.0,1.0,0.0,False,,
7950535318748787,learned,0.25,evaluated,0.75,0.75,1.0,0.625,0.375,0.375,0.75,1.0,0.0,False,,
7950535318748787,learned,0.5,evaluated,0.5,0.5,1.0,0.75,0.25,0.25,0.5,1.0,0.0,False,,
7950535318748787,learned,0.75,evaluated,0.25,0.25,1.0,0.875,0.125,0.125,0.25,1.0,0.0,False,,
7950535318748787,learned,1,evaluated,0.0,0.0,1.0,1.0,-1.1102230246251565e-16,0.0,0.0,,,False,,
8386914675462091,learned,0,evaluated,1.0,1.0,1.0,0.5,0.5,0.5,1.0,1.0,0.0,False,,
8386914675462091,learned,0.25,evaluated,0.75,0.75,1.0,0.625,0.375,0.375,0.75,1.0,0.0,False,,
8386914675462091,learned,0.5,evaluated,0.5,0.5,1.0,0.75,0.25,0.25,0.5,1.0,0.0,False,,
8386914675462091,learned,0.75,evaluated,0.25,0.25,1.0,0.8750000000000001,0.125,0.12499999999999989,0.25,1.0,0.0,False,,
8386914675462091,learned,1,evaluated,0.0,0.0,1.0,1.0,0.0,0.0,0.0,,,False,,
4787153568130853,learned,0,evaluated,1.0,1.0,1.0,0.5,0.5,0.5,1.0,1.0,0.0,False,,
4787153568130853,learned,0.25,evaluated,0.75,0.75,1.0,0.625,0.375,0.375,0.75,1.0,0.0,False,,
4787153568130853,learned,0.5,evaluated,0.5,0.5,1.0,0.75,0.25,0.25,0.5,1.0,0.0,False,,
4787153568130853,learned,0.75,evaluated,0.25,0.25,1.0,0.8749999999999999,0.125,0.1250000000000001,0.25,1.0,0.0,False,,
4787153568130853,learned,1,evaluated,0.0,0.0,1.0,1.0,0.0,0.0,0.0,,,False,,
5499034834410363,learned,0,evaluated,1.0,1.0,1.0,0.5,0.5,0.5,1.0,1.0,0.0,False,,
5499034834410363,learned,0.25,evaluated,0.75,0.75,1.0,0.625,0.375,0.375,0.75,1.0,0.0,False,,
5499034834410363,learned,0.5,evaluated,0.5,0.5,1.0,0.75,0.25,0.25,0.5,1.0,0.0,False,,
5499034834410363,learned,0.75,evaluated,0.25,0.25,1.0,0.875,0.125,0.125,0.25,1.0,0.0,False,,
5499034834410363,learned,1,evaluated,0.0,0.0,1.0,1.0,0.0,0.0,0.0,,,False,,
4839493628709798,learned,0,evaluated,1.0,1.0,1.0,0.5,0.5,0.5,1.0,1.0,0.0,False,,
4839493628709798,learned,0.25,evaluated,0.75,0.75,1.0,0.6249999999999999,0.375,0.3750000000000001,0.75,1.0,0.0,False,,
4839493628709798,learned,0.5,evaluated,0.5,0.5,1.0,0.75,0.25,0.25,0.5,1.0,0.0,False,,
4839493628709798,learned,0.75,evaluated,0.25,0.25,1.0,0.875,0.125,0.125,0.25,1.0,0.0,False,,
4839493628709798,learned,1,evaluated,0.0,0.0,1.0,1.0,0.0,0.0,0.0,,,False,,
5824203272323493,learned,0,evaluated,1.0,1.0,1.0,0.5,0.5,0.5,1.0,1.0,0.0,False,,
5824203272323493,learned,0.25,evaluated,0.75,0.75,1.0,0.625,0.375,0.375,0.75,1.0,0.0,False,,
5824203272323493,learned,0.5,evaluated,0.5,0.5,1.0,0.75,0.25,0.25,0.5,1.0,0.0,False,,
5824203272323493,learned,0.75,evaluated,0.25,0.25,1.0,0.8749999999999999,0.125,0.1250000000000001,0.25,1.0,0.0,False,,
5824203272323493,learned,1,evaluated,0.0,0.0,1.0,1.0,0.0,0.0,0.0,,,False,,
5416583453552398,learned,0,evaluated,1.0,1.0,1.0,0.5,0.5,0.5,1.0,1.0,0.0,False,,
5416583453552398,learned,0.25,evaluated,0.75,0.75,1.0,0.625,0.375,0.375,0.75,1.0,0.0,False,,
5416583453552398,learned,0.5,evaluated,0.5,0.5,1.0,0.75,0.25,0.25,0.5,1.0,0.0,False,,
5416583453552398,learned,0.75,evaluated,0.25,0.25,1.0,0.8749999999999999,0.125,0.1250000000000001,0.25,1.0,0.0,False,,
5416583453552398,learned,1,evaluated,0.0,0.0,1.0,1.0,0.0,0.0,0.0,,,True,,
5915641199943550,learned,0,evaluated,1.0,1.0,1.0,0.5,0.5,0.5,1.0,1.0,0.0,False,,
5915641199943550,learned,0.25,evaluated,0.75,0.75,1.0,0.625,0.375,0.375,0.75,1.0,0.0,False,,
5915641199943550,learned,0.5,evaluated,0.5,0.5,1.0,0.75,0.25,0.25,0.5,1.0,0.0,False,,
5915641199943550,learned,0.75,evaluated,0.25,0.25,1.0,0.875,0.125,0.125,0.25,1.0,0.0,False,,
5915641199943550,learned,1,evaluated,0.0,0.0,1.0,1.0,0.0,0.0,0.0,,,False,,
7791593526799022,learned,0,evaluated,1.0,1.0,1.0,0.5,0.5,0.5,1.0,1.0,0.0,False,,
7791593526799022,learned,0.25,evaluated,0.75,0.75,1.0,0.625,0.375,0.375,0.75,1.0,0.0,False,,
7791593526799022,learned,0.5,evaluated,0.5,0.5,1.0,0.7500000000000001,0.25,0.2499999999999999,0.5,1.0,0.0,False,,
7791593526799022,learned,0.75,evaluated,0.25,0.25,1.0,0.8749999999999999,0.125,0.1250000000000001,0.25,1.0,0.0,False,,
7791593526799022,learned,1,evaluated,0.0,0.0,1.0,1.0,0.0,0.0,0.0,,,False,,
6446037021347034,learned,0,evaluated,1.0,1.0,1.0,0.5,0.5,0.5,1.0,1.0,0.0,False,,
6446037021347034,learned,0.25,evaluated,0.75,0.75,1.0,0.625,0.375,0.375,0.75,1.0,0.0,False,,
6446037021347034,learned,0.5,evaluated,0.5,0.5,1.0,0.75,0.25,0.25,0.5,1.0,0.0,False,,
6446037021347034,learned,0.75,evaluated,0.25,0.25,1.0,0.875,0.125,0.125,0.25,1.0,0.0,False,,
6446037021347034,learned,1,evaluated,0.0,0.0,1.0,1.0,0.0,0.0,0.0,,,False,,
6731169102465467,learned,0,evaluated,1.0,1.0,1.0,0.5,0.5,0.5,1.0,1.0,0.0,False,,
6731169102465467,learned,0.25,evaluated,0.75,0.75,1.0,0.6249999999999999,0.375,0.3750000000000001,0.75,1.0,0.0,False,,
6731169102465467,learned,0.5,evaluated,0.5,0.5,1.0,0.75,0.25,0.25,0.5,1.0,0.0,False,,
6731169102465467,learned,0.75,evaluated,0.25,0.25,1.0,0.8749999999999999,0.125,0.1250000000000001,0.25,1.0,0.0,False,,
6731169102465467,learned,1,evaluated,0.0,0.0,1.0,1.0,0.0,0.0,0.0,,,False,,
6161032352166637,learned,0,evaluated,1.0,1.0,1.0,0.5,0.5,0.5,1.0,1.0,0.0,False,,
6161032352166637,learned,0.25,evaluated,0.75,0.75,1.0,0.625,0.375,0.375,0.75,1.0,0.0,False,,
6161032352166637,learned,0.5,evaluated,0.5,0.5,1.0,0.7499999999999999,0.25,0.2500000000000001,0.5,1.0,0.0,False,,
6161032352166637,learned,0.75,evaluated,0.25,0.25,1.0,0.875,0.125,0.125,0.25,1.0,0.0,False,,
6161032352166637,learned,1,evaluated,0.0,0.0,1.0,1.0,0.0,0.0,0.0,,,False,,
5171276585367518,learned,0,evaluated,1.0,1.0,1.0,0.5,0.5,0.5,1.0,1.0,0.0,False,,
5171276585367518,learned,0.25,evaluated,0.75,0.75,1.0,0.625,0.375,0.375,0.75,1.0,0.0,False,,
5171276585367518,learned,0.5,evaluated,0.5,0.5,1.0,0.75,0.25,0.25,0.5,1.0,0.0,False,,
5171276585367518,learned,0.75,evaluated,0.25,0.25,1.0,0.875,0.125,0.125,0.25,1.0,0.0,False,,
5171276585367518,learned,1,evaluated,0.0,0.0,1.0,1.0,0.0,0.0,0.0,,,False,,
8964443541417387,learned,0,evaluated,1.0,1.0,1.0,0.5,0.5,0.5,1.0,1.0,0.0,False,,
8964443541417387,learned,0.25,evaluated,0.75,0.75,1.0,0.6250000000000001,0.375,0.3749999999999999,0.75,1.0,0.0,False,,
8964443541417387,learned,0.5,evaluated,0.5,0.5,1.0,0.75,0.25,0.25,0.5,1.0,0.0,False,,
8964443541417387,learned,0.75,evaluated,0.25,0.25,1.0,0.875,0.125,0.125,0.25,1.0,0.0,False,,
8964443541417387,learned,1,evaluated,0.0,0.0,1.0,1.0,0.0,0.0,0.0,,,False,,
4668152731454061,learned,0,evaluated,1.0,1.0,1.0,0.5,0.5,0.5,1.0,1.0,0.0,False,,
4668152731454061,learned,0.25,evaluated,0.75,0.75,1.0,0.625,0.375,0.375,0.75,1.0,0.0,False,,
4668152731454061,learned,0.5,evaluated,0.5,0.5,1.0,0.75,0.25,0.25,0.5,1.0,0.0,False,,
4668152731454061,learned,0.75,evaluated,0.25,0.25,1.0,0.875,0.125,0.125,0.25,1.0,0.0,False,,
4668152731454061,learned,1,evaluated,0.0,0.0,1.0,1.0,0.0,0.0,0.0,,,False,,
8055021944073461,learned,0,evaluated,1.0,1.0,1.0,0.5,0.5,0.5,1.0,1.0,0.0,False,,
8055021944073461,learned,0.25,evaluated,0.75,0.75,1.0,0.625,0.375,0.375,0.75,1.0,0.0,False,,
8055021944073461,learned,0.5,evaluated,0.5,0.5,1.0,0.75,0.25,0.25,0.5,1.0,0.0,False,,
8055021944073461,learned,0.75,evaluated,0.25,0.25,1.0,0.8750000000000001,0.125,0.12499999999999989,0.25,1.0,0.0,False,,
8055021944073461,learned,1,evaluated,0.0,0.0,1.0,1.0,0.0,0.0,0.0,,,False,,
4645414874172195,learned,0,evaluated,1.0,1.0,1.0,0.5,0.5,0.5,1.0,1.0,0.0,False,,
4645414874172195,learned,0.25,evaluated,0.75,0.75,1.0,0.625,0.375,0.375,0.75,1.0,0.0,False,,
4645414874172195,learned,0.5,evaluated,0.5,0.5,1.0,0.7500000000000001,0.25,0.2499999999999999,0.5,1.0,0.0,False,,
4645414874172195,learned,0.75,evaluated,0.25,0.25,1.0,0.875,0.125,0.125,0.25,1.0,0.0,False,,
4645414874172195,learned,1,evaluated,0.0,0.0,1.0,1.0,0.0,0.0,0.0,,,True,,
4559349374876482,learned,0,evaluated,1.0,1.0,1.0,0.5,0.5,0.5,1.0,1.0,0.0,False,,
4559349374876482,learned,0.25,evaluated,0.75,0.75,1.0,0.625,0.375,0.375,0.75,1.0,0.0,False,,
4559349374876482,learned,0.5,evaluated,0.5,0.5,1.0,0.75,0.25,0.25,0.5,1.0,0.0,False,,
4559349374876482,learned,0.75,evaluated,0.25,0.25,1.0,0.875,0.125,0.125,0.25,1.0,0.0,False,,
4559349374876482,learned,1,evaluated,0.0,0.0,1.0,1.0,0.0,0.0,0.0,,,False,,
6248642235812107,learned,0,evaluated,1.0,1.0,1.0,0.5,0.5,0.5,1.0,1.0,0.0,False,,
6248642235812107,learned,0.25,evaluated,0.75,0.75,1.0,0.625,0.375,0.375,0.75,1.0,0.0,False,,
6248642235812107,learned,0.5,evaluated,0.5,0.5,1.0,0.7499999999999999,0.25,0.2500000000000001,0.5,1.0,0.0,False,,
6248642235812107,learned,0.75,evaluated,0.25,0.25,1.0,0.8749999999999999,0.125,0.1250000000000001,0.25,1.0,0.0,False,,
6248642235812107,learned,1,evaluated,0.0,0.0,1.0,1.0,0.0,0.0,0.0,,,False,,
7740606299285916,learned,0,evaluated,1.0,1.0,1.0,0.5,0.5,0.5,1.0,1.0,0.0,False,,
7740606299285916,learned,0.25,evaluated,0.75,0.75,1.0,0.625,0.375,0.375,0.75,1.0,0.0,False,,
7740606299285916,learned,0.5,evaluated,0.5,0.5,1.0,0.7499999999999999,0.25,0.2500000000000001,0.5,1.0,0.0,False,,
7740606299285916,learned,0.75,evaluated,0.25,0.25,1.0,0.8750000000000001,0.125,0.12499999999999989,0.25,1.0,0.0,False,,
7740606299285916,learned,1,evaluated,0.0,0.0,1.0,1.0,0.0,0.0,0.0,,,False,,
8438530079517719,learned,0,evaluated,1.0,1.0,1.0,0.5,0.5,0.5,1.0,1.0,0.0,False,,
8438530079517719,learned,0.25,evaluated,0.75,0.75,1.0,0.6250000000000001,0.375,0.3749999999999999,0.75,1.0,0.0,False,,
8438530079517719,learned,0.5,evaluated,0.5,0.5,1.0,0.75,0.25,0.25,0.5,1.0,0.0,False,,
8438530079517719,learned,0.75,evaluated,0.25,0.25,1.0,0.875,0.125,0.125,0.25,1.0,0.0,False,,
8438530079517719,learned,1,evaluated,0.0,0.0,1.0,1.0,0.0,0.0,0.0,,,False,,
7697329821168532,learned,0,evaluated,1.0,1.0,1.0,0.5,0.5,0.5,1.0,1.0,0.0,False,,
7697329821168532,learned,0.25,evaluated,0.75,0.75,1.0,0.625,0.375,0.375,0.75,1.0,0.0,False,,
7697329821168532,learned,0.5,evaluated,0.5,0.5,1.0,0.75,0.25,0.25,0.5,1.0,0.0,False,,
7697329821168532,learned,0.75,evaluated,0.25,0.25,1.0,0.8749999999999999,0.125,0.1250000000000001,0.25,1.0,0.0,False,,
7697329821168532,learned,1,evaluated,0.0,0.0,1.0,1.0,0.0,0.0,0.0,,,True,,
5228572615782900,learned,0,evaluated,1.0,1.0,1.0,0.5,0.5,0.5,1.0,1.0,0.0,False,,
5228572615782900,learned,0.25,evaluated,0.75,0.75,1.0,0.6250000000000001,0.375,0.3749999999999999,0.75,1.0,0.0,False,,
5228572615782900,learned,0.5,evaluated,0.5,0.5,1.0,0.75,0.25,0.25,0.5,1.0,0.0,False,,
5228572615782900,learned,0.75,evaluated,0.25,0.25,1.0,0.8750000000000001,0.125,0.12499999999999989,0.25,1.0,0.0,False,,
5228572615782900,learned,1,evaluated,0.0,0.0,1.0,1.0,0.0,0.0,0.0,,,True,,
4734809068909670,learned,0,evaluated,1.0,1.0,1.0,0.5,0.5,0.5,1.0,1.0,0.0,False,,
4734809068909670,learned,0.25,evaluated,0.75,0.75,1.0,0.625,0.375,0.375,0.75,1.0,0.0,False,,
4734809068909670,learned,0.5,evaluated,0.5,0.5,1.0,0.75,0.25,0.25,0.5,1.0,0.0,False,,
4734809068909670,learned,0.75,evaluated,0.25,0.25,1.0,0.8749999999999999,0.125,0.1250000000000001,0.25,1.0,0.0,False,,
4734809068909670,learned,1,evaluated,0.0,0.0,1.0,1.0,0.0,0.0,0.0,,,False,,
8649235702589627,learned,0,evaluated,1.0,1.0,1.0,0.49999999999999994,0.5,0.5,1.0,1.0,0.0,False,,
8649235702589627,learned,0.25,evaluated,0.75,0.75,1.0,0.625,0.375,0.375,0.75,1.0,0.0,False,,
8649235702589627,learned,0.5,evaluated,0.5,0.5,1.0,0.75,0.25,0.25,0.5,1.0,0.0,False,,
8649235702589627,learned,0.75,evaluated,0.25,0.25,1.0,0.8749999999999999,0.125,0.1250000000000001,0.25,1.0,0.0,False,,
8649235702589627,learned,1,evaluated,0.0,0.0,1.0,1.0,0.0,0.0,0.0,,,False,,
7020936910460643,learned,0,evaluated,1.0,1.0,1.0,0.5,0.5,0.5,1.0,1.0,0.0,False,,
7020936910460643,learned,0.25,evaluated,0.75,0.75,1.0,0.625,0.375,0.375,0.75,1.0,0.0,False,,
7020936910460643,learned,0.5,evaluated,0.5,0.5,1.0,0.7499999999999999,0.25,0.2500000000000001,0.5,1.0,0.0,False,,
7020936910460643,learned,0.75,evaluated,0.25,0.25,1.0,0.875,0.125,0.125,0.25,1.0,0.0,False,,
7020936910460643,learned,1,evaluated,0.0,0.0,1.0,1.0,0.0,0.0,0.0,,,False,,
4917890273771297,learned,0,evaluated,1.0,1.0,1.0,0.5,0.5,0.5,1.0,1.0,0.0,False,,
4917890273771297,learned,0.25,evaluated,0.75,0.75,1.0,0.625,0.375,0.375,0.75,1.0,0.0,False,,
4917890273771297,learned,0.5,evaluated,0.5,0.5,1.0,0.75,0.25,0.25,0.5,1.0,0.0,False,,
4917890273771297,learned,0.75,evaluated,0.25,0.25,1.0,0.875,0.125,0.125,0.25,1.0,0.0,False,,
4917890273771297,learned,1,evaluated,0.0,0.0,1.0,1.0,0.0,0.0,0.0,,,True,,
6574163595900248,learned,0,evaluated,1.0,1.0,1.0,0.5,0.5,0.5,1.0,1.0,0.0,False,,
6574163595900248,learned,0.25,evaluated,0.75,0.75,1.0,0.625,0.375,0.375,0.75,1.0,0.0,False,,
6574163595900248,learned,0.5,evaluated,0.5,0.5,1.0,0.75,0.25,0.25,0.5,1.0,0.0,False,,
6574163595900248,learned,0.75,evaluated,0.25,0.25,1.0,0.875,0.125,0.125,0.25,1.0,0.0,False,,
6574163595900248,learned,1,evaluated,0.0,0.0,1.0,1.0,0.0,0.0,0.0,,,True,,
6776967962592333,learned,0,evaluated,1.0,1.0,1.0,0.5,0.5,0.5,1.0,1.0,0.0,False,,
6776967962592333,learned,0.25,evaluated,0.75,0.75,1.0,0.625,0.375,0.375,0.75,1.0,0.0,False,,
6776967962592333,learned,0.5,evaluated,0.5,0.5,1.0,0.75,0.25,0.25,0.5,1.0,0.0,False,,
6776967962592333,learned,0.75,evaluated,0.25,0.25,1.0,0.8750000000000001,0.125,0.12499999999999989,0.25,1.0,0.0,False,,
6776967962592333,learned,1,evaluated,0.0,0.0,1.0,1.0,0.0,0.0,0.0,,,False,,
5889909700171980,learned,0,evaluated,1.0,1.0,1.0,0.5,0.5,0.5,1.0,1.0,0.0,False,,
5889909700171980,learned,0.25,evaluated,0.75,0.75,1.0,0.625,0.375,0.375,0.75,1.0,0.0,False,,
5889909700171980,learned,0.5,evaluated,0.5,0.5,1.0,0.75,0.25,0.25,0.5,1.0,0.0,False,,
5889909700171980,learned,0.75,evaluated,0.25,0.25,1.0,0.8750000000000001,0.125,0.12499999999999989,0.25,1.0,0.0,False,,
5889909700171980,learned,1,evaluated,0.0,0.0,1.0,1.0,0.0,0.0,0.0,,,False,,
6678105076049342,learned,0,evaluated,1.0,1.0,1.0,0.5,0.5,0.5,1.0,1.0,0.0,False,,
6678105076049342,learned,0.25,evaluated,0.75,0.75,1.0,0.625,0.375,0.375,0.75,1.0,0.0,False,,
6678105076049342,learned,0.5,evaluated,0.5,0.5,1.0,0.75,0.25,0.25,0.5,1.0,0.0,False,,
6678105076049342,learned,0.75,evaluated,0.25,0.25,1.0,0.8750000000000001,0.125,0.12499999999999989,0.25,1.0,0.0,False,,
6678105076049342,learned,1,evaluated,0.0,0.0,1.0,1.0,0.0,0.0,0.0,,,False,,
6144655480366865,learned,0,evaluated,1.0,1.0,1.0,0.5,0.5,0.5,1.0,1.0,0.0,False,,
6144655480366865,learned,0.25,evaluated,0.75,0.75,1.0,0.625,0.375,0.375,0.75,1.0,0.0,False,,
6144655480366865,learned,0.5,evaluated,0.5,0.5,1.0,0.75,0.25,0.25,0.5,1.0,0.0,False,,
6144655480366865,learned,0.75,evaluated,0.25,0.25,1.0,0.875,0.125,0.125,0.25,1.0,0.0,False,,
6144655480366865,learned,1,evaluated,0.0,0.0,1.0,1.0,0.0,0.0,0.0,,,False,,
6981136763047392,learned,0,evaluated,1.0,1.0,1.0,0.5,0.5,0.5,1.0,1.0,0.0,False,,
6981136763047392,learned,0.25,evaluated,0.75,0.75,1.0,0.625,0.375,0.375,0.75,1.0,0.0,False,,
6981136763047392,learned,0.5,evaluated,0.5,0.5,1.0,0.75,0.25,0.25,0.5,1.0,0.0,False,,
6981136763047392,learned,0.75,evaluated,0.25,0.25,1.0,0.8749999999999999,0.125,0.1250000000000001,0.25,1.0,0.0,False,,
6981136763047392,learned,1,evaluated,0.0,0.0,1.0,1.0,0.0,0.0,0.0,,,False,,
7595789083544047,learned,0,evaluated,1.0,1.0,1.0,0.5,0.5,0.5,1.0,1.0,0.0,False,,
7595789083544047,learned,0.25,evaluated,0.75,0.75,1.0,0.625,0.375,0.375,0.75,1.0,0.0,False,,
7595789083544047,learned,0.5,evaluated,0.5,0.5,1.0,0.75,0.25,0.25,0.5,1.0,0.0,False,,
7595789083544047,learned,0.75,evaluated,0.25,0.25,1.0,0.8749999999999999,0.125,0.1250000000000001,0.25,1.0,0.0,False,,
7595789083544047,learned,1,evaluated,0.0,0.0,1.0,1.0,0.0,0.0,0.0,,,False,,
5454622498382795,learned,0,evaluated,1.0,1.0,1.0,0.5,0.5,0.5,1.0,1.0,0.0,False,,
5454622498382795,learned,0.25,evaluated,0.75,0.75,1.0,0.625,0.375,0.375,0.75,1.0,0.0,False,,
5454622498382795,learned,0.5,evaluated,0.5,0.5,1.0,0.7499999999999999,0.25,0.2500000000000001,0.5,1.0,0.0,False,,
5454622498382795,learned,0.75,evaluated,0.25,0.25,1.0,0.8749999999999999,0.125,0.1250000000000001,0.25,1.0,0.0,False,,
5454622498382795,learned,1,evaluated,0.0,0.0,1.0,1.0,0.0,0.0,0.0,,,False,,
5401763916206718,learned,0,evaluated,1.0,1.0,1.0,0.5,0.5,0.5,1.0,1.0,0.0,False,,
5401763916206718,learned,0.25,evaluated,0.75,0.75,1.0,0.625,0.375,0.375,0.75,1.0,0.0,False,,
5401763916206718,learned,0.5,evaluated,0.5,0.5,1.0,0.75,0.25,0.25,0.5,1.0,0.0,False,,
5401763916206718,learned,0.75,evaluated,0.25,0.25,1.0,0.8749999999999999,0.125,0.1250000000000001,0.25,1.0,0.0,False,,
5401763916206718,learned,1,evaluated,0.0,0.0,1.0,1.0,0.0,0.0,0.0,,,True,,
8355608642281554,learned,0,evaluated,1.0,1.0,1.0,0.5,0.5,0.5,1.0,1.0,0.0,False,,
8355608642281554,learned,0.25,evaluated,0.75,0.75,1.0,0.625,0.375,0.375,0.75,1.0,0.0,False,,
8355608642281554,learned,0.5,evaluated,0.5,0.5,1.0,0.7499999999999999,0.25,0.2500000000000001,0.5,1.0,0.0,False,,
8355608642281554,learned,0.75,evaluated,0.25,0.25,1.0,0.8750000000000001,0.125,0.12499999999999989,0.25,1.0,0.0,False,,
8355608642281554,learned,1,evaluated,0.0,0.0,1.0,1.0,0.0,0.0,0.0,,,False,,
6449016346726527,learned,0,evaluated,1.0,1.0,1.0,0.5,0.5,0.5,1.0,1.0,0.0,False,,
6449016346726527,learned,0.25,evaluated,0.75,0.75,1.0,0.625,0.375,0.375,0.75,1.0,0.0,False,,
6449016346726527,learned,0.5,evaluated,0.5,0.5,1.0,0.75,0.25,0.25,0.5,1.0,0.0,False,,
6449016346726527,learned,0.75,evaluated,0.25,0.25,1.0,0.8749999999999999,0.125,0.1250000000000001,0.25,1.0,0.0,False,,
6449016346726527,learned,1,evaluated,0.0,0.0,1.0,1.0,0.0,0.0,0.0,,,False,,
7660081118366439,learned,0,evaluated,1.0,1.0,1.0,0.5,0.5,0.5,1.0,1.0,0.0,False,,
7660081118366439,learned,0.25,evaluated,0.75,0.75,1.0,0.625,0.375,0.375,0.75,1.0,0.0,False,,
7660081118366439,learned,0.5,evaluated,0.5,0.5,1.0,0.75,0.25,0.25,0.5,1.0,0.0,False,,
7660081118366439,learned,0.75,evaluated,0.25,0.25,1.0,0.8749999999999999,0.125,0.1250000000000001,0.25,1.0,0.0,False,,
7660081118366439,learned,1,evaluated,0.0,0.0,1.0,1.0,0.0,0.0,0.0,,,False,,
8492855670921047,learned,0,evaluated,1.0,1.0,1.0,0.5,0.5,0.5,1.0,1.0,0.0,False,,
8492855670921047,learned,0.25,evaluated,0.75,0.75,1.0,0.625,0.375,0.375,0.75,1.0,0.0,False,,
8492855670921047,learned,0.5,evaluated,0.5,0.5,1.0,0.7500000000000001,0.25,0.2499999999999999,0.5,1.0,0.0,False,,
8492855670921047,learned,0.75,evaluated,0.25,0.25,1.0,0.8749999999999999,0.125,0.1250000000000001,0.25,1.0,0.0,False,,
8492855670921047,learned,1,evaluated,0.0,0.0,1.0,1.0,0.0,0.0,0.0,,,False,,
7692840636152672,learned,0,evaluated,1.0,1.0,1.0,0.5,0.5,0.5,1.0,1.0,0.0,False,,
7692840636152672,learned,0.25,evaluated,0.75,0.75,1.0,0.625,0.375,0.375,0.75,1.0,0.0,False,,
7692840636152672,learned,0.5,evaluated,0.5,0.5,1.0,0.75,0.25,0.25,0.5,1.0,0.0,False,,
7692840636152672,learned,0.75,evaluated,0.25,0.25,1.0,0.8749999999999999,0.125,0.1250000000000001,0.25,1.0,0.0,False,,
7692840636152672,learned,1,evaluated,0.0,0.0,1.0,1.0,0.0,0.0,0.0,,,False,,
5919967917738243,learned,0,evaluated,1.0,1.0,1.0,0.5,0.5,0.5,1.0,1.0,0.0,False,,
5919967917738243,learned,0.25,evaluated,0.75,0.75,1.0,0.625,0.375,0.375,0.75,1.0,0.0,False,,
5919967917738243,learned,0.5,evaluated,0.5,0.5,1.0,0.7499999999999999,0.25,0.2500000000000001,0.5,1.0,0.0,False,,
5919967917738243,learned,0.75,evaluated,0.25,0.25,1.0,0.8749999999999999,0.125,0.1250000000000001,0.25,1.0,0.0,False,,
5919967917738243,learned,1,evaluated,0.0,0.0,1.0,1.0,0.0,0.0,0.0,,,False,,
6042261771010707,learned,0,evaluated,1.0,1.0,1.0,0.5,0.5,0.5,1.0,1.0,0.0,False,,
6042261771010707,learned,0.25,evaluated,0.75,0.75,1.0,0.625,0.375,0.375,0.75,1.0,0.0,False,,
6042261771010707,learned,0.5,evaluated,0.5,0.5,1.0,0.75,0.25,0.25,0.5,1.0,0.0,False,,
6042261771010707,learned,0.75,evaluated,0.25,0.25,1.0,0.8750000000000001,0.125,0.12499999999999989,0.25,1.0,0.0,False,,
6042261771010707,learned,1,evaluated,0.0,0.0,1.0,1.0,0.0,0.0,0.0,,,False,,
8914635232222093,learned,0,evaluated,1.0,1.0,1.0,0.5,0.5,0.5,1.0,1.0,0.0,False,,
8914635232222093,learned,0.25,evaluated,0.75,0.75,1.0,0.625,0.375,0.375,0.75,1.0,0.0,False,,
8914635232222093,learned,0.5,evaluated,0.5,0.5,1.0,0.75,0.25,0.25,0.5,1.0,0.0,False,,
8914635232222093,learned,0.75,evaluated,0.25,0.25,1.0,0.875,0.125,0.125,0.25,1.0,0.0,False,,
8914635232222093,learned,1,evaluated,0.0,0.0,1.0,1.0,0.0,0.0,0.0,,,False,,
6128102443285161,learned,0,evaluated,1.0,1.0,1.0,0.5,0.5,0.5,1.0,1.0,0.0,False,,
6128102443285161,learned,0.25,evaluated,0.75,0.75,1.0,0.625,0.375,0.375,0.75,1.0,0.0,False,,
6128102443285161,learned,0.5,evaluated,0.5,0.5,1.0,0.75,0.25,0.25,0.5,1.0,0.0,False,,
6128102443285161,learned,0.75,evaluated,0.25,0.25,1.0,0.8750000000000001,0.125,0.12499999999999989,0.25,1.0,0.0,False,,
6128102443285161,learned,1,evaluated,0.0,0.0,1.0,1.0,0.0,0.0,0.0,,,False,,
5366874339062860,learned,0,evaluated,1.0,1.0,1.0,0.5,0.5,0.5,1.0,1.0,0.0,False,,
5366874339062860,learned,0.25,evaluated,0.75,0.75,1.0,0.625,0.375,0.375,0.75,1.0,0.0,False,,
5366874339062860,learned,0.5,evaluated,0.5,0.5,1.0,0.7499999999999999,0.25,0.2500000000000001,0.5,1.0,0.0,False,,
5366874339062860,learned,0.75,evaluated,0.25,0.25,1.0,0.875,0.125,0.125,0.25,1.0,0.0,False,,
5366874339062860,learned,1,evaluated,0.0,0.0,1.0,1.0,0.0,0.0,0.0,,,False,,
6651376192194871,learned,0,evaluated,1.0,1.0,1.0,0.5,0.5,0.5,1.0,1.0,0.0,False,,
6651376192194871,learned,0.25,evaluated,0.75,0.75,1.0,0.625,0.375,0.375,0.75,1.0,0.0,False,,
6651376192194871,learned,0.5,evaluated,0.5,0.5,1.0,0.75,0.25,0.25,0.5,1.0,0.0,False,,
6651376192194871,learned,0.75,evaluated,0.25,0.25,1.0,0.875,0.125,0.125,0.25,1.0,0.0,False,,
6651376192194871,learned,1,evaluated,0.0,0.0,1.0,1.0,0.0,0.0,0.0,,,False,,
7575052237601924,learned,0,evaluated,1.0,1.0,1.0,0.5,0.5,0.5,1.0,1.0,0.0,False,,
7575052237601924,learned,0.25,evaluated,0.75,0.75,1.0,0.625,0.375,0.375,0.75,1.0,0.0,False,,
7575052237601924,learned,0.5,evaluated,0.5,0.5,1.0,0.7500000000000001,0.25,0.2499999999999999,0.5,1.0,0.0,False,,
7575052237601924,learned,0.75,evaluated,0.25,0.25,1.0,0.8750000000000001,0.125,0.12499999999999989,0.25,1.0,0.0,False,,
7575052237601924,learned,1,evaluated,0.0,0.0,1.0,1.0,0.0,0.0,0.0,,,False,,
6528146329238441,learned,0,evaluated,1.0,1.0,1.0,0.5,0.5,0.5,1.0,1.0,0.0,False,,
6528146329238441,learned,0.25,evaluated,0.75,0.75,1.0,0.625,0.375,0.375,0.75,1.0,0.0,False,,
6528146329238441,learned,0.5,evaluated,0.5,0.5,1.0,0.75,0.25,0.25,0.5,1.0,0.0,False,,
6528146329238441,learned,0.75,evaluated,0.25,0.25,1.0,0.875,0.125,0.125,0.25,1.0,0.0,False,,
6528146329238441,learned,1,evaluated,0.0,0.0,1.0,1.0,0.0,0.0,0.0,,,False,,
8981225325718682,learned,0,evaluated,1.0,1.0,1.0,0.5,0.5,0.5,1.0,1.0,0.0,False,,
8981225325718682,learned,0.25,evaluated,0.75,0.75,1.0,0.625,0.375,0.375,0.75,1.0,0.0,False,,
8981225325718682,learned,0.5,evaluated,0.5,0.5,1.0,0.75,0.25,0.25,0.5,1.0,0.0,False,,
8981225325718682,learned,0.75,evaluated,0.25,0.25,1.0,0.8749999999999999,0.125,0.1250000000000001,0.25,1.0,0.0,False,,
8981225325718682,learned,1,evaluated,0.0,0.0,1.0,1.0,0.0,0.0,0.0,,,False,,
4918016010068010,learned,0,evaluated,1.0,1.0,1.0,0.5,0.5,0.5,1.0,1.0,0.0,False,,
4918016010068010,learned,0.25,evaluated,0.75,0.75,1.0,0.625,0.375,0.375,0.75,1.0,0.0,False,,
4918016010068010,learned,0.5,evaluated,0.5,0.5,1.0,0.75,0.25,0.25,0.5,1.0,0.0,False,,
4918016010068010,learned,0.75,evaluated,0.25,0.25,1.0,0.8750000000000001,0.125,0.12499999999999989,0.25,1.0,0.0,False,,
4918016010068010,learned,1,evaluated,0.0,0.0,1.0,1.0,0.0,0.0,0.0,,,False,,
4712851502488203,learned,0,evaluated,1.0,1.0,1.0,0.5,0.5,0.5,1.0,1.0,0.0,False,,
4712851502488203,learned,0.25,evaluated,0.75,0.75,1.0,0.625,0.375,0.375,0.75,1.0,0.0,False,,
4712851502488203,learned,0.5,evaluated,0.5,0.5,1.0,0.75,0.25,0.25,0.5,1.0,0.0,False,,
4712851502488203,learned,0.75,evaluated,0.25,0.25,1.0,0.875,0.125,0.125,0.25,1.0,0.0,False,,
4712851502488203,learned,1,evaluated,0.0,0.0,1.0,1.0,0.0,0.0,0.0,,,False,,
6184705027385005,learned,0,evaluated,1.0,1.0,1.0,0.5,0.5,0.5,1.0,1.0,0.0,False,,
6184705027385005,learned,0.25,evaluated,0.75,0.75,1.0,0.625,0.375,0.375,0.75,1.0,0.0,False,,
6184705027385005,learned,0.5,evaluated,0.5,0.5,1.0,0.7499999999999999,0.25,0.2500000000000001,0.5,1.0,0.0,False,,
6184705027385005,learned,0.75,evaluated,0.25,0.25,1.0,0.875,0.125,0.125,0.25,1.0,0.0,False,,
6184705027385005,learned,1,evaluated,0.0,0.0,1.0,1.0,0.0,0.0,0.0,,,False,,
8045086457858585,learned,0,evaluated,1.0,1.0,1.0,0.5,0.5,0.5,1.0,1.0,0.0,False,,
8045086457858585,learned,0.25,evaluated,0.75,0.75,1.0,0.625,0.375,0.375,0.75,1.0,0.0,False,,
8045086457858585,learned,0.5,evaluated,0.5,0.5,1.0,0.75,0.25,0.25,0.5,1.0,0.0,False,,
8045086457858585,learned,0.75,evaluated,0.25,0.25,1.0,0.875,0.125,0.125,0.25,1.0,0.0,False,,
8045086457858585,learned,1,evaluated,0.0,0.0,1.0,1.0,0.0,0.0,0.0,,,False,,
8693596012911916,learned,0,evaluated,1.0,1.0,1.0,0.5,0.5,0.5,1.0,1.0,0.0,False,,
8693596012911916,learned,0.25,evaluated,0.75,0.75,1.0,0.625,0.375,0.375,0.75,1.0,0.0,False,,
8693596012911916,learned,0.5,evaluated,0.5,0.5,1.0,0.7499999999999999,0.25,0.2500000000000001,0.5,1.0,0.0,False,,
8693596012911916,learned,0.75,evaluated,0.25,0.25,1.0,0.8750000000000001,0.125,0.12499999999999989,0.25,1.0,0.0,False,,
8693596012911916,learned,1,evaluated,0.0,0.0,1.0,1.0,0.0,0.0,0.0,,,False,,
5091599517038787,learned,0,evaluated,1.0,1.0,1.0,0.5,0.5,0.5,1.0,1.0,0.0,False,,
5091599517038787,learned,0.25,evaluated,0.75,0.75,1.0,0.6250000000000001,0.375,0.3749999999999999,0.75,1.0,0.0,False,,
5091599517038787,learned,0.5,evaluated,0.5,0.5,1.0,0.75,0.25,0.25,0.5,1.0,0.0,False,,
5091599517038787,learned,0.75,evaluated,0.25,0.25,1.0,0.875,0.125,0.125,0.25,1.0,0.0,False,,
5091599517038787,learned,1,evaluated,0.0,0.0,1.0,1.0,0.0,0.0,0.0,,,False,,
6098459643596342,learned,0,evaluated,1.0,1.0,1.0,0.5,0.5,0.5,1.0,1.0,0.0,False,,
6098459643596342,learned,0.25,evaluated,0.75,0.75,1.0,0.6249999999999999,0.375,0.3750000000000001,0.75,1.0,0.0,False,,
6098459643596342,learned,0.5,evaluated,0.5,0.5,1.0,0.7499999999999999,0.25,0.2500000000000001,0.5,1.0,0.0,False,,
6098459643596342,learned,0.75,evaluated,0.25,0.25,1.0,0.8750000000000001,0.125,0.12499999999999989,0.25,1.0,0.0,False,,
6098459643596342,learned,1,evaluated,0.0,0.0,1.0,1.0,0.0,0.0,0.0,,,False,,
6696142462644017,learned,0,evaluated,1.0,1.0,1.0,0.5,0.5,0.5,1.0,1.0,0.0,False,,
6696142462644017,learned,0.25,evaluated,0.75,0.75,1.0,0.625,0.375,0.375,0.75,1.0,0.0,False,,
6696142462644017,learned,0.5,evaluated,0.5,0.5,1.0,0.75,0.25,0.25,0.5,1.0,0.0,False,,
6696142462644017,learned,0.75,evaluated,0.25,0.25,1.0,0.8749999999999999,0.125,0.1250000000000001,0.25,1.0,0.0,False,,
6696142462644017,learned,1,evaluated,0.0,0.0,1.0,1.0,0.0,0.0,0.0,,,False,,
4629627118589389,learned,0,evaluated,1.0,1.0,1.0,0.5,0.5,0.5,1.0,1.0,0.0,False,,
4629627118589389,learned,0.25,evaluated,0.75,0.75,1.0,0.625,0.375,0.375,0.75,1.0,0.0,False,,
4629627118589389,learned,0.5,evaluated,0.5,0.5,1.0,0.75,0.25,0.25,0.5,1.0,0.0,False,,
4629627118589389,learned,0.75,evaluated,0.25,0.25,1.0,0.8749999999999999,0.125,0.1250000000000001,0.25,1.0,0.0,False,,
4629627118589389,learned,1,evaluated,0.0,0.0,1.0,1.0,0.0,0.0,0.0,,,False,,
5824854416582710,learned,0,evaluated,1.0,1.0,1.0,0.5,0.5,0.5,1.0,1.0,0.0,False,,
5824854416582710,learned,0.25,evaluated,0.75,0.75,1.0,0.625,0.375,0.375,0.75,1.0,0.0,False,,
5824854416582710,learned,0.5,evaluated,0.5,0.5,1.0,0.75,0.25,0.25,0.5,1.0,0.0,False,,
5824854416582710,learned,0.75,evaluated,0.25,0.25,1.0,0.875,0.125,0.125,0.25,1.0,0.0,False,,
5824854416582710,learned,1,evaluated,0.0,0.0,1.0,1.0,0.0,0.0,0.0,,,False,,
5917940348557718,learned,0,evaluated,1.0,1.0,1.0,0.5,0.5,0.5,1.0,1.0,0.0,False,,
5917940348557718,learned,0.25,evaluated,0.75,0.75,1.0,0.6250000000000001,0.375,0.3749999999999999,0.75,1.0,0.0,False,,
5917940348557718,learned,0.5,evaluated,0.5,0.5,1.0,0.75,0.25,0.25,0.5,1.0,0.0,False,,
5917940348557718,learned,0.75,evaluated,0.25,0.25,1.0,0.8749999999999999,0.125,0.1250000000000001,0.25,1.0,0.0,False,,
5917940348557718,learned,1,evaluated,0.0,0.0,1.0,1.0,0.0,0.0,0.0,,,False,,
6613754911146823,learned,0,evaluated,1.0,1.0,1.0,0.5,0.5,0.5,1.0,1.0,0.0,False,,
6613754911146823,learned,0.25,evaluated,0.75,0.75,1.0,0.625,0.375,0.375,0.75,1.0,0.0,False,,
6613754911146823,learned,0.5,evaluated,0.5,0.5,1.0,0.75,0.25,0.25,0.5,1.0,0.0,False,,
6613754911146823,learned,0.75,evaluated,0.25,0.25,1.0,0.875,0.125,0.125,0.25,1.0,0.0,False,,
6613754911146823,learned,1,evaluated,0.0,0.0,0.9999999999999998,0.9999999999999998,0.0,0.0,0.0,,,False,,
6124425059368783,learned,0,evaluated,1.0,1.0,1.0,0.5,0.5,0.5,1.0,1.0,0.0,False,,
6124425059368783,learned,0.25,evaluated,0.75,0.75,1.0,0.625,0.375,0.375,0.75,1.0,0.0,False,,
6124425059368783,learned,0.5,evaluated,0.5,0.5,1.0,0.75,0.25,0.25,0.5,1.0,0.0,False,,
6124425059368783,learned,0.75,evaluated,0.25,0.25,1.0,0.8750000000000001,0.125,0.12499999999999989,0.25,1.0,0.0,False,,
6124425059368783,learned,1,evaluated,0.0,0.0,1.0,1.0,0.0,0.0,0.0,,,False,,
7875607243634638,learned,0,evaluated,1.0,1.0,1.0,0.5,0.5,0.5,1.0,1.0,0.0,False,,
7875607243634638,learned,0.25,evaluated,0.75,0.75,1.0,0.625,0.375,0.375,0.75,1.0,0.0,False,,
7875607243634638,learned,0.5,evaluated,0.5,0.5,1.0,0.75,0.25,0.25,0.5,1.0,0.0,False,,
7875607243634638,learned,0.75,evaluated,0.25,0.25,1.0,0.875,0.125,0.125,0.25,1.0,0.0,False,,
7875607243634638,learned,1,evaluated,0.0,0.0,1.0,1.0,0.0,0.0,0.0,,,True,,
4594338425848593,learned,0,evaluated,1.0,1.0,1.0,0.5,0.5,0.5,1.0,1.0,0.0,False,,
4594338425848593,learned,0.25,evaluated,0.75,0.75,1.0,0.625,0.375,0.375,0.75,1.0,0.0,False,,
4594338425848593,learned,0.5,evaluated,0.5,0.5,1.0,0.75,0.25,0.25,0.5,1.0,0.0,False,,
4594338425848593,learned,0.75,evaluated,0.25,0.25,1.0,0.8749999999999999,0.125,0.1250000000000001,0.25,1.0,0.0,False,,
4594338425848593,learned,1,evaluated,0.0,0.0,1.0,1.0,0.0,0.0,0.0,,,False,,
7469180851094856,learned,0,evaluated,1.0,1.0,1.0,0.5,0.5,0.5,1.0,1.0,0.0,False,,
7469180851094856,learned,0.25,evaluated,0.75,0.75,1.0,0.625,0.375,0.375,0.75,1.0,0.0,False,,
7469180851094856,learned,0.5,evaluated,0.5,0.5,1.0,0.7499999999999999,0.25,0.2500000000000001,0.5,1.0,0.0,False,,
7469180851094856,learned,0.75,evaluated,0.25,0.25,1.0,0.875,0.125,0.125,0.25,1.0,0.0,False,,
7469180851094856,learned,1,evaluated,0.0,0.0,1.0,1.0,0.0,0.0,0.0,,,True,,
7535078614042505,learned,0,evaluated,1.0,1.0,1.0,0.5,0.5,0.5,1.0,1.0,0.0,False,,
7535078614042505,learned,0.25,evaluated,0.75,0.75,1.0,0.625,0.375,0.375,0.75,1.0,0.0,False,,
7535078614042505,learned,0.5,evaluated,0.5,0.5,1.0,0.75,0.25,0.25,0.5,1.0,0.0,False,,
7535078614042505,learned,0.75,evaluated,0.25,0.25,1.0,0.8750000000000001,0.125,0.12499999999999989,0.25,1.0,0.0,False,,
7535078614042505,learned,1,evaluated,0.0,0.0,1.0,1.0,0.0,0.0,0.0,,,False,,
6314225794604677,learned,0,evaluated,1.0,1.0,1.0,0.5,0.5,0.5,1.0,1.0,0.0,False,,
6314225794604677,learned,0.25,evaluated,0.75,0.75,1.0,0.6250000000000001,0.375,0.3749999999999999,0.75,1.0,0.0,False,,
6314225794604677,learned,0.5,evaluated,0.5,0.5,1.0,0.75,0.25,0.25,0.5,1.0,0.0,False,,
6314225794604677,learned,0.75,evaluated,0.25,0.25,1.0,0.8749999999999999,0.125,0.1250000000000001,0.25,1.0,0.0,False,,
6314225794604677,learned,1,evaluated,0.0,0.0,1.0,1.0,0.0,0.0,0.0,,,False,,
8196230303617103,learned,0,evaluated,1.0,1.0,1.0,0.5,0.5,0.5,1.0,1.0,0.0,False,,
8196230303617103,learned,0.25,evaluated,0.75,0.75,1.0,0.625,0.375,0.375,0.75,1.0,0.0,False,,
8196230303617103,learned,0.5,evaluated,0.5,0.5,1.0,0.75,0.25,0.25,0.5,1.0,0.0,False,,
8196230303617103,learned,0.75,evaluated,0.25,0.25,1.0,0.875,0.125,0.125,0.25,1.0,0.0,False,,
8196230303617103,learned,1,evaluated,0.0,0.0,1.0,1.0,0.0,0.0,0.0,,,False,,
7310360112239757,learned,0,evaluated,1.0,1.0,1.0,0.5,0.5,0.5,1.0,1.0,0.0,False,,
7310360112239757,learned,0.25,evaluated,0.75,0.75,1.0,0.625,0.375,0.375,0.75,1.0,0.0,False,,
7310360112239757,learned,0.5,evaluated,0.5,0.5,1.0,0.75,0.25,0.25,0.5,1.0,0.0,False,,
7310360112239757,learned,0.75,evaluated,0.25,0.25,1.0,0.8749999999999999,0.125,0.1250000000000001,0.25,1.0,0.0,False,,
7310360112239757,learned,1,evaluated,0.0,0.0,1.0,1.0,0.0,0.0,0.0,,,False,,
4791724329847319,learned,0,evaluated,1.0,1.0,1.0,0.5,0.5,0.5,1.0,1.0,0.0,False,,
4791724329847319,learned,0.25,evaluated,0.75,0.75,1.0,0.625,0.375,0.375,0.75,1.0,0.0,False,,
4791724329847319,learned,0.5,evaluated,0.5,0.5,1.0,0.75,0.25,0.25,0.5,1.0,0.0,False,,
4791724329847319,learned,0.75,evaluated,0.25,0.25,1.0,0.875,0.125,0.125,0.25,1.0,0.0,False,,
4791724329847319,learned,1,evaluated,0.0,0.0,1.0,1.0,0.0,0.0,0.0,,,False,,
7877723381095828,learned,0,evaluated,1.0,1.0,1.0,0.5,0.5,0.5,1.0,1.0,0.0,False,,
7877723381095828,learned,0.25,evaluated,0.75,0.75,1.0,0.6250000000000001,0.375,0.3749999999999999,0.75,1.0,0.0,False,,
7877723381095828,learned,0.5,evaluated,0.5,0.5,1.0,0.7500000000000001,0.25,0.2499999999999999,0.5,1.0,0.0,False,,
7877723381095828,learned,0.75,evaluated,0.25,0.25,1.0,0.875,0.125,0.125,0.25,1.0,0.0,False,,
7877723381095828,learned,1,evaluated,0.0,0.0,1.0,1.0,0.0,0.0,0.0,,,False,,
8214037411905940,learned,0,evaluated,1.0,1.0,1.0,0.5,0.5,0.5,1.0,1.0,0.0,False,,
8214037411905940,learned,0.25,evaluated,0.75,0.75,1.0,0.625,0.375,0.375,0.75,1.0,0.0,False,,
8214037411905940,learned,0.5,evaluated,0.5,0.5,1.0,0.7499999999999999,0.25,0.2500000000000001,0.5,1.0,0.0,False,,
8214037411905940,learned,0.75,evaluated,0.25,0.25,1.0,0.875,0.125,0.125,0.25,1.0,0.0,False,,
8214037411905940,learned,1,evaluated,0.0,0.0,1.0,1.0,0.0,0.0,0.0,,,False,,
5025403984679708,learned,0,evaluated,1.0,1.0,1.0,0.5,0.5,0.5,1.0,1.0,0.0,False,,
5025403984679708,learned,0.25,evaluated,0.75,0.75,1.0,0.625,0.375,0.375,0.75,1.0,0.0,False,,
5025403984679708,learned,0.5,evaluated,0.5,0.5,1.0,0.75,0.25,0.25,0.5,1.0,0.0,False,,
5025403984679708,learned,0.75,evaluated,0.25,0.25,1.0,0.8749999999999999,0.125,0.1250000000000001,0.25,1.0,0.0,False,,
5025403984679708,learned,1,evaluated,0.0,0.0,1.0,1.0,0.0,0.0,0.0,,,False,,
5235678119041157,learned,0,evaluated,1.0,1.0,1.0,0.5,0.5,0.5,1.0,1.0,0.0,False,,
5235678119041157,learned,0.25,evaluated,0.75,0.75,1.0,0.625,0.375,0.375,0.75,1.0,0.0,False,,
5235678119041157,learned,0.5,evaluated,0.5,0.5,1.0,0.7499999999999999,0.25,0.2500000000000001,0.5,1.0,0.0,False,,
5235678119041157,learned,0.75,evaluated,0.25,0.25,1.0,0.875,0.125,0.125,0.25,1.0,0.0,False,,
5235678119041157,learned,1,evaluated,0.0,0.0,1.0,1.0,0.0,0.0,0.0,,,False,,
8225999108192853,learned,0,evaluated,1.0,1.0,1.0,0.5,0.5,0.5,1.0,1.0,0.0,False,,
8225999108192853,learned,0.25,evaluated,0.75,0.75,1.0,0.6249999999999999,0.375,0.3750000000000001,0.75,1.0,0.0,False,,
8225999108192853,learned,0.5,evaluated,0.5,0.5,1.0,0.75,0.25,0.25,0.5,1.0,0.0,False,,
8225999108192853,learned,0.75,evaluated,0.25,0.25,1.0,0.8749999999999999,0.125,0.1250000000000001,0.25,1.0,0.0,False,,
8225999108192853,learned,1,evaluated,0.0,0.0,1.0,1.0,0.0,0.0,0.0,,,False,,
6667315998835931,learned,0,evaluated,1.0,1.0,1.0,0.5,0.5,0.5,1.0,1.0,0.0,False,,
6667315998835931,learned,0.25,evaluated,0.75,0.75,1.0,0.625,0.375,0.375,0.75,1.0,0.0,False,,
6667315998835931,learned,0.5,evaluated,0.5,0.5,1.0,0.75,0.25,0.25,0.5,1.0,0.0,False,,
6667315998835931,learned,0.75,evaluated,0.25,0.25,1.0,0.875,0.125,0.125,0.25,1.0,0.0,False,,
6667315998835931,learned,1,evaluated,0.0,0.0,1.0,1.0,0.0,0.0,0.0,,,False,,
5237288132460382,learned,0,evaluated,1.0,1.0,1.0,0.5,0.5,0.5,1.0,1.0,0.0,False,,
5237288132460382,learned,0.25,evaluated,0.75,0.75,1.0,0.625,0.375,0.375,0.75,1.0,0.0,False,,
5237288132460382,learned,0.5,evaluated,0.5,0.5,1.0,0.7499999999999999,0.25,0.2500000000000001,0.5,1.0,0.0,False,,
5237288132460382,learned,0.75,evaluated,0.25,0.25,1.0,0.8749999999999999,0.125,0.1250000000000001,0.25,1.0,0.0,False,,
5237288132460382,learned,1,evaluated,0.0,0.0,1.0,1.0,0.0,0.0,0.0,,,True,,
5614019080642791,learned,0,evaluated,1.0,1.0,1.0,0.5,0.5,0.5,1.0,1.0,0.0,False,,
5614019080642791,learned,0.25,evaluated,0.75,0.75,1.0,0.625,0.375,0.375,0.75,1.0,0.0,False,,
5614019080642791,learned,0.5,evaluated,0.5,0.5,1.0,0.7499999999999999,0.25,0.2500000000000001,0.5,1.0,0.0,False,,
5614019080642791,learned,0.75,evaluated,0.25,0.25,1.0,0.8750000000000001,0.125,0.12499999999999989,0.25,1.0,0.0,False,,
5614019080642791,learned,1,evaluated,0.0,0.0,1.0,1.0,0.0,0.0,0.0,,,False,,
4934384933071958,learned,0,evaluated,1.0,1.0,1.0,0.5,0.5,0.5,1.0,1.0,0.0,False,,
4934384933071958,learned,0.25,evaluated,0.75,0.75,1.0,0.625,0.375,0.375,0.75,1.0,0.0,False,,
4934384933071958,learned,0.5,evaluated,0.5,0.5,1.0,0.7499999999999999,0.25,0.2500000000000001,0.5,1.0,0.0,False,,
4934384933071958,learned,0.75,evaluated,0.25,0.25,1.0,0.875,0.125,0.125,0.25,1.0,0.0,False,,
4934384933071958,learned,1,evaluated,0.0,0.0,1.0,1.0,0.0,0.0,0.0,,,True,,
4790840323324970,learned,0,evaluated,1.0,1.0,1.0,0.5,0.5,0.5,1.0,1.0,0.0,False,,
4790840323324970,learned,0.25,evaluated,0.75,0.75,1.0,0.625,0.375,0.375,0.75,1.0,0.0,False,,
4790840323324970,learned,0.5,evaluated,0.5,0.5,1.0,0.75,0.25,0.25,0.5,1.0,0.0,False,,
4790840323324970,learned,0.75,evaluated,0.25,0.25,1.0,0.875,0.125,0.125,0.25,1.0,0.0,False,,
4790840323324970,learned,1,evaluated,0.0,0.0,1.0,1.0,0.0,0.0,0.0,,,False,,
8562323083606038,learned,0,evaluated,1.0,1.0,1.0,0.5,0.5,0.5,1.0,1.0,0.0,False,,
8562323083606038,learned,0.25,evaluated,0.75,0.75,1.0,0.625,0.375,0.375,0.75,1.0,0.0,False,,
8562323083606038,learned,0.5,evaluated,0.5,0.5,1.0,0.7500000000000001,0.25,0.2499999999999999,0.5,1.0,0.0,False,,
8562323083606038,learned,0.75,evaluated,0.25,0.25,1.0,0.8750000000000001,0.125,0.12499999999999989,0.25,1.0,0.0,False,,
8562323083606038,learned,1,evaluated,0.0,0.0,1.0,1.0,0.0,0.0,0.0,,,True,,
6875954861080751,learned,0,evaluated,1.0,1.0,1.0,0.5,0.5,0.5,1.0,1.0,0.0,False,,
6875954861080751,learned,0.25,evaluated,0.75,0.75,1.0,0.625,0.375,0.375,0.75,1.0,0.0,False,,
6875954861080751,learned,0.5,evaluated,0.5,0.5,1.0,0.75,0.25,0.25,0.5,1.0,0.0,False,,
6875954861080751,learned,0.75,evaluated,0.25,0.25,1.0,0.8749999999999999,0.125,0.1250000000000001,0.25,1.0,0.0,False,,
6875954861080751,learned,1,evaluated,0.0,0.0,1.0,1.0,0.0,0.0,0.0,,,False,,
6420239234672243,learned,0,evaluated,1.0,1.0,1.0,0.5,0.5,0.5,1.0,1.0,0.0,False,,
6420239234672243,learned,0.25,evaluated,0.75,0.75,1.0,0.625,0.375,0.375,0.75,1.0,0.0,False,,
6420239234672243,learned,0.5,evaluated,0.5,0.5,1.0,0.75,0.25,0.25,0.5,1.0,0.0,False,,
6420239234672243,learned,0.75,evaluated,0.25,0.25,1.0,0.875,0.125,0.125,0.25,1.0,0.0,False,,
6420239234672243,learned,1,evaluated,0.0,0.0,1.0,1.0,0.0,0.0,0.0,,,False,,
6353591651743977,learned,0,evaluated,1.0,1.0,1.0,0.5,0.5,0.5,1.0,1.0,0.0,False,,
6353591651743977,learned,0.25,evaluated,0.75,0.75,1.0,0.625,0.375,0.375,0.75,1.0,0.0,False,,
6353591651743977,learned,0.5,evaluated,0.5,0.5,1.0,0.75,0.25,0.25,0.5,1.0,0.0,False,,
6353591651743977,learned,0.75,evaluated,0.25,0.25,1.0,0.8750000000000001,0.125,0.12499999999999989,0.25,1.0,0.0,False,,
6353591651743977,learned,1,evaluated,0.0,0.0,1.0,1.0,0.0,0.0,0.0,,,False,,
4818320969196558,learned,0,evaluated,1.0,1.0,1.0,0.5,0.5,0.5,1.0,1.0,0.0,False,,
4818320969196558,learned,0.25,evaluated,0.75,0.75,1.0,0.625,0.375,0.375,0.75,1.0,0.0,False,,
4818320969196558,learned,0.5,evaluated,0.5,0.5,1.0,0.75,0.25,0.25,0.5,1.0,0.0,False,,
4818320969196558,learned,0.75,evaluated,0.25,0.25,1.0,0.8750000000000001,0.125,0.12499999999999989,0.25,1.0,0.0,False,,
4818320969196558,learned,1,evaluated,0.0,0.0,1.0,1.0,0.0,0.0,0.0,,,False,,
7606915053474295,learned,0,evaluated,1.0,1.0,1.0,0.5,0.5,0.5,1.0,1.0,0.0,False,,
7606915053474295,learned,0.25,evaluated,0.75,0.75,1.0,0.625,0.375,0.375,0.75,1.0,0.0,False,,
7606915053474295,learned,0.5,evaluated,0.5,0.5,1.0,0.7500000000000001,0.25,0.2499999999999999,0.5,1.0,0.0,False,,
7606915053474295,learned,0.75,evaluated,0.25,0.25,1.0,0.875,0.125,0.125,0.25,1.0,0.0,False,,
7606915053474295,learned,1,evaluated,0.0,0.0,1.0,1.0,0.0,0.0,0.0,,,False,,
5142173618644287,learned,0,evaluated,1.0,1.0,1.0,0.5,0.5,0.5,1.0,1.0,0.0,False,,
5142173618644287,learned,0.25,evaluated,0.75,0.75,1.0,0.625,0.375,0.375,0.75,1.0,0.0,False,,
5142173618644287,learned,0.5,evaluated,0.5,0.5,1.0,0.75,0.25,0.25,0.5,1.0,0.0,False,,
5142173618644287,learned,0.75,evaluated,0.25,0.25,1.0,0.8749999999999999,0.125,0.1250000000000001,0.25,1.0,0.0,False,,
5142173618644287,learned,1,evaluated,0.0,0.0,1.0,1.0,0.0,0.0,0.0,,,False,,
6884596317159359,learned,0,evaluated,1.0,1.0,1.0,0.5,0.5,0.5,1.0,1.0,0.0,False,,
6884596317159359,learned,0.25,evaluated,0.75,0.75,1.0,0.6249999999999999,0.375,0.3750000000000001,0.75,1.0,0.0,False,,
6884596317159359,learned,0.5,evaluated,0.5,0.5,1.0,0.75,0.25,0.25,0.5,1.0,0.0,False,,
6884596317159359,learned,0.75,evaluated,0.25,0.25,1.0,0.8749999999999999,0.125,0.1250000000000001,0.25,1.0,0.0,False,,
6884596317159359,learned,1,evaluated,0.0,0.0,1.0,1.0,0.0,0.0,0.0,,,False,,
6270304174084236,learned,0,evaluated,1.0,1.0,1.0,0.5,0.5,0.5,1.0,1.0,0.0,False,,
6270304174084236,learned,0.25,evaluated,0.75,0.75,1.0,0.625,0.375,0.375,0.75,1.0,0.0,False,,
6270304174084236,learned,0.5,evaluated,0.5,0.5,1.0,0.7500000000000001,0.25,0.2499999999999999,0.5,1.0,0.0,False,,
6270304174084236,learned,0.75,evaluated,0.25,0.25,1.0,0.875,0.125,0.125,0.25,1.0,0.0,False,,
6270304174084236,learned,1,evaluated,0.0,0.0,1.0,1.0,0.0,0.0,0.0,,,False,,
7481451381440495,learned,0,evaluated,1.0,1.0,1.0,0.5,0.5,0.5,1.0,1.0,0.0,False,,
7481451381440495,learned,0.25,evaluated,0.75,0.75,1.0,0.625,0.375,0.375,0.75,1.0,0.0,False,,
7481451381440495,learned,0.5,evaluated,0.5,0.5,1.0,0.7499999999999999,0.25,0.2500000000000001,0.5,1.0,0.0,False,,
7481451381440495,learned,0.75,evaluated,0.25,0.25,1.0,0.8749999999999999,0.125,0.1250000000000001,0.25,1.0,0.0,False,,
7481451381440495,learned,1,evaluated,0.0,0.0,1.0,1.0,0.0,0.0,0.0,,,True,,
8452055675080983,learned,0,evaluated,1.0,1.0,1.0,0.5,0.5,0.5,1.0,1.0,0.0,False,,
8452055675080983,learned,0.25,evaluated,0.75,0.75,1.0,0.625,0.375,0.375,0.75,1.0,0.0,False,,
8452055675080983,learned,0.5,evaluated,0.5,0.5,1.0,0.75,0.25,0.25,0.5,1.0,0.0,False,,
8452055675080983,learned,0.75,evaluated,0.25,0.25,1.0,0.875,0.125,0.125,0.25,1.0,0.0,False,,
8452055675080983,learned,1,evaluated,0.0,0.0,1.0,1.0,0.0,0.0,0.0,,,False,,
6964425690145252,learned,0,evaluated,1.0,1.0,1.0,0.5,0.5,0.5,1.0,1.0,0.0,False,,
6964425690145252,learned,0.25,evaluated,0.75,0.75,1.0,0.625,0.375,0.375,0.75,1.0,0.0,False,,
6964425690145252,learned,0.5,evaluated,0.5,0.5,1.0,0.75,0.25,0.25,0.5,1.0,0.0,False,,
6964425690145252,learned,0.75,evaluated,0.25,0.25,1.0,0.8749999999999999,0.125,0.1250000000000001,0.25,1.0,0.0,False,,
6964425690145252,learned,1,evaluated,0.0,0.0,1.0,1.0,0.0,0.0,0.0,,,False,,
5750132055120275,learned,0,evaluated,1.0,1.0,1.0,0.5,0.5,0.5,1.0,1.0,0.0,False,,
5750132055120275,learned,0.25,evaluated,0.75,0.75,1.0,0.625,0.375,0.375,0.75,1.0,0.0,False,,
5750132055120275,learned,0.5,evaluated,0.5,0.5,1.0,0.7499999999999999,0.25,0.2500000000000001,0.5,1.0,0.0,False,,
5750132055120275,learned,0.75,evaluated,0.25,0.25,1.0,0.8750000000000001,0.125,0.12499999999999989,0.25,1.0,0.0,False,,
5750132055120275,learned,1,evaluated,0.0,0.0,1.0000000000000002,1.0000000000000002,0.0,0.0,0.0,,,False,,
6333791567046995,learned,0,evaluated,1.0,1.0,1.0,0.5,0.5,0.5,1.0,1.0,0.0,False,,
6333791567046995,learned,0.25,evaluated,0.75,0.75,1.0,0.625,0.375,0.375,0.75,1.0,0.0,False,,
6333791567046995,learned,0.5,evaluated,0.5,0.5,1.0,0.7500000000000001,0.25,0.2499999999999999,0.5,1.0,0.0,False,,
6333791567046995,learned,0.75,evaluated,0.25,0.25,1.0,0.8749999999999999,0.125,0.1250000000000001,0.25,1.0,0.0,False,,
6333791567046995,learned,1,evaluated,0.0,0.0,1.0,1.0,0.0,0.0,0.0,,,False,,
7641433606823482,learned,0,evaluated,1.0,1.0,1.0,0.5,0.5,0.5,1.0,1.0,0.0,False,,
7641433606823482,learned,0.25,evaluated,0.75,0.75,1.0,0.625,0.375,0.375,0.75,1.0,0.0,False,,
7641433606823482,learned,0.5,evaluated,0.5,0.5,1.0,0.75,0.25,0.25,0.5,1.0,0.0,False,,
7641433606823482,learned,0.75,evaluated,0.25,0.25,1.0,0.875,0.125,0.125,0.25,1.0,0.0,False,,
7641433606823482,learned,1,evaluated,0.0,0.0,0.9999999999999998,0.9999999999999998,0.0,0.0,0.0,,,False,,
4698310190310158,learned,0,evaluated,1.0,1.0,1.0,0.5,0.5,0.5,1.0,1.0,0.0,False,,
4698310190310158,learned,0.25,evaluated,0.75,0.75,1.0,0.625,0.375,0.375,0.75,1.0,0.0,False,,
4698310190310158,learned,0.5,evaluated,0.5,0.5,1.0,0.75,0.25,0.25,0.5,1.0,0.0,False,,
4698310190310158,learned,0.75,evaluated,0.25,0.25,1.0,0.875,0.125,0.125,0.25,1.0,0.0,False,,
4698310190310158,learned,1,evaluated,0.0,0.0,1.0,1.0,0.0,0.0,0.0,,,False,,
7094412891744514,learned,0,evaluated,1.0,1.0,1.0,0.5,0.5,0.5,1.0,1.0,0.0,False,,
7094412891744514,learned,0.25,evaluated,0.75,0.75,1.0,0.625,0.375,0.375,0.75,1.0,0.0,False,,
7094412891744514,learned,0.5,evaluated,0.5,0.5,1.0,0.75,0.25,0.25,0.5,1.0,0.0,False,,
7094412891744514,learned,0.75,evaluated,0.25,0.25,1.0,0.8750000000000001,0.125,0.12499999999999989,0.25,1.0,0.0,False,,
7094412891744514,learned,1,evaluated,0.0,0.0,1.0,1.0,0.0,0.0,0.0,,,True,,
7860141675666047,learned,0,evaluated,1.0,1.0,1.0,0.5,0.5,0.5,1.0,1.0,0.0,False,,
7860141675666047,learned,0.25,evaluated,0.75,0.75,1.0,0.625,0.375,0.375,0.75,1.0,0.0,False,,
7860141675666047,learned,0.5,evaluated,0.5,0.5,1.0,0.75,0.25,0.25,0.5,1.0,0.0,False,,
7860141675666047,learned,0.75,evaluated,0.25,0.25,1.0,0.875,0.125,0.125,0.25,1.0,0.0,False,,
7860141675666047,learned,1,evaluated,0.0,0.0,1.0,1.0,0.0,0.0,0.0,,,False,,
6772378719318241,learned,0,evaluated,1.0,1.0,1.0,0.5,0.5,0.5,1.0,1.0,0.0,False,,
6772378719318241,learned,0.25,evaluated,0.75,0.75,1.0,0.625,0.375,0.375,0.75,1.0,0.0,False,,
6772378719318241,learned,0.5,evaluated,0.5,0.5,1.0,0.75,0.25,0.25,0.5,1.0,0.0,False,,
6772378719318241,learned,0.75,evaluated,0.25,0.25,1.0,0.8749999999999999,0.125,0.1250000000000001,0.25,1.0,0.0,False,,
6772378719318241,learned,1,evaluated,0.0,0.0,1.0,1.0,0.0,0.0,0.0,,,False,,
8768594457502673,learned,0,evaluated,1.0,1.0,1.0,0.5,0.5,0.5,1.0,1.0,0.0,False,,
8768594457502673,learned,0.25,evaluated,0.75,0.75,1.0,0.625,0.375,0.375,0.75,1.0,0.0,False,,
8768594457502673,learned,0.5,evaluated,0.5,0.5,1.0,0.75,0.25,0.25,0.5,1.0,0.0,False,,
8768594457502673,learned,0.75,evaluated,0.25,0.25,1.0,0.875,0.125,0.125,0.25,1.0,0.0,False,,
8768594457502673,learned,1,evaluated,0.0,0.0,1.0,1.0,0.0,0.0,0.0,,,False,,
5692464517576902,learned,0,evaluated,1.0,1.0,1.0,0.5,0.5,0.5,1.0,1.0,0.0,False,,
5692464517576902,learned,0.25,evaluated,0.75,0.75,1.0,0.6249999999999999,0.375,0.3750000000000001,0.75,1.0,0.0,False,,
5692464517576902,learned,0.5,evaluated,0.5,0.5,1.0,0.75,0.25,0.25,0.5,1.0,0.0,False,,
5692464517576902,learned,0.75,evaluated,0.25,0.25,1.0,0.875,0.125,0.125,0.25,1.0,0.0,False,,
5692464517576902,learned,1,evaluated,0.0,0.0,1.0,1.0,0.0,0.0,0.0,,,False,,
7159977888392605,learned,0,evaluated,1.0,1.0,1.0,0.5,0.5,0.5,1.0,1.0,0.0,False,,
7159977888392605,learned,0.25,evaluated,0.75,0.75,1.0,0.6250000000000001,0.375,0.3749999999999999,0.75,1.0,0.0,False,,
7159977888392605,learned,0.5,evaluated,0.5,0.5,1.0,0.75,0.25,0.25,0.5,1.0,0.0,False,,
7159977888392605,learned,0.75,evaluated,0.25,0.25,1.0,0.8749999999999999,0.125,0.1250000000000001,0.25,1.0,0.0,False,,
7159977888392605,learned,1,evaluated,0.0,0.0,1.0,1.0,0.0,0.0,0.0,,,False,,
7991443594238758,learned,0,evaluated,1.0,1.0,1.0,0.5,0.5,0.5,1.0,1.0,0.0,False,,
7991443594238758,learned,0.25,evaluated,0.75,0.75,1.0,0.625,0.375,0.375,0.75,1.0,0.0,False,,
7991443594238758,learned,0.5,evaluated,0.5,0.5,1.0,0.75,0.25,0.25,0.5,1.0,0.0,False,,
7991443594238758,learned,0.75,evaluated,0.25,0.25,1.0,0.8749999999999999,0.125,0.1250000000000001,0.25,1.0,0.0,False,,
7991443594238758,learned,1,evaluated,0.0,0.0,1.0,1.0,0.0,0.0,0.0,,,False,,
6520411146449079,learned,0,evaluated,1.0,1.0,1.0,0.5,0.5,0.5,1.0,1.0,0.0,False,,
6520411146449079,learned,0.25,evaluated,0.75,0.75,1.0,0.625,0.375,0.375,0.75,1.0,0.0,False,,
6520411146449079,learned,0.5,evaluated,0.5,0.5,1.0,0.75,0.25,0.25,0.5,1.0,0.0,False,,
6520411146449079,learned,0.75,evaluated,0.25,0.25,1.0,0.875,0.125,0.125,0.25,1.0,0.0,False,,
6520411146449079,learned,1,evaluated,0.0,0.0,1.0,1.0,0.0,0.0,0.0,,,False,,
8217813976253901,learned,0,evaluated,1.0,1.0,1.0,0.5,0.5,0.5,1.0,1.0,0.0,False,,
8217813976253901,learned,0.25,evaluated,0.75,0.75,1.0,0.625,0.375,0.375,0.75,1.0,0.0,False,,
8217813976253901,learned,0.5,evaluated,0.5,0.5,1.0,0.7500000000000001,0.25,0.2499999999999999,0.5,1.0,0.0,False,,
8217813976253901,learned,0.75,evaluated,0.25,0.25,1.0,0.875,0.125,0.125,0.25,1.0,0.0,False,,
8217813976253901,learned,1,evaluated,0.0,0.0,1.0,1.0,0.0,0.0,0.0,,,True,,
5414212147330063,learned,0,evaluated,1.0,1.0,1.0,0.5,0.5,0.5,1.0,1.0,0.0,False,,
5414212147330063,learned,0.25,evaluated,0.75,0.75,1.0,0.625,0.375,0.375,0.75,1.0,0.0,False,,
5414212147330063,learned,0.5,evaluated,0.5,0.5,1.0,0.75,0.25,0.25,0.5,1.0,0.0,False,,
5414212147330063,learned,0.75,evaluated,0.25,0.25,1.0,0.875,0.125,0.125,0.25,1.0,0.0,False,,
5414212147330063,learned,1,evaluated,0.0,0.0,1.0,1.0,0.0,0.0,0.0,,,False,,
5848428021678382,learned,0,evaluated,1.0,1.0,1.0,0.5,0.5,0.5,1.0,1.0,0.0,False,,
5848428021678382,learned,0.25,evaluated,0.75,0.75,1.0,0.625,0.375,0.375,0.75,1.0,0.0,False,,
5848428021678382,learned,0.5,evaluated,0.5,0.5,1.0,0.75,0.25,0.25,0.5,1.0,0.0,False,,
5848428021678382,learned,0.75,evaluated,0.25,0.25,1.0,0.875,0.125,0.125,0.25,1.0,0.0,False,,
5848428021678382,learned,1,evaluated,0.0,0.0,1.0,1.0,0.0,0.0,0.0,,,False,,
5943619528915862,learned,0,evaluated,1.0,1.0,1.0,0.5,0.5,0.5,1.0,1.0,0.0,False,,
5943619528915862,learned,0.25,evaluated,0.75,0.75,1.0,0.625,0.375,0.375,0.75,1.0,0.0,False,,
5943619528915862,learned,0.5,evaluated,0.5,0.5,1.0,0.7500000000000001,0.25,0.2499999999999999,0.5,1.0,0.0,False,,
5943619528915862,learned,0.75,evaluated,0.25,0.25,1.0,0.8749999999999999,0.125,0.1250000000000001,0.25,1.0,0.0,False,,
5943619528915862,learned,1,evaluated,0.0,0.0,1.0,1.0,0.0,0.0,0.0,,,False,,
6481769790158853,learned,0,evaluated,1.0,1.0,1.0,0.5,0.5,0.5,1.0,1.0,0.0,False,,
6481769790158853,learned,0.25,evaluated,0.75,0.75,1.0,0.625,0.375,0.375,0.75,1.0,0.0,False,,
6481769790158853,learned,0.5,evaluated,0.5,0.5,1.0,0.7499999999999999,0.25,0.2500000000000001,0.5,1.0,0.0,False,,
6481769790158853,learned,0.75,evaluated,0.25,0.25,1.0,0.8750000000000001,0.125,0.12499999999999989,0.25,1.0,0.0,False,,
6481769790158853,learned,1,evaluated,0.0,0.0,1.0,1.0,0.0,0.0,0.0,,,False,,
6387549873733718,learned,0,evaluated,1.0,1.0,1.0,0.5,0.5,0.5,1.0,1.0,0.0,False,,
6387549873733718,learned,0.25,evaluated,0.75,0.75,1.0,0.6249999999999999,0.375,0.3750000000000001,0.75,1.0,0.0,False,,
6387549873733718,learned,0.5,evaluated,0.5,0.5,1.0,0.75,0.25,0.25,0.5,1.0,0.0,False,,
6387549873733718,learned,0.75,evaluated,0.25,0.25,1.0,0.875,0.125,0.125,0.25,1.0,0.0,False,,
6387549873733718,learned,1,evaluated,0.0,0.0,1.0,1.0,0.0,0.0,0.0,,,False,,
5673474216335170,learned,0,evaluated,1.0,1.0,1.0,0.5,0.5,0.5,1.0,1.0,0.0,False,,
5673474216335170,learned,0.25,evaluated,0.75,0.75,1.0,0.625,0.375,0.375,0.75,1.0,0.0,False,,
5673474216335170,learned,0.5,evaluated,0.5,0.5,1.0,0.75,0.25,0.25,0.5,1.0,0.0,False,,
5673474216335170,learned,0.75,evaluated,0.25,0.25,1.0,0.875,0.125,0.125,0.25,1.0,0.0,False,,
5673474216335170,learned,1,evaluated,0.0,0.0,1.0,1.0,0.0,0.0,0.0,,,False,,
7629253261357608,learned,0,evaluated,1.0,1.0,1.0,0.5,0.5,0.5,1.0,1.0,0.0,False,,
7629253261357608,learned,0.25,evaluated,0.75,0.75,1.0,0.6249999999999999,0.375,0.3750000000000001,0.75,1.0,0.0,False,,
7629253261357608,learned,0.5,evaluated,0.5,0.5,1.0,0.75,0.25,0.25,0.5,1.0,0.0,False,,
7629253261357608,learned,0.75,evaluated,0.25,0.25,1.0,0.8750000000000001,0.125,0.12499999999999989,0.25,1.0,0.0,False,,
7629253261357608,learned,1,evaluated,0.0,0.0,1.0,1.0,0.0,0.0,0.0,,,False,,
6655473910103985,learned,0,evaluated,1.0,1.0,1.0,0.5,0.5,0.5,1.0,1.0,0.0,False,,
6655473910103985,learned,0.25,evaluated,0.75,0.75,1.0,0.625,0.375,0.375,0.75,1.0,0.0,False,,
6655473910103985,learned,0.5,evaluated,0.5,0.5,1.0,0.7500000000000001,0.25,0.2499999999999999,0.5,1.0,0.0,False,,
6655473910103985,learned,0.75,evaluated,0.25,0.25,1.0,0.8749999999999999,0.125,0.1250000000000001,0.25,1.0,0.0,False,,
6655473910103985,learned,1,evaluated,0.0,0.0,1.0,1.0,0.0,0.0,0.0,,,False,,
5520618229191877,learned,0,evaluated,1.0,1.0,1.0,0.5,0.5,0.5,1.0,1.0,0.0,False,,
5520618229191877,learned,0.25,evaluated,0.75,0.75,1.0,0.625,0.375,0.375,0.75,1.0,0.0,False,,
5520618229191877,learned,0.5,evaluated,0.5,0.5,1.0,0.7500000000000001,0.25,0.2499999999999999,0.5,1.0,0.0,False,,
5520618229191877,learned,0.75,evaluated,0.25,0.25,1.0,0.8749999999999999,0.125,0.1250000000000001,0.25,1.0,0.0,False,,
5520618229191877,learned,1,evaluated,0.0,0.0,1.0,1.0,0.0,0.0,0.0,,,True,,
4694475426462073,learned,0,evaluated,1.0,1.0,1.0,0.5,0.5,0.5,1.0,1.0,0.0,False,,
4694475426462073,learned,0.25,evaluated,0.75,0.75,1.0,0.625,0.375,0.375,0.75,1.0,0.0,False,,
4694475426462073,learned,0.5,evaluated,0.5,0.5,1.0,0.7500000000000001,0.25,0.2499999999999999,0.5,1.0,0.0,False,,
4694475426462073,learned,0.75,evaluated,0.25,0.25,1.0,0.8749999999999999,0.125,0.1250000000000001,0.25,1.0,0.0,False,,
4694475426462073,learned,1,evaluated,0.0,0.0,1.0,1.0,0.0,0.0,0.0,,,False,,
6110420089429457,learned,0,evaluated,1.0,1.0,1.0,0.5,0.5,0.5,1.0,1.0,0.0,False,,
6110420089429457,learned,0.25,evaluated,0.75,0.75,1.0,0.625,0.375,0.375,0.75,1.0,0.0,False,,
6110420089429457,learned,0.5,evaluated,0.5,0.5,1.0,0.75,0.25,0.25,0.5,1.0,0.0,False,,
6110420089429457,learned,0.75,evaluated,0.25,0.25,1.0,0.875,0.125,0.125,0.25,1.0,0.0,False,,
6110420089429457,learned,1,evaluated,0.0,0.0,1.0,1.0,0.0,0.0,0.0,,,False,,
7994176069948949,learned,0,evaluated,1.0,1.0,1.0,0.5,0.5,0.5,1.0,1.0,0.0,False,,
7994176069948949,learned,0.25,evaluated,0.75,0.75,1.0,0.625,0.375,0.375,0.75,1.0,0.0,False,,
7994176069948949,learned,0.5,evaluated,0.5,0.5,1.0,0.75,0.25,0.25,0.5,1.0,0.0,False,,
7994176069948949,learned,0.75,evaluated,0.25,0.25,1.0,0.8749999999999999,0.125,0.1250000000000001,0.25,1.0,0.0,False,,
7994176069948949,learned,1,evaluated,0.0,0.0,1.0,1.0,0.0,0.0,0.0,,,False,,
6284178634504888,learned,0,evaluated,1.0,1.0,1.0,0.5,0.5,0.5,1.0,1.0,0.0,False,,
6284178634504888,learned,0.25,evaluated,0.75,0.75,1.0,0.625,0.375,0.375,0.75,1.0,0.0,False,,
6284178634504888,learned,0.5,evaluated,0.5,0.5,1.0,0.7499999999999999,0.25,0.2500000000000001,0.5,1.0,0.0,False,,
6284178634504888,learned,0.75,evaluated,0.25,0.25,1.0,0.8749999999999999,0.125,0.1250000000000001,0.25,1.0,0.0,False,,
6284178634504888,learned,1,evaluated,0.0,0.0,1.0,1.0,0.0,0.0,0.0,,,False,,
5785000697446952,learned,0,evaluated,1.0,1.0,1.0,0.5,0.5,0.5,1.0,1.0,0.0,False,,
5785000697446952,learned,0.25,evaluated,0.75,0.75,1.0,0.625,0.375,0.375,0.75,1.0,0.0,False,,
5785000697446952,learned,0.5,evaluated,0.5,0.5,1.0,0.75,0.25,0.25,0.5,1.0,0.0,False,,
5785000697446952,learned,0.75,evaluated,0.25,0.25,1.0,0.875,0.125,0.125,0.25,1.0,0.0,False,,
5785000697446952,learned,1,evaluated,0.0,0.0,1.0,1.0,0.0,0.0,0.0,,,False,,
6461638153917512,learned,0,evaluated,1.0,1.0,1.0,0.5,0.5,0.5,1.0,1.0,0.0,False,,
6461638153917512,learned,0.25,evaluated,0.75,0.75,1.0,0.6249999999999999,0.375,0.3750000000000001,0.75,1.0,0.0,False,,
6461638153917512,learned,0.5,evaluated,0.5,0.5,1.0,0.75,0.25,0.25,0.5,1.0,0.0,False,,
6461638153917512,learned,0.75,evaluated,0.25,0.25,1.0,0.875,0.125,0.125,0.25,1.0,0.0,False,,
6461638153917512,learned,1,evaluated,0.0,0.0,1.0,1.0,0.0,0.0,0.0,,,False,,
6986018626100690,learned,0,evaluated,1.0,1.0,1.0,0.49999999999999994,0.5,0.5,1.0,1.0,0.0,False,,
6986018626100690,learned,0.25,evaluated,0.75,0.75,1.0,0.625,0.375,0.375,0.75,1.0,0.0,False,,
6986018626100690,learned,0.5,evaluated,0.5,0.5,1.0,0.75,0.25,0.25,0.5,1.0,0.0,False,,
6986018626100690,learned,0.75,evaluated,0.25,0.25,1.0,0.8749999999999999,0.125,0.1250000000000001,0.25,1.0,0.0,False,,
6986018626100690,learned,1,evaluated,0.0,0.0,1.0,1.0,0.0,0.0,0.0,,,False,,
7537474338073472,learned,0,evaluated,1.0,1.0,1.0,0.5,0.5,0.5,1.0,1.0,0.0,False,,
7537474338073472,learned,0.25,evaluated,0.75,0.75,1.0,0.625,0.375,0.375,0.75,1.0,0.0,False,,
7537474338073472,learned,0.5,evaluated,0.5,0.5,1.0,0.75,0.25,0.25,0.5,1.0,0.0,False,,
7537474338073472,learned,0.75,evaluated,0.25,0.25,1.0,0.8749999999999999,0.125,0.1250000000000001,0.25,1.0,0.0,False,,
7537474338073472,learned,1,evaluated,0.0,0.0,1.0,1.0,0.0,0.0,0.0,,,False,,
8133749289185706,learned,0,evaluated,1.0,1.0,1.0,0.5,0.5,0.5,1.0,1.0,0.0,False,,
8133749289185706,learned,0.25,evaluated,0.75,0.75,1.0,0.625,0.375,0.375,0.75,1.0,0.0,False,,
8133749289185706,learned,0.5,evaluated,0.5,0.5,1.0,0.75,0.25,0.25,0.5,1.0,0.0,False,,
8133749289185706,learned,0.75,evaluated,0.25,0.25,1.0,0.8750000000000001,0.125,0.12499999999999989,0.25,1.0,0.0,False,,
8133749289185706,learned,1,evaluated,0.0,0.0,1.0,1.0,0.0,0.0,0.0,,,False,,
7225903038053257,learned,0,evaluated,1.0,1.0,1.0,0.5,0.5,0.5,1.0,1.0,0.0,False,,
7225903038053257,learned,0.25,evaluated,0.75,0.75,1.0,0.625,0.375,0.375,0.75,1.0,0.0,False,,
7225903038053257,learned,0.5,evaluated,0.5,0.5,1.0,0.7500000000000001,0.25,0.2499999999999999,0.5,1.0,0.0,False,,
7225903038053257,learned,0.75,evaluated,0.25,0.25,1.0,0.875,0.125,0.125,0.25,1.0,0.0,False,,
7225903038053257,learned,1,evaluated,0.0,0.0,1.0,1.0,0.0,0.0,0.0,,,False,,
7616144123036775,learned,0,evaluated,1.0,1.0,1.0,0.5,0.5,0.5,1.0,1.0,0.0,False,,
7616144123036775,learned,0.25,evaluated,0.75,0.75,1.0,0.625,0.375,0.375,0.75,1.0,0.0,False,,
7616144123036775,learned,0.5,evaluated,0.5,0.5,1.0,0.7499999999999999,0.25,0.2500000000000001,0.5,1.0,0.0,False,,
7616144123036775,learned,0.75,evaluated,0.25,0.25,1.0,0.875,0.125,0.125,0.25,1.0,0.0,False,,
7616144123036775,learned,1,evaluated,0.0,0.0,1.0,1.0,0.0,0.0,0.0,,,False,,
5421981705728584,learned,0,evaluated,1.0,1.0,1.0,0.5,0.5,0.5,1.0,1.0,0.0,False,,
5421981705728584,learned,0.25,evaluated,0.75,0.75,1.0,0.625,0.375,0.375,0.75,1.0,0.0,False,,
5421981705728584,learned,0.5,evaluated,0.5,0.5,1.0,0.75,0.25,0.25,0.5,1.0,0.0,False,,
5421981705728584,learned,0.75,evaluated,0.25,0.25,1.0,0.8750000000000001,0.125,0.12499999999999989,0.25,1.0,0.0,False,,
5421981705728584,learned,1,evaluated,0.0,0.0,0.9999999999999999,0.9999999999999999,0.0,0.0,0.0,,,False,,
8352221582645894,learned,0,evaluated,1.0,1.0,1.0,0.5,0.5,0.5,1.0,1.0,0.0,False,,
8352221582645894,learned,0.25,evaluated,0.75,0.75,1.0,0.625,0.375,0.375,0.75,1.0,0.0,False,,
8352221582645894,learned,0.5,evaluated,0.5,0.5,1.0,0.7500000000000001,0.25,0.2499999999999999,0.5,1.0,0.0,False,,
8352221582645894,learned,0.75,evaluated,0.25,0.25,1.0,0.8749999999999999,0.125,0.1250000000000001,0.25,1.0,0.0,False,,
8352221582645894,learned,1,evaluated,0.0,0.0,1.0,1.0,0.0,0.0,0.0,,,False,,
8141008107437894,learned,0,evaluated,1.0,1.0,1.0,0.5,0.5,0.5,1.0,1.0,0.0,False,,
8141008107437894,learned,0.25,evaluated,0.75,0.75,1.0,0.625,0.375,0.375,0.75,1.0,0.0,False,,
8141008107437894,learned,0.5,evaluated,0.5,0.5,1.0,0.75,0.25,0.25,0.5,1.0,0.0,False,,
8141008107437894,learned,0.75,evaluated,0.25,0.25,1.0,0.875,0.125,0.125,0.25,1.0,0.0,False,,
8141008107437894,learned,1,evaluated,0.0,0.0,1.0,1.0,0.0,0.0,0.0,,,False,,
5658778575802981,learned,0,evaluated,1.0,1.0,1.0,0.5,0.5,0.5,1.0,1.0,0.0,False,,
5658778575802981,learned,0.25,evaluated,0.75,0.75,1.0,0.625,0.375,0.375,0.75,1.0,0.0,False,,
5658778575802981,learned,0.5,evaluated,0.5,0.5,1.0,0.75,0.25,0.25,0.5,1.0,0.0,False,,
5658778575802981,learned,0.75,evaluated,0.25,0.25,1.0,0.8750000000000001,0.125,0.12499999999999989,0.25,1.0,0.0,False,,
5658778575802981,learned,1,evaluated,0.0,0.0,1.0,1.0,0.0,0.0,0.0,,,True,,
5188100307696330,learned,0,evaluated,1.0,1.0,1.0,0.5,0.5,0.5,1.0,1.0,0.0,False,,
5188100307696330,learned,0.25,evaluated,0.75,0.75,1.0,0.625,0.375,0.375,0.75,1.0,0.0,False,,
5188100307696330,learned,0.5,evaluated,0.5,0.5,1.0,0.75,0.25,0.25,0.5,1.0,0.0,False,,
5188100307696330,learned,0.75,evaluated,0.25,0.25,1.0,0.875,0.125,0.125,0.25,1.0,0.0,False,,
5188100307696330,learned,1,evaluated,0.0,0.0,1.0,1.0,0.0,0.0,0.0,,,True,,
5349697034682247,learned,0,evaluated,1.0,1.0,1.0,0.5,0.5,0.5,1.0,1.0,0.0,False,,
5349697034682247,learned,0.25,evaluated,0.75,0.75,1.0,0.6250000000000001,0.375,0.3749999999999999,0.75,1.0,0.0,False,,
5349697034682247,learned,0.5,evaluated,0.5,0.5,1.0,0.75,0.25,0.25,0.5,1.0,0.0,False,,
5349697034682247,learned,0.75,evaluated,0.25,0.25,1.0,0.8749999999999999,0.125,0.1250000000000001,0.25,1.0,0.0,False,,
5349697034682247,learned,1,evaluated,0.0,0.0,1.0,1.0,0.0,0.0,0.0,,,False,,
5892023910564976,learned,0,evaluated,1.0,1.0,1.0,0.5,0.5,0.5,1.0,1.0,0.0,False,,
5892023910564976,learned,0.25,evaluated,0.75,0.75,1.0,0.625,0.375,0.375,0.75,1.0,0.0,False,,
5892023910564976,learned,0.5,evaluated,0.5,0.5,1.0,0.75,0.25,0.25,0.5,1.0,0.0,False,,
5892023910564976,learned,0.75,evaluated,0.25,0.25,1.0,0.8749999999999999,0.125,0.1250000000000001,0.25,1.0,0.0,False,,
5892023910564976,learned,1,evaluated,0.0,0.0,1.0,1.0,0.0,0.0,0.0,,,False,,
4719006494246471,learned,0,evaluated,1.0,1.0,1.0,0.5,0.5,0.5,1.0,1.0,0.0,False,,
4719006494246471,learned,0.25,evaluated,0.75,0.75,1.0,0.6249999999999999,0.375,0.3750000000000001,0.75,1.0,0.0,False,,
4719006494246471,learned,0.5,evaluated,0.5,0.5,1.0,0.7500000000000001,0.25,0.2499999999999999,0.5,1.0,0.0,False,,
4719006494246471,learned,0.75,evaluated,0.25,0.25,1.0,0.875,0.125,0.125,0.25,1.0,0.0,False,,
4719006494246471,learned,1,evaluated,0.0,0.0,1.0,1.0,0.0,0.0,0.0,,,True,,
7480338078927329,learned,0,evaluated,1.0,1.0,1.0,0.5,0.5,0.5,1.0,1.0,0.0,False,,
7480338078927329,learned,0.25,evaluated,0.75,0.75,1.0,0.625,0.375,0.375,0.75,1.0,0.0,False,,
7480338078927329,learned,0.5,evaluated,0.5,0.5,1.0,0.75,0.25,0.25,0.5,1.0,0.0,False,,
7480338078927329,learned,0.75,evaluated,0.25,0.25,1.0,0.8749999999999999,0.125,0.1250000000000001,0.25,1.0,0.0,False,,
7480338078927329,learned,1,evaluated,0.0,0.0,1.0,1.0,0.0,0.0,0.0,,,True,,
5682435300199440,learned,0,evaluated,1.0,1.0,1.0,0.5,0.5,0.5,1.0,1.0,0.0,False,,
5682435300199440,learned,0.25,evaluated,0.75,0.75,1.0,0.625,0.375,0.375,0.75,1.0,0.0,False,,
5682435300199440,learned,0.5,evaluated,0.5,0.5,1.0,0.75,0.25,0.25,0.5,1.0,0.0,False,,
5682435300199440,learned,0.75,evaluated,0.25,0.25,1.0,0.8750000000000001,0.125,0.12499999999999989,0.25,1.0,0.0,False,,
5682435300199440,learned,1,evaluated,0.0,0.0,1.0,1.0,0.0,0.0,0.0,,,True,,
5715234090722304,learned,0,evaluated,1.0,1.0,1.0,0.5,0.5,0.5,1.0,1.0,0.0,False,,
5715234090722304,learned,0.25,evaluated,0.75,0.75,1.0,0.625,0.375,0.375,0.75,1.0,0.0,False,,
5715234090722304,learned,0.5,evaluated,0.5,0.5,1.0,0.75,0.25,0.25,0.5,1.0,0.0,False,,
5715234090722304,learned,0.75,evaluated,0.25,0.25,1.0,0.875,0.125,0.125,0.25,1.0,0.0,False,,
5715234090722304,learned,1,evaluated,0.0,0.0,1.0,1.0,0.0,0.0,0.0,,,False,,
8043276488878416,learned,0,evaluated,1.0,1.0,1.0,0.5,0.5,0.5,1.0,1.0,0.0,False,,
8043276488878416,learned,0.25,evaluated,0.75,0.75,1.0,0.6250000000000001,0.375,0.3749999999999999,0.75,1.0,0.0,False,,
8043276488878416,learned,0.5,evaluated,0.5,0.5,1.0,0.75,0.25,0.25,0.5,1.0,0.0,False,,
8043276488878416,learned,0.75,evaluated,0.25,0.25,1.0,0.875,0.125,0.125,0.25,1.0,0.0,False,,
8043276488878416,learned,1,evaluated,0.0,0.0,1.0,1.0,0.0,0.0,0.0,,,False,,
5493137066848468,learned,0,evaluated,1.0,1.0,1.0,0.5,0.5,0.5,1.0,1.0,0.0,False,,
5493137066848468,learned,0.25,evaluated,0.75,0.75,1.0,0.625,0.375,0.375,0.75,1.0,0.0,False,,
5493137066848468,learned,0.5,evaluated,0.5,0.5,1.0,0.7499999999999999,0.25,0.2500000000000001,0.5,1.0,0.0,False,,
5493137066848468,learned,0.75,evaluated,0.25,0.25,1.0,0.875,0.125,0.125,0.25,1.0,0.0,False,,
5493137066848468,learned,1,evaluated,0.0,0.0,1.0,1.0,-1.1102230246251565e-16,0.0,0.0,,,False,,
5722911223097290,learned,0,evaluated,1.0,1.0,1.0,0.5,0.5,0.5,1.0,1.0,0.0,False,,
5722911223097290,learned,0.25,evaluated,0.75,0.75,1.0,0.6250000000000001,0.375,0.3749999999999999,0.75,1.0,0.0,False,,
5722911223097290,learned,0.5,evaluated,0.5,0.5,1.0,0.7499999999999999,0.25,0.2500000000000001,0.5,1.0,0.0,False,,
5722911223097290,learned,0.75,evaluated,0.25,0.25,1.0,0.875,0.125,0.125,0.25,1.0,0.0,False,,
5722911223097290,learned,1,evaluated,0.0,0.0,1.0,1.0,0.0,0.0,0.0,,,False,,
8091329465763644,learned,0,evaluated,1.0,1.0,1.0,0.5,0.5,0.5,1.0,1.0,0.0,False,,
8091329465763644,learned,0.25,evaluated,0.75,0.75,1.0,0.625,0.375,0.375,0.75,1.0,0.0,False,,
8091329465763644,learned,0.5,evaluated,0.5,0.5,1.0,0.75,0.25,0.25,0.5,1.0,0.0,False,,
8091329465763644,learned,0.75,evaluated,0.25,0.25,1.0,0.875,0.125,0.125,0.25,1.0,0.0,False,,
8091329465763644,learned,1,evaluated,0.0,0.0,1.0,1.0,0.0,0.0,0.0,,,False,,
8785937066158564,learned,0,evaluated,1.0,1.0,1.0,0.5,0.5,0.5,1.0,1.0,0.0,False,,
8785937066158564,learned,0.25,evaluated,0.75,0.75,1.0,0.625,0.375,0.375,0.75,1.0,0.0,False,,
8785937066158564,learned,0.5,evaluated,0.5,0.5,1.0,0.75,0.25,0.25,0.5,1.0,0.0,False,,
8785937066158564,learned,0.75,evaluated,0.25,0.25,1.0,0.875,0.125,0.125,0.25,1.0,0.0,False,,
8785937066158564,learned,1,evaluated,0.0,0.0,1.0,1.0,0.0,0.0,0.0,,,True,,
8336954698201394,learned,0,evaluated,1.0,1.0,1.0,0.5,0.5,0.5,1.0,1.0,0.0,False,,
8336954698201394,learned,0.25,evaluated,0.75,0.75,1.0,0.625,0.375,0.375,0.75,1.0,0.0,False,,
8336954698201394,learned,0.5,evaluated,0.5,0.5,1.0,0.75,0.25,0.25,0.5,1.0,0.0,False,,
8336954698201394,learned,0.75,evaluated,0.25,0.25,1.0,0.8749999999999999,0.125,0.1250000000000001,0.25,1.0,0.0,False,,
8336954698201394,learned,1,evaluated,0.0,0.0,1.0,1.0,0.0,0.0,0.0,,,False,,
6200393380417407,learned,0,evaluated,1.0,1.0,1.0,0.5,0.5,0.5,1.0,1.0,0.0,False,,
6200393380417407,learned,0.25,evaluated,0.75,0.75,1.0,0.625,0.375,0.375,0.75,1.0,0.0,False,,
6200393380417407,learned,0.5,evaluated,0.5,0.5,1.0,0.7500000000000001,0.25,0.2499999999999999,0.5,1.0,0.0,False,,
6200393380417407,learned,0.75,evaluated,0.25,0.25,1.0,0.875,0.125,0.125,0.25,1.0,0.0,False,,
6200393380417407,learned,1,evaluated,0.0,0.0,1.0000000000000002,1.0000000000000002,0.0,0.0,0.0,,,False,,
8092181021544952,learned,0,evaluated,1.0,1.0,1.0,0.5,0.5,0.5,1.0,1.0,0.0,False,,
8092181021544952,learned,0.25,evaluated,0.75,0.75,1.0,0.625,0.375,0.375,0.75,1.0,0.0,False,,
8092181021544952,learned,0.5,evaluated,0.5,0.5,1.0,0.75,0.25,0.25,0.5,1.0,0.0,False,,
8092181021544952,learned,0.75,evaluated,0.25,0.25,1.0,0.8750000000000001,0.125,0.12499999999999989,0.25,1.0,0.0,False,,
8092181021544952,learned,1,evaluated,0.0,0.0,1.0,1.0,0.0,0.0,0.0,,,False,,
5449837502654621,learned,0,evaluated,1.0,1.0,1.0,0.5,0.5,0.5,1.0,1.0,0.0,False,,
5449837502654621,learned,0.25,evaluated,0.75,0.75,1.0,0.625,0.375,0.375,0.75,1.0,0.0,False,,
5449837502654621,learned,0.5,evaluated,0.5,0.5,1.0,0.75,0.25,0.25,0.5,1.0,0.0,False,,
5449837502654621,learned,0.75,evaluated,0.25,0.25,1.0,0.875,0.125,0.125,0.25,1.0,0.0,False,,
5449837502654621,learned,1,evaluated,0.0,0.0,1.0,1.0,0.0,0.0,0.0,,,False,,
6746412394737936,learned,0,evaluated,1.0,1.0,1.0,0.5,0.5,0.5,1.0,1.0,0.0,False,,
6746412394737936,learned,0.25,evaluated,0.75,0.75,1.0,0.625,0.375,0.375,0.75,1.0,0.0,False,,
6746412394737936,learned,0.5,evaluated,0.5,0.5,1.0,0.75,0.25,0.25,0.5,1.0,0.0,False,,
6746412394737936,learned,0.75,evaluated,0.25,0.25,1.0,0.8750000000000001,0.125,0.12499999999999989,0.25,1.0,0.0,False,,
6746412394737936,learned,1,evaluated,0.0,0.0,1.0,1.0,0.0,0.0,0.0,,,False,,
7332115690241677,learned,0,evaluated,1.0,1.0,1.0,0.5,0.5,0.5,1.0,1.0,0.0,False,,
7332115690241677,learned,0.25,evaluated,0.75,0.75,1.0,0.625,0.375,0.375,0.75,1.0,0.0,False,,
7332115690241677,learned,0.5,evaluated,0.5,0.5,1.0,0.75,0.25,0.25,0.5,1.0,0.0,False,,
7332115690241677,learned,0.75,evaluated,0.25,0.25,1.0,0.875,0.125,0.125,0.25,1.0,0.0,False,,
7332115690241677,learned,1,evaluated,0.0,0.0,1.0,1.0,0.0,0.0,0.0,,,False,,
7277311281215479,learned,0,evaluated,1.0,1.0,1.0,0.5,0.5,0.5,1.0,1.0,0.0,False,,
7277311281215479,learned,0.25,evaluated,0.75,0.75,1.0,0.625,0.375,0.375,0.75,1.0,0.0,False,,
7277311281215479,learned,0.5,evaluated,0.5,0.5,1.0,0.75,0.25,0.25,0.5,1.0,0.0,False,,
7277311281215479,learned,0.75,evaluated,0.25,0.25,1.0,0.8749999999999999,0.125,0.1250000000000001,0.25,1.0,0.0,False,,
7277311281215479,learned,1,evaluated,0.0,0.0,1.0,1.0,0.0,0.0,0.0,,,False,,
8994117894674010,learned,0,evaluated,1.0,1.0,1.0,0.5,0.5,0.5,1.0,1.0,0.0,False,,
8994117894674010,learned,0.25,evaluated,0.75,0.75,1.0,0.6249999999999999,0.375,0.3750000000000001,0.75,1.0,0.0,False,,
8994117894674010,learned,0.5,evaluated,0.5,0.5,1.0,0.75,0.25,0.25,0.5,1.0,0.0,False,,
8994117894674010,learned,0.75,evaluated,0.25,0.25,1.0,0.8749999999999999,0.125,0.1250000000000001,0.25,1.0,0.0,False,,
8994117894674010,learned,1,evaluated,0.0,0.0,0.9999999999999998,0.9999999999999998,0.0,0.0,0.0,,,False,,
7770920191232852,learned,0,evaluated,1.0,1.0,1.0,0.5,0.5,0.5,1.0,1.0,0.0,False,,
7770920191232852,learned,0.25,evaluated,0.75,0.75,1.0,0.625,0.375,0.375,0.75,1.0,0.0,False,,
7770920191232852,learned,0.5,evaluated,0.5,0.5,1.0,0.7500000000000001,0.25,0.2499999999999999,0.5,1.0,0.0,False,,
7770920191232852,learned,0.75,evaluated,0.25,0.25,1.0,0.875,0.125,0.125,0.25,1.0,0.0,False,,
7770920191232852,learned,1,evaluated,0.0,0.0,1.0,1.0,0.0,0.0,0.0,,,True,,
5943127109914898,learned,0,evaluated,1.0,1.0,1.0,0.5,0.5,0.5,1.0,1.0,0.0,False,,
5943127109914898,learned,0.25,evaluated,0.75,0.75,1.0,0.6249999999999999,0.375,0.3750000000000001,0.75,1.0,0.0,False,,
5943127109914898,learned,0.5,evaluated,0.5,0.5,1.0,0.75,0.25,0.25,0.5,1.0,0.0,False,,
5943127109914898,learned,0.75,evaluated,0.25,0.25,1.0,0.8750000000000001,0.125,0.12499999999999989,0.25,1.0,0.0,False,,
5943127109914898,learned,1,evaluated,0.0,0.0,1.0,1.0,0.0,0.0,0.0,,,False,,
4696976784094615,learned,0,evaluated,1.0,1.0,1.0,0.5,0.5,0.5,1.0,1.0,0.0,False,,
4696976784094615,learned,0.25,evaluated,0.75,0.75,1.0,0.625,0.375,0.375,0.75,1.0,0.0,False,,
4696976784094615,learned,0.5,evaluated,0.5,0.5,1.0,0.7499999999999999,0.25,0.2500000000000001,0.5,1.0,0.0,False,,
4696976784094615,learned,0.75,evaluated,0.25,0.25,1.0,0.875,0.125,0.125,0.25,1.0,0.0,False,,
4696976784094615,learned,1,evaluated,0.0,0.0,1.0,1.0,0.0,0.0,0.0,,,False,,
5829194700104408,learned,0,evaluated,1.0,1.0,1.0,0.5,0.5,0.5,1.0,1.0,0.0,False,,
5829194700104408,learned,0.25,evaluated,0.75,0.75,1.0,0.625,0.375,0.375,0.75,1.0,0.0,False,,
5829194700104408,learned,0.5,evaluated,0.5,0.5,1.0,0.75,0.25,0.25,0.5,1.0,0.0,False,,
5829194700104408,learned,0.75,evaluated,0.25,0.25,1.0,0.875,0.125,0.125,0.25,1.0,0.0,False,,
5829194700104408,learned,1,evaluated,0.0,0.0,1.0,1.0,0.0,0.0,0.0,,,False,,
4605880942018644,learned,0,evaluated,1.0,1.0,1.0,0.5,0.5,0.5,1.0,1.0,0.0,False,,
4605880942018644,learned,0.25,evaluated,0.75,0.75,1.0,0.625,0.375,0.375,0.75,1.0,0.0,False,,
4605880942018644,learned,0.5,evaluated,0.5,0.5,1.0,0.7500000000000001,0.25,0.2499999999999999,0.5,1.0,0.0,False,,
4605880942018644,learned,0.75,evaluated,0.25,0.25,1.0,0.8749999999999999,0.125,0.1250000000000001,0.25,1.0,0.0,False,,
4605880942018644,learned,1,evaluated,0.0,0.0,1.0,1.0,0.0,0.0,0.0,,,False,,
6508771656368819,learned,0,evaluated,1.0,1.0,1.0,0.5,0.5,0.5,1.0,1.0,0.0,False,,
6508771656368819,learned,0.25,evaluated,0.75,0.75,1.0,0.625,0.375,0.375,0.75,1.0,0.0,False,,
6508771656368819,learned,0.5,evaluated,0.5,0.5,1.0,0.75,0.25,0.25,0.5,1.0,0.0,False,,
6508771656368819,learned,0.75,evaluated,0.25,0.25,1.0,0.8750000000000001,0.125,0.12499999999999989,0.25,1.0,0.0,False,,
6508771656368819,learned,1,evaluated,0.0,0.0,1.0,1.0,0.0,0.0,0.0,,,False,,
7069838543709154,learned,0,evaluated,1.0,1.0,1.0,0.5,0.5,0.5,1.0,1.0,0.0,False,,
7069838543709154,learned,0.25,evaluated,0.75,0.75,1.0,0.625,0.375,0.375,0.75,1.0,0.0,False,,
7069838543709154,learned,0.5,evaluated,0.5,0.5,1.0,0.75,0.25,0.25,0.5,1.0,0.0,False,,
7069838543709154,learned,0.75,evaluated,0.25,0.25,1.0,0.875,0.125,0.125,0.25,1.0,0.0,False,,
7069838543709154,learned,1,evaluated,0.0,0.0,1.0,1.0,0.0,0.0,0.0,,,False,,
7345837512639296,learned,0,evaluated,1.0,1.0,1.0,0.5,0.5,0.5,1.0,1.0,0.0,False,,
7345837512639296,learned,0.25,evaluated,0.75,0.75,1.0,0.625,0.375,0.375,0.75,1.0,0.0,False,,
7345837512639296,learned,0.5,evaluated,0.5,0.5,1.0,0.75,0.25,0.25,0.5,1.0,0.0,False,,
7345837512639296,learned,0.75,evaluated,0.25,0.25,1.0,0.8750000000000001,0.125,0.12499999999999989,0.25,1.0,0.0,False,,
7345837512639296,learned,1,evaluated,0.0,0.0,1.0,1.0,0.0,0.0,0.0,,,False,,
6325969686110776,learned,0,evaluated,1.0,1.0,1.0,0.5,0.5,0.5,1.0,1.0,0.0,False,,
6325969686110776,learned,0.25,evaluated,0.75,0.75,1.0,0.6250000000000001,0.375,0.3749999999999999,0.75,1.0,0.0,False,,
6325969686110776,learned,0.5,evaluated,0.5,0.5,1.0,0.7499999999999999,0.25,0.2500000000000001,0.5,1.0,0.0,False,,
6325969686110776,learned,0.75,evaluated,0.25,0.25,1.0,0.8750000000000001,0.125,0.12499999999999989,0.25,1.0,0.0,False,,
6325969686110776,learned,1,evaluated,0.0,0.0,1.0,1.0,0.0,0.0,0.0,,,False,,
7838619259290720,learned,0,evaluated,1.0,1.0,1.0,0.5,0.5,0.5,1.0,1.0,0.0,False,,
7838619259290720,learned,0.25,evaluated,0.75,0.75,1.0,0.625,0.375,0.375,0.75,1.0,0.0,False,,
7838619259290720,learned,0.5,evaluated,0.5,0.5,1.0,0.7499999999999999,0.25,0.2500000000000001,0.5,1.0,0.0,False,,
7838619259290720,learned,0.75,evaluated,0.25,0.25,1.0,0.875,0.125,0.125,0.25,1.0,0.0,False,,
7838619259290720,learned,1,evaluated,0.0,0.0,1.0,1.0,0.0,0.0,0.0,,,False,,
7012711611168942,learned,0,evaluated,1.0,1.0,1.0,0.5,0.5,0.5,1.0,1.0,0.0,False,,
7012711611168942,learned,0.25,evaluated,0.75,0.75,1.0,0.625,0.375,0.375,0.75,1.0,0.0,False,,
7012711611168942,learned,0.5,evaluated,0.5,0.5,1.0,0.75,0.25,0.25,0.5,1.0,0.0,False,,
7012711611168942,learned,0.75,evaluated,0.25,0.25,1.0,0.875,0.125,0.125,0.25,1.0,0.0,False,,
7012711611168942,learned,1,evaluated,0.0,0.0,1.0,1.0,0.0,0.0,0.0,,,False,,
5365287010037329,learned,0,evaluated,1.0,1.0,1.0,0.5,0.5,0.5,1.0,1.0,0.0,False,,
5365287010037329,learned,0.25,evaluated,0.75,0.75,1.0,0.625,0.375,0.375,0.75,1.0,0.0,False,,
5365287010037329,learned,0.5,evaluated,0.5,0.5,1.0,0.75,0.25,0.25,0.5,1.0,0.0,False,,
5365287010037329,learned,0.75,evaluated,0.25,0.25,1.0,0.875,0.125,0.125,0.25,1.0,0.0,False,,
5365287010037329,learned,1,evaluated,0.0,0.0,1.0,1.0,0.0,0.0,0.0,,,False,,
5365444157597157,learned,0,evaluated,1.0,1.0,1.0,0.5,0.5,0.5,1.0,1.0,0.0,False,,
5365444157597157,learned,0.25,evaluated,0.75,0.75,1.0,0.625,0.375,0.375,0.75,1.0,0.0,False,,
5365444157597157,learned,0.5,evaluated,0.5,0.5,1.0,0.75,0.25,0.25,0.5,1.0,0.0,False,,
5365444157597157,learned,0.75,evaluated,0.25,0.25,1.0,0.8749999999999999,0.125,0.1250000000000001,0.25,1.0,0.0,False,,
5365444157597157,learned,1,evaluated,0.0,0.0,1.0,1.0,0.0,0.0,0.0,,,False,,
6001223018722123,learned,0,evaluated,1.0,1.0,1.0,0.5,0.5,0.5,1.0,1.0,0.0,False,,
6001223018722123,learned,0.25,evaluated,0.75,0.75,1.0,0.625,0.375,0.375,0.75,1.0,0.0,False,,
6001223018722123,learned,0.5,evaluated,0.5,0.5,1.0,0.75,0.25,0.25,0.5,1.0,0.0,False,,
6001223018722123,learned,0.75,evaluated,0.25,0.25,1.0,0.875,0.125,0.125,0.25,1.0,0.0,False,,
6001223018722123,learned,1,evaluated,0.0,0.0,1.0,1.0,0.0,0.0,0.0,,,False,,
8619751047971987,learned,0,evaluated,1.0,1.0,1.0,0.5,0.5,0.5,1.0,1.0,0.0,False,,
8619751047971987,learned,0.25,evaluated,0.75,0.75,1.0,0.625,0.375,0.375,0.75,1.0,0.0,False,,
8619751047971987,learned,0.5,evaluated,0.5,0.5,1.0,0.75,0.25,0.25,0.5,1.0,0.0,False,,
8619751047971987,learned,0.75,evaluated,0.25,0.25,1.0,0.875,0.125,0.125,0.25,1.0,0.0,False,,
8619751047971987,learned,1,evaluated,0.0,0.0,1.0,1.0,0.0,0.0,0.0,,,False,,
5457477550572419,learned,0,evaluated,1.0,1.0,1.0,0.5,0.5,0.5,1.0,1.0,0.0,False,,
5457477550572419,learned,0.25,evaluated,0.75,0.75,1.0,0.6250000000000001,0.375,0.3749999999999999,0.75,1.0,0.0,False,,
5457477550572419,learned,0.5,evaluated,0.5,0.5,1.0,0.75,0.25,0.25,0.5,1.0,0.0,False,,
5457477550572419,learned,0.75,evaluated,0.25,0.25,1.0,0.875,0.125,0.125,0.25,1.0,0.0,False,,
5457477550572419,learned,1,evaluated,0.0,0.0,1.0,1.0,0.0,0.0,0.0,,,False,,
4654633649782516,learned,0,evaluated,1.0,1.0,1.0,0.5,0.5,0.5,1.0,1.0,0.0,False,,
4654633649782516,learned,0.25,evaluated,0.75,0.75,1.0,0.6249999999999999,0.375,0.3750000000000001,0.75,1.0,0.0,False,,
4654633649782516,learned,0.5,evaluated,0.5,0.5,1.0,0.7499999999999999,0.25,0.2500000000000001,0.5,1.0,0.0,False,,
4654633649782516,learned,0.75,evaluated,0.25,0.25,1.0,0.875,0.125,0.125,0.25,1.0,0.0,False,,
4654633649782516,learned,1,evaluated,0.0,0.0,1.0,1.0,0.0,0.0,0.0,,,False,,
7249946721753931,learned,0,evaluated,1.0,1.0,1.0,0.5,0.5,0.5,1.0,1.0,0.0,False,,
7249946721753931,learned,0.25,evaluated,0.75,0.75,1.0,0.625,0.375,0.375,0.75,1.0,0.0,False,,
7249946721753931,learned,0.5,evaluated,0.5,0.5,1.0,0.7500000000000001,0.25,0.2499999999999999,0.5,1.0,0.0,False,,
7249946721753931,learned,0.75,evaluated,0.25,0.25,1.0,0.8750000000000001,0.125,0.12499999999999989,0.25,1.0,0.0,False,,
7249946721753931,learned,1,evaluated,0.0,0.0,1.0,1.0,0.0,0.0,0.0,,,True,,
5087570748890409,learned,0,evaluated,1.0,1.0,1.0,0.5,0.5,0.5,1.0,1.0,0.0,False,,
5087570748890409,learned,0.25,evaluated,0.75,0.75,1.0,0.625,0.375,0.375,0.75,1.0,0.0,False,,
5087570748890409,learned,0.5,evaluated,0.5,0.5,1.0,0.75,0.25,0.25,0.5,1.0,0.0,False,,
5087570748890409,learned,0.75,evaluated,0.25,0.25,1.0,0.8749999999999999,0.125,0.1250000000000001,0.25,1.0,0.0,False,,
5087570748890409,learned,1,evaluated,0.0,0.0,1.0,1.0,0.0,0.0,0.0,,,False,,
8856299467146934,learned,0,evaluated,1.0,1.0,1.0,0.5,0.5,0.5,1.0,1.0,0.0,False,,
8856299467146934,learned,0.25,evaluated,0.75,0.75,1.0,0.625,0.375,0.375,0.75,1.0,0.0,False,,
8856299467146934,learned,0.5,evaluated,0.5,0.5,1.0,0.7499999999999999,0.25,0.2500000000000001,0.5,1.0,0.0,False,,
8856299467146934,learned,0.75,evaluated,0.25,0.25,1.0,0.8749999999999999,0.125,0.1250000000000001,0.25,1.0,0.0,False,,
8856299467146934,learned,1,evaluated,0.0,0.0,1.0000000000000002,1.0000000000000002,0.0,0.0,0.0,,,False,,
8991890538260978,learned,0,evaluated,1.0,1.0,1.0,0.5,0.5,0.5,1.0,1.0,0.0,False,,
8991890538260978,learned,0.25,evaluated,0.75,0.75,1.0,0.625,0.375,0.375,0.75,1.0,0.0,False,,
8991890538260978,learned,0.5,evaluated,0.5,0.5,1.0,0.7499999999999999,0.25,0.2500000000000001,0.5,1.0,0.0,False,,
8991890538260978,learned,0.75,evaluated,0.25,0.25,1.0,0.875,0.125,0.125,0.25,1.0,0.0,False,,
8991890538260978,learned,1,evaluated,0.0,0.0,1.0,1.0,0.0,0.0,0.0,,,True,,
6617319835029857,learned,0,evaluated,1.0,1.0,1.0,0.5,0.5,0.5,1.0,1.0,0.0,False,,
6617319835029857,learned,0.25,evaluated,0.75,0.75,1.0,0.625,0.375,0.375,0.75,1.0,0.0,False,,
6617319835029857,learned,0.5,evaluated,0.5,0.5,1.0,0.75,0.25,0.25,0.5,1.0,0.0,False,,
6617319835029857,learned,0.75,evaluated,0.25,0.25,1.0,0.8749999999999999,0.125,0.1250000000000001,0.25,1.0,0.0,False,,
6617319835029857,learned,1,evaluated,0.0,0.0,1.0000000000000002,1.0000000000000002,0.0,0.0,0.0,,,False,,
7560358128876182,learned,0,evaluated,1.0,1.0,1.0,0.5,0.5,0.5,1.0,1.0,0.0,False,,
7560358128876182,learned,0.25,evaluated,0.75,0.75,1.0,0.625,0.375,0.375,0.75,1.0,0.0,False,,
7560358128876182,learned,0.5,evaluated,0.5,0.5,1.0,0.75,0.25,0.25,0.5,1.0,0.0,False,,
7560358128876182,learned,0.75,evaluated,0.25,0.25,1.0,0.875,0.125,0.125,0.25,1.0,0.0,False,,
7560358128876182,learned,1,evaluated,0.0,0.0,1.0,1.0,0.0,0.0,0.0,,,False,,
7854113503392730,learned,0,evaluated,1.0,1.0,1.0,0.5,0.5,0.5,1.0,1.0,0.0,False,,
7854113503392730,learned,0.25,evaluated,0.75,0.75,1.0,0.625,0.375,0.375,0.75,1.0,0.0,False,,
7854113503392730,learned,0.5,evaluated,0.5,0.5,1.0,0.75,0.25,0.25,0.5,1.0,0.0,False,,
7854113503392730,learned,0.75,evaluated,0.25,0.25,1.0,0.8749999999999999,0.125,0.1250000000000001,0.25,1.0,0.0,False,,
7854113503392730,learned,1,evaluated,0.0,0.0,1.0,1.0,0.0,0.0,0.0,,,False,,
4525590732621207,learned,0,evaluated,1.0,1.0,1.0,0.5,0.5,0.5,1.0,1.0,0.0,False,,
4525590732621207,learned,0.25,evaluated,0.75,0.75,1.0,0.625,0.375,0.375,0.75,1.0,0.0,False,,
4525590732621207,learned,0.5,evaluated,0.5,0.5,1.0,0.75,0.25,0.25,0.5,1.0,0.0,False,,
4525590732621207,learned,0.75,evaluated,0.25,0.25,1.0,0.875,0.125,0.125,0.25,1.0,0.0,False,,
4525590732621207,learned,1,evaluated,0.0,0.0,1.0,1.0,0.0,0.0,0.0,,,False,,
8913919776434873,learned,0,evaluated,1.0,1.0,1.0,0.5,0.5,0.5,1.0,1.0,0.0,False,,
8913919776434873,learned,0.25,evaluated,0.75,0.75,1.0,0.625,0.375,0.375,0.75,1.0,0.0,False,,
8913919776434873,learned,0.5,evaluated,0.5,0.5,1.0,0.7499999999999999,0.25,0.2500000000000001,0.5,1.0,0.0,False,,
8913919776434873,learned,0.75,evaluated,0.25,0.25,1.0,0.875,0.125,0.125,0.25,1.0,0.0,False,,
8913919776434873,learned,1,evaluated,0.0,0.0,1.0,1.0,0.0,0.0,0.0,,,False,,
5428602983823627,learned,0,evaluated,1.0,1.0,1.0,0.5,0.5,0.5,1.0,1.0,0.0,False,,
5428602983823627,learned,0.25,evaluated,0.75,0.75,1.0,0.625,0.375,0.375,0.75,1.0,0.0,False,,
5428602983823627,learned,0.5,evaluated,0.5,0.5,1.0,0.75,0.25,0.25,0.5,1.0,0.0,False,,
5428602983823627,learned,0.75,evaluated,0.25,0.25,1.0,0.875,0.125,0.125,0.25,1.0,0.0,False,,
5428602983823627,learned,1,evaluated,0.0,0.0,1.0,1.0,0.0,0.0,0.0,,,False,,
6348304280020942,learned,0,evaluated,1.0,1.0,1.0,0.5,0.5,0.5,1.0,1.0,0.0,False,,
6348304280020942,learned,0.25,evaluated,0.75,0.75,1.0,0.625,0.375,0.375,0.75,1.0,0.0,False,,
6348304280020942,learned,0.5,evaluated,0.5,0.5,1.0,0.7500000000000001,0.25,0.2499999999999999,0.5,1.0,0.0,False,,
6348304280020942,learned,0.75,evaluated,0.25,0.25,1.0,0.8749999999999999,0.125,0.1250000000000001,0.25,1.0,0.0,False,,
6348304280020942,learned,1,evaluated,0.0,0.0,1.0,1.0,0.0,0.0,0.0,,,False,,
5175438790908542,learned,0,evaluated,1.0,1.0,1.0,0.5,0.5,0.5,1.0,1.0,0.0,False,,
5175438790908542,learned,0.25,evaluated,0.75,0.75,1.0,0.625,0.375,0.375,0.75,1.0,0.0,False,,
5175438790908542,learned,0.5,evaluated,0.5,0.5,1.0,0.75,0.25,0.25,0.5,1.0,0.0,False,,
5175438790908542,learned,0.75,evaluated,0.25,0.25,1.0,0.875,0.125,0.125,0.25,1.0,0.0,False,,
5175438790908542,learned,1,evaluated,0.0,0.0,1.0,1.0,0.0,0.0,0.0,,,False,,
6208745084770564,learned,0,evaluated,1.0,1.0,1.0,0.5,0.5,0.5,1.0,1.0,0.0,False,,
6208745084770564,learned,0.25,evaluated,0.75,0.75,1.0,0.625,0.375,0.375,0.75,1.0,0.0,False,,
6208745084770564,learned,0.5,evaluated,0.5,0.5,1.0,0.75,0.25,0.25,0.5,1.0,0.0,False,,
6208745084770564,learned,0.75,evaluated,0.25,0.25,1.0,0.875,0.125,0.125,0.25,1.0,0.0,False,,
6208745084770564,learned,1,evaluated,0.0,0.0,1.0,1.0,-1.1102230246251565e-16,0.0,0.0,,,False,,
6619480709064998,learned,0,evaluated,1.0,1.0,1.0,0.5,0.5,0.5,1.0,1.0,0.0,False,,
6619480709064998,learned,0.25,evaluated,0.75,0.75,1.0,0.625,0.375,0.375,0.75,1.0,0.0,False,,
6619480709064998,learned,0.5,evaluated,0.5,0.5,1.0,0.75,0.25,0.25,0.5,1.0,0.0,False,,
6619480709064998,learned,0.75,evaluated,0.25,0.25,1.0,0.8750000000000001,0.125,0.12499999999999989,0.25,1.0,0.0,False,,
6619480709064998,learned,1,evaluated,0.0,0.0,1.0,1.0,0.0,0.0,0.0,,,True,,
4506739759613900,learned,0,evaluated,1.0,1.0,1.0,0.5,0.5,0.5,1.0,1.0,0.0,False,,
4506739759613900,learned,0.25,evaluated,0.75,0.75,1.0,0.625,0.375,0.375,0.75,1.0,0.0,False,,
4506739759613900,learned,0.5,evaluated,0.5,0.5,1.0,0.75,0.25,0.25,0.5,1.0,0.0,False,,
4506739759613900,learned,0.75,evaluated,0.25,0.25,1.0,0.875,0.125,0.125,0.25,1.0,0.0,False,,
4506739759613900,learned,1,evaluated,0.0,0.0,1.0,1.0,0.0,0.0,0.0,,,False,,
8455411264749547,learned,0,evaluated,1.0,1.0,1.0,0.5,0.5,0.5,1.0,1.0,0.0,False,,
8455411264749547,learned,0.25,evaluated,0.75,0.75,1.0,0.625,0.375,0.375,0.75,1.0,0.0,False,,
8455411264749547,learned,0.5,evaluated,0.5,0.5,1.0,0.75,0.25,0.25,0.5,1.0,0.0,False,,
8455411264749547,learned,0.75,evaluated,0.25,0.25,1.0,0.875,0.125,0.125,0.25,1.0,0.0,False,,
8455411264749547,learned,1,evaluated,0.0,0.0,1.0,1.0,0.0,0.0,0.0,,,False,,
6055758471880065,learned,0,evaluated,1.0,1.0,1.0,0.5,0.5,0.5,1.0,1.0,0.0,False,,
6055758471880065,learned,0.25,evaluated,0.75,0.75,1.0,0.625,0.375,0.375,0.75,1.0,0.0,False,,
6055758471880065,learned,0.5,evaluated,0.5,0.5,1.0,0.75,0.25,0.25,0.5,1.0,0.0,False,,
6055758471880065,learned,0.75,evaluated,0.25,0.25,1.0,0.875,0.125,0.125,0.25,1.0,0.0,False,,
6055758471880065,learned,1,evaluated,0.0,0.0,1.0,1.0,0.0,0.0,0.0,,,False,,
5258786561132848,learned,0,evaluated,1.0,1.0,1.0,0.5,0.5,0.5,1.0,1.0,0.0,False,,
5258786561132848,learned,0.25,evaluated,0.75,0.75,1.0,0.625,0.375,0.375,0.75,1.0,0.0,False,,
5258786561132848,learned,0.5,evaluated,0.5,0.5,1.0,0.75,0.25,0.25,0.5,1.0,0.0,False,,
5258786561132848,learned,0.75,evaluated,0.25,0.25,1.0,0.8750000000000001,0.125,0.12499999999999989,0.25,1.0,0.0,False,,
5258786561132848,learned,1,evaluated,0.0,0.0,1.0,1.0,0.0,0.0,0.0,,,False,,
8628684571108326,learned,0,evaluated,1.0,1.0,1.0,0.5,0.5,0.5,1.0,1.0,0.0,False,,
8628684571108326,learned,0.25,evaluated,0.75,0.75,1.0,0.625,0.375,0.375,0.75,1.0,0.0,False,,
8628684571108326,learned,0.5,evaluated,0.5,0.5,1.0,0.75,0.25,0.25,0.5,1.0,0.0,False,,
8628684571108326,learned,0.75,evaluated,0.25,0.25,1.0,0.8750000000000001,0.125,0.12499999999999989,0.25,1.0,0.0,False,,
8628684571108326,learned,1,evaluated,0.0,0.0,1.0,1.0,0.0,0.0,0.0,,,True,,
7550665549123708,learned,0,evaluated,1.0,1.0,1.0,0.5,0.5,0.5,1.0,1.0,0.0,False,,
7550665549123708,learned,0.25,evaluated,0.75,0.75,1.0,0.625,0.375,0.375,0.75,1.0,0.0,False,,
7550665549123708,learned,0.5,evaluated,0.5,0.5,1.0,0.75,0.25,0.25,0.5,1.0,0.0,False,,
7550665549123708,learned,0.75,evaluated,0.25,0.25,1.0,0.8750000000000001,0.125,0.12499999999999989,0.25,1.0,0.0,False,,
7550665549123708,learned,1,evaluated,0.0,0.0,1.0,1.0,0.0,0.0,0.0,,,False,,
8954237481963785,learned,0,evaluated,1.0,1.0,1.0,0.5,0.5,0.5,1.0,1.0,0.0,False,,
8954237481963785,learned,0.25,evaluated,0.75,0.75,1.0,0.625,0.375,0.375,0.75,1.0,0.0,False,,
8954237481963785,learned,0.5,evaluated,0.5,0.5,1.0,0.75,0.25,0.25,0.5,1.0,0.0,False,,
8954237481963785,learned,0.75,evaluated,0.25,0.25,1.0,0.875,0.125,0.125,0.25,1.0,0.0,False,,
8954237481963785,learned,1,evaluated,0.0,0.0,1.0,1.0,0.0,0.0,0.0,,,False,,
7875955280522336,learned,0,evaluated,1.0,1.0,1.0,0.5,0.5,0.5,1.0,1.0,0.0,False,,
7875955280522336,learned,0.25,evaluated,0.75,0.75,1.0,0.625,0.375,0.375,0.75,1.0,0.0,False,,
7875955280522336,learned,0.5,evaluated,0.5,0.5,1.0,0.75,0.25,0.25,0.5,1.0,0.0,False,,
7875955280522336,learned,0.75,evaluated,0.25,0.25,1.0,0.875,0.125,0.125,0.25,1.0,0.0,False,,
7875955280522336,learned,1,evaluated,0.0,0.0,1.0,1.0,0.0,0.0,0.0,,,False,,
4763179645581659,learned,0,evaluated,1.0,1.0,1.0,0.5,0.5,0.5,1.0,1.0,0.0,False,,
4763179645581659,learned,0.25,evaluated,0.75,0.75,1.0,0.625,0.375,0.375,0.75,1.0,0.0,False,,
4763179645581659,learned,0.5,evaluated,0.5,0.5,1.0,0.75,0.25,0.25,0.5,1.0,0.0,False,,
4763179645581659,learned,0.75,evaluated,0.25,0.25,1.0,0.875,0.125,0.125,0.25,1.0,0.0,False,,
4763179645581659,learned,1,evaluated,0.0,0.0,1.0,1.0,0.0,0.0,0.0,,,False,,
7696049072009324,learned,0,evaluated,1.0,1.0,1.0,0.5,0.5,0.5,1.0,1.0,0.0,False,,
7696049072009324,learned,0.25,evaluated,0.75,0.75,1.0,0.625,0.375,0.375,0.75,1.0,0.0,False,,
7696049072009324,learned,0.5,evaluated,0.5,0.5,1.0,0.7500000000000001,0.25,0.2499999999999999,0.5,1.0,0.0,False,,
7696049072009324,learned,0.75,evaluated,0.25,0.25,1.0,0.8749999999999999,0.125,0.1250000000000001,0.25,1.0,0.0,False,,
7696049072009324,learned,1,evaluated,0.0,0.0,1.0,1.0,0.0,0.0,0.0,,,False,,
8258666453689621,learned,0,evaluated,1.0,1.0,1.0,0.5,0.5,0.5,1.0,1.0,0.0,False,,
8258666453689621,learned,0.25,evaluated,0.75,0.75,1.0,0.625,0.375,0.375,0.75,1.0,0.0,False,,
8258666453689621,learned,0.5,evaluated,0.5,0.5,1.0,0.7499999999999999,0.25,0.2500000000000001,0.5,1.0,0.0,False,,
8258666453689621,learned,0.75,evaluated,0.25,0.25,1.0,0.8750000000000001,0.125,0.12499999999999989,0.25,1.0,0.0,False,,
8258666453689621,learned,1,evaluated,0.0,0.0,1.0,1.0,0.0,0.0,0.0,,,False,,
5432508365103505,learned,0,evaluated,1.0,1.0,1.0,0.5,0.5,0.5,1.0,1.0,0.0,False,,
5432508365103505,learned,0.25,evaluated,0.75,0.75,1.0,0.6249999999999999,0.375,0.3750000000000001,0.75,1.0,0.0,False,,
5432508365103505,learned,0.5,evaluated,0.5,0.5,1.0,0.75,0.25,0.25,0.5,1.0,0.0,False,,
5432508365103505,learned,0.75,evaluated,0.25,0.25,1.0,0.875,0.125,0.125,0.25,1.0,0.0,False,,
5432508365103505,learned,1,evaluated,0.0,0.0,1.0,1.0,0.0,0.0,0.0,,,False,,
8705035063229913,learned,0,evaluated,1.0,1.0,1.0,0.5,0.5,0.5,1.0,1.0,0.0,False,,
8705035063229913,learned,0.25,evaluated,0.75,0.75,1.0,0.625,0.375,0.375,0.75,1.0,0.0,False,,
8705035063229913,learned,0.5,evaluated,0.5,0.5,1.0,0.7499999999999999,0.25,0.2500000000000001,0.5,1.0,0.0,False,,
8705035063229913,learned,0.75,evaluated,0.25,0.25,1.0,0.875,0.125,0.125,0.25,1.0,0.0,False,,
8705035063229913,learned,1,evaluated,0.0,0.0,0.9999999999999999,0.9999999999999999,0.0,0.0,0.0,,,False,,
6544207421879099,learned,0,evaluated,1.0,1.0,1.0,0.5,0.5,0.5,1.0,1.0,0.0,False,,
6544207421879099,learned,0.25,evaluated,0.75,0.75,1.0,0.625,0.375,0.375,0.75,1.0,0.0,False,,
6544207421879099,learned,0.5,evaluated,0.5,0.5,1.0,0.75,0.25,0.25,0.5,1.0,0.0,False,,
6544207421879099,learned,0.75,evaluated,0.25,0.25,1.0,0.875,0.125,0.125,0.25,1.0,0.0,False,,
6544207421879099,learned,1,evaluated,0.0,0.0,1.0,1.0,0.0,0.0,0.0,,,False,,
7923819491954020,learned,0,evaluated,1.0,1.0,1.0,0.5,0.5,0.5,1.0,1.0,0.0,False,,
7923819491954020,learned,0.25,evaluated,0.75,0.75,1.0,0.625,0.375,0.375,0.75,1.0,0.0,False,,
7923819491954020,learned,0.5,evaluated,0.5,0.5,1.0,0.75,0.25,0.25,0.5,1.0,0.0,False,,
7923819491954020,learned,0.75,evaluated,0.25,0.25,1.0,0.875,0.125,0.125,0.25,1.0,0.0,False,,
7923819491954020,learned,1,evaluated,0.0,0.0,1.0,1.0,0.0,0.0,0.0,,,False,,
8401987328717310,learned,0,evaluated,1.0,1.0,1.0,0.5,0.5,0.5,1.0,1.0,0.0,False,,
8401987328717310,learned,0.25,evaluated,0.75,0.75,1.0,0.6250000000000001,0.375,0.3749999999999999,0.75,1.0,0.0,False,,
8401987328717310,learned,0.5,evaluated,0.5,0.5,1.0,0.75,0.25,0.25,0.5,1.0,0.0,False,,
8401987328717310,learned,0.75,evaluated,0.25,0.25,1.0,0.8749999999999999,0.125,0.1250000000000001,0.25,1.0,0.0,False,,
8401987328717310,learned,1,evaluated,0.0,0.0,1.0,1.0,0.0,0.0,0.0,,,False,,
7139107514559203,learned,0,evaluated,1.0,1.0,1.0,0.5,0.5,0.5,1.0,1.0,0.0,False,,
7139107514559203,learned,0.25,evaluated,0.75,0.75,1.0,0.625,0.375,0.375,0.75,1.0,0.0,False,,
7139107514559203,learned,0.5,evaluated,0.5,0.5,1.0,0.75,0.25,0.25,0.5,1.0,0.0,False,,
7139107514559203,learned,0.75,evaluated,0.25,0.25,1.0,0.875,0.125,0.125,0.25,1.0,0.0,False,,
7139107514559203,learned,1,evaluated,0.0,0.0,1.0,1.0,0.0,0.0,0.0,,,False,,
6780289310598183,learned,0,evaluated,1.0,1.0,1.0,0.5,0.5,0.5,1.0,1.0,0.0,False,,
6780289310598183,learned,0.25,evaluated,0.75,0.75,1.0,0.625,0.375,0.375,0.75,1.0,0.0,False,,
6780289310598183,learned,0.5,evaluated,0.5,0.5,1.0,0.75,0.25,0.25,0.5,1.0,0.0,False,,
6780289310598183,learned,0.75,evaluated,0.25,0.25,1.0,0.875,0.125,0.125,0.25,1.0,0.0,False,,
6780289310598183,learned,1,evaluated,0.0,0.0,1.0,1.0,0.0,0.0,0.0,,,False,,
6598121846672593,learned,0,evaluated,1.0,1.0,1.0,0.5,0.5,0.5,1.0,1.0,0.0,False,,
6598121846672593,learned,0.25,evaluated,0.75,0.75,1.0,0.6250000000000001,0.375,0.3749999999999999,0.75,1.0,0.0,False,,
6598121846672593,learned,0.5,evaluated,0.5,0.5,1.0,0.75,0.25,0.25,0.5,1.0,0.0,False,,
6598121846672593,learned,0.75,evaluated,0.25,0.25,1.0,0.875,0.125,0.125,0.25,1.0,0.0,False,,
6598121846672593,learned,1,evaluated,0.0,0.0,1.0,1.0,0.0,0.0,0.0,,,False,,
4564191085795428,learned,0,evaluated,1.0,1.0,1.0,0.5,0.5,0.5,1.0,1.0,0.0,False,,
4564191085795428,learned,0.25,evaluated,0.75,0.75,1.0,0.625,0.375,0.375,0.75,1.0,0.0,False,,
4564191085795428,learned,0.5,evaluated,0.5,0.5,1.0,0.75,0.25,0.25,0.5,1.0,0.0,False,,
4564191085795428,learned,0.75,evaluated,0.25,0.25,1.0,0.8749999999999999,0.125,0.1250000000000001,0.25,1.0,0.0,False,,
4564191085795428,learned,1,evaluated,0.0,0.0,1.0,1.0,0.0,0.0,0.0,,,False,,
7790070734371461,learned,0,evaluated,1.0,1.0,1.0,0.5,0.5,0.5,1.0,1.0,0.0,False,,
7790070734371461,learned,0.25,evaluated,0.75,0.75,1.0,0.625,0.375,0.375,0.75,1.0,0.0,False,,
7790070734371461,learned,0.5,evaluated,0.5,0.5,1.0,0.75,0.25,0.25,0.5,1.0,0.0,False,,
7790070734371461,learned,0.75,evaluated,0.25,0.25,1.0,0.875,0.125,0.125,0.25,1.0,0.0,False,,
7790070734371461,learned,1,evaluated,0.0,0.0,1.0,1.0,0.0,0.0,0.0,,,False,,
5499306747128053,learned,0,evaluated,1.0,1.0,1.0,0.5,0.5,0.5,1.0,1.0,0.0,False,,
5499306747128053,learned,0.25,evaluated,0.75,0.75,1.0,0.625,0.375,0.375,0.75,1.0,0.0,False,,
5499306747128053,learned,0.5,evaluated,0.5,0.5,1.0,0.75,0.25,0.25,0.5,1.0,0.0,False,,
5499306747128053,learned,0.75,evaluated,0.25,0.25,1.0,0.875,0.125,0.125,0.25,1.0,0.0,False,,
5499306747128053,learned,1,evaluated,0.0,0.0,1.0,1.0,0.0,0.0,0.0,,,False,,
6422334544734794,learned,0,evaluated,1.0,1.0,1.0,0.5,0.5,0.5,1.0,1.0,0.0,False,,
6422334544734794,learned,0.25,evaluated,0.75,0.75,1.0,0.625,0.375,0.375,0.75,1.0,0.0,False,,
6422334544734794,learned,0.5,evaluated,0.5,0.5,1.0,0.75,0.25,0.25,0.5,1.0,0.0,False,,
6422334544734794,learned,0.75,evaluated,0.25,0.25,1.0,0.8749999999999999,0.125,0.1250000000000001,0.25,1.0,0.0,False,,
6422334544734794,learned,1,evaluated,0.0,0.0,1.0,1.0,0.0,0.0,0.0,,,False,,
6495792966842135,learned,0,evaluated,1.0,1.0,1.0,0.5,0.5,0.5,1.0,1.0,0.0,False,,
6495792966842135,learned,0.25,evaluated,0.75,0.75,1.0,0.625,0.375,0.375,0.75,1.0,0.0,False,,
6495792966842135,learned,0.5,evaluated,0.5,0.5,1.0,0.75,0.25,0.25,0.5,1.0,0.0,False,,
6495792966842135,learned,0.75,evaluated,0.25,0.25,1.0,0.875,0.125,0.125,0.25,1.0,0.0,False,,
6495792966842135,learned,1,evaluated,0.0,0.0,1.0,1.0,0.0,0.0,0.0,,,False,,
6238399061702024,learned,0,evaluated,1.0,1.0,1.0,0.5,0.5,0.5,1.0,1.0,0.0,False,,
6238399061702024,learned,0.25,evaluated,0.75,0.75,1.0,0.625,0.375,0.375,0.75,1.0,0.0,False,,
6238399061702024,learned,0.5,evaluated,0.5,0.5,1.0,0.75,0.25,0.25,0.5,1.0,0.0,False,,
6238399061702024,learned,0.75,evaluated,0.25,0.25,1.0,0.8749999999999999,0.125,0.1250000000000001,0.25,1.0,0.0,False,,
6238399061702024,learned,1,evaluated,0.0,0.0,1.0,1.0,0.0,0.0,0.0,,,False,,
8634757954352716,learned,0,evaluated,1.0,1.0,1.0,0.5,0.5,0.5,1.0,1.0,0.0,False,,
8634757954352716,learned,0.25,evaluated,0.75,0.75,1.0,0.625,0.375,0.375,0.75,1.0,0.0,False,,
8634757954352716,learned,0.5,evaluated,0.5,0.5,1.0,0.75,0.25,0.25,0.5,1.0,0.0,False,,
8634757954352716,learned,0.75,evaluated,0.25,0.25,1.0,0.8750000000000001,0.125,0.12499999999999989,0.25,1.0,0.0,False,,
8634757954352716,learned,1,evaluated,0.0,0.0,1.0,1.0,0.0,0.0,0.0,,,False,,
5268019483899947,learned,0,evaluated,1.0,1.0,1.0,0.5,0.5,0.5,1.0,1.0,0.0,False,,
5268019483899947,learned,0.25,evaluated,0.75,0.75,1.0,0.625,0.375,0.375,0.75,1.0,0.0,False,,
5268019483899947,learned,0.5,evaluated,0.5,0.5,1.0,0.7500000000000001,0.25,0.2499999999999999,0.5,1.0,0.0,False,,
5268019483899947,learned,0.75,evaluated,0.25,0.25,1.0,0.875,0.125,0.125,0.25,1.0,0.0,False,,
5268019483899947,learned,1,evaluated,0.0,0.0,1.0,1.0,0.0,0.0,0.0,,,False,,
5257109268209262,learned,0,evaluated,1.0,1.0,1.0,0.5,0.5,0.5,1.0,1.0,0.0,False,,
5257109268209262,learned,0.25,evaluated,0.75,0.75,1.0,0.6250000000000001,0.375,0.3749999999999999,0.75,1.0,0.0,False,,
5257109268209262,learned,0.5,evaluated,0.5,0.5,1.0,0.75,0.25,0.25,0.5,1.0,0.0,False,,
5257109268209262,learned,0.75,evaluated,0.25,0.25,1.0,0.875,0.125,0.125,0.25,1.0,0.0,False,,
5257109268209262,learned,1,evaluated,0.0,0.0,1.0,1.0,0.0,0.0,0.0,,,False,,
5282723390948957,learned,0,evaluated,1.0,1.0,1.0,0.5,0.5,0.5,1.0,1.0,0.0,False,,
5282723390948957,learned,0.25,evaluated,0.75,0.75,1.0,0.625,0.375,0.375,0.75,1.0,0.0,False,,
5282723390948957,learned,0.5,evaluated,0.5,0.5,1.0,0.75,0.25,0.25,0.5,1.0,0.0,False,,
5282723390948957,learned,0.75,evaluated,0.25,0.25,1.0,0.8749999999999999,0.125,0.1250000000000001,0.25,1.0,0.0,False,,
5282723390948957,learned,1,evaluated,0.0,0.0,1.0,1.0,0.0,0.0,0.0,,,True,,
7030347460823893,learned,0,evaluated,1.0,1.0,1.0,0.5,0.5,0.5,1.0,1.0,0.0,False,,
7030347460823893,learned,0.25,evaluated,0.75,0.75,1.0,0.625,0.375,0.375,0.75,1.0,0.0,False,,
7030347460823893,learned,0.5,evaluated,0.5,0.5,1.0,0.75,0.25,0.25,0.5,1.0,0.0,False,,
7030347460823893,learned,0.75,evaluated,0.25,0.25,1.0,0.8750000000000001,0.125,0.12499999999999989,0.25,1.0,0.0,False,,
7030347460823893,learned,1,evaluated,0.0,0.0,1.0,1.0,0.0,0.0,0.0,,,False,,
8679652250198508,learned,0,evaluated,1.0,1.0,1.0,0.5,0.5,0.5,1.0,1.0,0.0,False,,
8679652250198508,learned,0.25,evaluated,0.75,0.75,1.0,0.625,0.375,0.375,0.75,1.0,0.0,False,,
8679652250198508,learned,0.5,evaluated,0.5,0.5,1.0,0.75,0.25,0.25,0.5,1.0,0.0,False,,
8679652250198508,learned,0.75,evaluated,0.25,0.25,1.0,0.875,0.125,0.125,0.25,1.0,0.0,False,,
8679652250198508,learned,1,evaluated,0.0,0.0,1.0,1.0,0.0,0.0,0.0,,,False,,
4660141406858217,learned,0,evaluated,1.0,1.0,1.0,0.5,0.5,0.5,1.0,1.0,0.0,False,,
4660141406858217,learned,0.25,evaluated,0.75,0.75,1.0,0.6249999999999999,0.375,0.3750000000000001,0.75,1.0,0.0,False,,
4660141406858217,learned,0.5,evaluated,0.5,0.5,1.0,0.75,0.25,0.25,0.5,1.0,0.0,False,,
4660141406858217,learned,0.75,evaluated,0.25,0.25,1.0,0.8750000000000001,0.125,0.12499999999999989,0.25,1.0,0.0,False,,
4660141406858217,learned,1,evaluated,0.0,0.0,1.0,1.0,0.0,0.0,0.0,,,True,,
7069402740782394,learned,0,evaluated,1.0,1.0,1.0,0.5,0.5,0.5,1.0,1.0,0.0,False,,
7069402740782394,learned,0.25,evaluated,0.75,0.75,1.0,0.625,0.375,0.375,0.75,1.0,0.0,False,,
7069402740782394,learned,0.5,evaluated,0.5,0.5,1.0,0.7500000000000001,0.25,0.2499999999999999,0.5,1.0,0.0,False,,
7069402740782394,learned,0.75,evaluated,0.25,0.25,1.0,0.875,0.125,0.125,0.25,1.0,0.0,False,,
7069402740782394,learned,1,evaluated,0.0,0.0,1.0,1.0,0.0,0.0,0.0,,,False,,
7284405409746156,learned,0,evaluated,1.0,1.0,1.0,0.5,0.5,0.5,1.0,1.0,0.0,False,,
7284405409746156,learned,0.25,evaluated,0.75,0.75,1.0,0.625,0.375,0.375,0.75,1.0,0.0,False,,
7284405409746156,learned,0.5,evaluated,0.5,0.5,1.0,0.75,0.25,0.25,0.5,1.0,0.0,False,,
7284405409746156,learned,0.75,evaluated,0.25,0.25,1.0,0.8750000000000001,0.125,0.12499999999999989,0.25,1.0,0.0,False,,
7284405409746156,learned,1,evaluated,0.0,0.0,1.0,1.0,0.0,0.0,0.0,,,False,,
7349756433790257,learned,0,evaluated,1.0,1.0,1.0,0.5,0.5,0.5,1.0,1.0,0.0,False,,
7349756433790257,learned,0.25,evaluated,0.75,0.75,1.0,0.625,0.375,0.375,0.75,1.0,0.0,False,,
7349756433790257,learned,0.5,evaluated,0.5,0.5,1.0,0.75,0.25,0.25,0.5,1.0,0.0,False,,
7349756433790257,learned,0.75,evaluated,0.25,0.25,1.0,0.8750000000000001,0.125,0.12499999999999989,0.25,1.0,0.0,False,,
7349756433790257,learned,1,evaluated,0.0,0.0,1.0,1.0,0.0,0.0,0.0,,,False,,
7347697705243870,learned,0,evaluated,1.0,1.0,1.0,0.5,0.5,0.5,1.0,1.0,0.0,False,,
7347697705243870,learned,0.25,evaluated,0.75,0.75,1.0,0.625,0.375,0.375,0.75,1.0,0.0,False,,
7347697705243870,learned,0.5,evaluated,0.5,0.5,1.0,0.7500000000000001,0.25,0.2499999999999999,0.5,1.0,0.0,False,,
7347697705243870,learned,0.75,evaluated,0.25,0.25,1.0,0.875,0.125,0.125,0.25,1.0,0.0,False,,
7347697705243870,learned,1,evaluated,0.0,0.0,1.0,1.0,0.0,0.0,0.0,,,False,,
6894725457385713,learned,0,evaluated,1.0,1.0,1.0,0.5,0.5,0.5,1.0,1.0,0.0,False,,
6894725457385713,learned,0.25,evaluated,0.75,0.75,1.0,0.6250000000000001,0.375,0.3749999999999999,0.75,1.0,0.0,False,,
6894725457385713,learned,0.5,evaluated,0.5,0.5,1.0,0.7499999999999999,0.25,0.2500000000000001,0.5,1.0,0.0,False,,
6894725457385713,learned,0.75,evaluated,0.25,0.25,1.0,0.8750000000000001,0.125,0.12499999999999989,0.25,1.0,0.0,False,,
6894725457385713,learned,1,evaluated,0.0,0.0,1.0,1.0,0.0,0.0,0.0,,,False,,
4972991157021443,learned,0,evaluated,1.0,1.0,1.0,0.5,0.5,0.5,1.0,1.0,0.0,False,,
4972991157021443,learned,0.25,evaluated,0.75,0.75,1.0,0.625,0.375,0.375,0.75,1.0,0.0,False,,
4972991157021443,learned,0.5,evaluated,0.5,0.5,1.0,0.75,0.25,0.25,0.5,1.0,0.0,False,,
4972991157021443,learned,0.75,evaluated,0.25,0.25,1.0,0.875,0.125,0.125,0.25,1.0,0.0,False,,
4972991157021443,learned,1,evaluated,0.0,0.0,1.0,1.0,0.0,0.0,0.0,,,False,,
4617904987579316,learned,0,evaluated,1.0,1.0,1.0,0.5,0.5,0.5,1.0,1.0,0.0,False,,
4617904987579316,learned,0.25,evaluated,0.75,0.75,1.0,0.625,0.375,0.375,0.75,1.0,0.0,False,,
4617904987579316,learned,0.5,evaluated,0.5,0.5,1.0,0.7499999999999999,0.25,0.2500000000000001,0.5,1.0,0.0,False,,
4617904987579316,learned,0.75,evaluated,0.25,0.25,1.0,0.8749999999999999,0.125,0.1250000000000001,0.25,1.0,0.0,False,,
4617904987579316,learned,1,evaluated,0.0,0.0,1.0,1.0,0.0,0.0,0.0,,,False,,
4661598066572013,learned,0,evaluated,1.0,1.0,1.0,0.5,0.5,0.5,1.0,1.0,0.0,False,,
4661598066572013,learned,0.25,evaluated,0.75,0.75,1.0,0.625,0.375,0.375,0.75,1.0,0.0,False,,
4661598066572013,learned,0.5,evaluated,0.5,0.5,1.0,0.75,0.25,0.25,0.5,1.0,0.0,False,,
4661598066572013,learned,0.75,evaluated,0.25,0.25,1.0,0.875,0.125,0.125,0.25,1.0,0.0,False,,
4661598066572013,learned,1,evaluated,0.0,0.0,1.0,1.0,0.0,0.0,0.0,,,False,,
6157563140556472,learned,0,evaluated,1.0,1.0,1.0,0.5,0.5,0.5,1.0,1.0,0.0,False,,
6157563140556472,learned,0.25,evaluated,0.75,0.75,1.0,0.625,0.375,0.375,0.75,1.0,0.0,False,,
6157563140556472,learned,0.5,evaluated,0.5,0.5,1.0,0.7499999999999999,0.25,0.2500000000000001,0.5,1.0,0.0,False,,
6157563140556472,learned,0.75,evaluated,0.25,0.25,1.0,0.875,0.125,0.125,0.25,1.0,0.0,False,,
6157563140556472,learned,1,evaluated,0.0,0.0,1.0,1.0,0.0,0.0,0.0,,,False,,
6342750676635712,learned,0,evaluated,1.0,1.0,1.0,0.5,0.5,0.5,1.0,1.0,0.0,False,,
6342750676635712,learned,0.25,evaluated,0.75,0.75,1.0,0.625,0.375,0.375,0.75,1.0,0.0,False,,
6342750676635712,learned,0.5,evaluated,0.5,0.5,1.0,0.75,0.25,0.25,0.5,1.0,0.0,False,,
6342750676635712,learned,0.75,evaluated,0.25,0.25,1.0,0.875,0.125,0.125,0.25,1.0,0.0,False,,
6342750676635712,learned,1,evaluated,0.0,0.0,1.0,1.0,0.0,0.0,0.0,,,True,,
7104544727330730,learned,0,evaluated,1.0,1.0,1.0,0.5,0.5,0.5,1.0,1.0,0.0,False,,
7104544727330730,learned,0.25,evaluated,0.75,0.75,1.0,0.625,0.375,0.375,0.75,1.0,0.0,False,,
7104544727330730,learned,0.5,evaluated,0.5,0.5,1.0,0.75,0.25,0.25,0.5,1.0,0.0,False,,
7104544727330730,learned,0.75,evaluated,0.25,0.25,1.0,0.875,0.125,0.125,0.25,1.0,0.0,False,,
7104544727330730,learned,1,evaluated,0.0,0.0,1.0,1.0,-1.1102230246251565e-16,0.0,0.0,,,False,,
5621333069997329,learned,0,evaluated,1.0,1.0,1.0,0.5,0.5,0.5,1.0,1.0,0.0,False,,
5621333069997329,learned,0.25,evaluated,0.75,0.75,1.0,0.625,0.375,0.375,0.75,1.0,0.0,False,,
5621333069997329,learned,0.5,evaluated,0.5,0.5,1.0,0.75,0.25,0.25,0.5,1.0,0.0,False,,
5621333069997329,learned,0.75,evaluated,0.25,0.25,1.0,0.875,0.125,0.125,0.25,1.0,0.0,False,,
5621333069997329,learned,1,evaluated,0.0,0.0,1.0,1.0,0.0,0.0,0.0,,,False,,
4948345146571700,learned,0,evaluated,1.0,1.0,1.0,0.5,0.5,0.5,1.0,1.0,0.0,False,,
4948345146571700,learned,0.25,evaluated,0.75,0.75,1.0,0.625,0.375,0.375,0.75,1.0,0.0,False,,
4948345146571700,learned,0.5,evaluated,0.5,0.5,1.0,0.75,0.25,0.25,0.5,1.0,0.0,False,,
4948345146571700,learned,0.75,evaluated,0.25,0.25,1.0,0.875,0.125,0.125,0.25,1.0,0.0,False,,
4948345146571700,learned,1,evaluated,0.0,0.0,1.0,1.0,0.0,0.0,0.0,,,False,,
4529398161663329,learned,0,evaluated,1.0,1.0,1.0,0.5,0.5,0.5,1.0,1.0,0.0,False,,
4529398161663329,learned,0.25,evaluated,0.75,0.75,1.0,0.625,0.375,0.375,0.75,1.0,0.0,False,,
4529398161663329,learned,0.5,evaluated,0.5,0.5,1.0,0.7499999999999999,0.25,0.2500000000000001,0.5,1.0,0.0,False,,
4529398161663329,learned,0.75,evaluated,0.25,0.25,1.0,0.875,0.125,0.125,0.25,1.0,0.0,False,,
4529398161663329,learned,1,evaluated,0.0,0.0,1.0,1.0,0.0,0.0,0.0,,,False,,
5269315597612444,learned,0,evaluated,1.0,1.0,1.0,0.5,0.5,0.5,1.0,1.0,0.0,False,,
5269315597612444,learned,0.25,evaluated,0.75,0.75,1.0,0.625,0.375,0.375,0.75,1.0,0.0,False,,
5269315597612444,learned,0.5,evaluated,0.5,0.5,1.0,0.75,0.25,0.25,0.5,1.0,0.0,False,,
5269315597612444,learned,0.75,evaluated,0.25,0.25,1.0,0.8749999999999999,0.125,0.1250000000000001,0.25,1.0,0.0,False,,
5269315597612444,learned,1,evaluated,0.0,0.0,1.0,1.0,0.0,0.0,0.0,,,False,,
7159334136624558,learned,0,evaluated,1.0,1.0,1.0,0.5,0.5,0.5,1.0,1.0,0.0,False,,
7159334136624558,learned,0.25,evaluated,0.75,0.75,1.0,0.625,0.375,0.375,0.75,1.0,0.0,False,,
7159334136624558,learned,0.5,evaluated,0.5,0.5,1.0,0.75,0.25,0.25,0.5,1.0,0.0,False,,
7159334136624558,learned,0.75,evaluated,0.25,0.25,1.0,0.875,0.125,0.125,0.25,1.0,0.0,False,,
7159334136624558,learned,1,evaluated,0.0,0.0,1.0,1.0,0.0,0.0,0.0,,,False,,
8275260600630220,learned,0,evaluated,1.0,1.0,1.0,0.5,0.5,0.5,1.0,1.0,0.0,False,,
8275260600630220,learned,0.25,evaluated,0.75,0.75,1.0,0.625,0.375,0.375,0.75,1.0,0.0,False,,
8275260600630220,learned,0.5,evaluated,0.5,0.5,1.0,0.75,0.25,0.25,0.5,1.0,0.0,False,,
8275260600630220,learned,0.75,evaluated,0.25,0.25,1.0,0.8749999999999999,0.125,0.1250000000000001,0.25,1.0,0.0,False,,
8275260600630220,learned,1,evaluated,0.0,0.0,1.0,1.0,0.0,0.0,0.0,,,False,,
6229581238288817,learned,0,evaluated,1.0,1.0,1.0,0.5,0.5,0.5,1.0,1.0,0.0,False,,
6229581238288817,learned,0.25,evaluated,0.75,0.75,1.0,0.625,0.375,0.375,0.75,1.0,0.0,False,,
6229581238288817,learned,0.5,evaluated,0.5,0.5,1.0,0.7500000000000001,0.25,0.2499999999999999,0.5,1.0,0.0,False,,
6229581238288817,learned,0.75,evaluated,0.25,0.25,1.0,0.875,0.125,0.125,0.25,1.0,0.0,False,,
6229581238288817,learned,1,evaluated,0.0,0.0,1.0,1.0,0.0,0.0,0.0,,,False,,
7126398891845391,learned,0,evaluated,1.0,1.0,1.0,0.5,0.5,0.5,1.0,1.0,0.0,False,,
7126398891845391,learned,0.25,evaluated,0.75,0.75,1.0,0.6249999999999999,0.375,0.3750000000000001,0.75,1.0,0.0,False,,
7126398891845391,learned,0.5,evaluated,0.5,0.5,1.0,0.75,0.25,0.25,0.5,1.0,0.0,False,,
7126398891845391,learned,0.75,evaluated,0.25,0.25,1.0,0.875,0.125,0.125,0.25,1.0,0.0,False,,
7126398891845391,learned,1,evaluated,0.0,0.0,1.0,1.0,0.0,0.0,0.0,,,False,,
7208095542528745,learned,0,evaluated,1.0,1.0,1.0,0.5,0.5,0.5,1.0,1.0,0.0,False,,
7208095542528745,learned,0.25,evaluated,0.75,0.75,1.0,0.625,0.375,0.375,0.75,1.0,0.0,False,,
7208095542528745,learned,0.5,evaluated,0.5,0.5,1.0,0.75,0.25,0.25,0.5,1.0,0.0,False,,
7208095542528745,learned,0.75,evaluated,0.25,0.25,1.0,0.875,0.125,0.125,0.25,1.0,0.0,False,,
7208095542528745,learned,1,evaluated,0.0,0.0,1.0,1.0,0.0,0.0,0.0,,,False,,
6726862491879038,learned,0,evaluated,1.0,1.0,1.0,0.5,0.5,0.5,1.0,1.0,0.0,False,,
6726862491879038,learned,0.25,evaluated,0.75,0.75,1.0,0.625,0.375,0.375,0.75,1.0,0.0,False,,
6726862491879038,learned,0.5,evaluated,0.5,0.5,1.0,0.75,0.25,0.25,0.5,1.0,0.0,False,,
6726862491879038,learned,0.75,evaluated,0.25,0.25,1.0,0.875,0.125,0.125,0.25,1.0,0.0,False,,
6726862491879038,learned,1,evaluated,0.0,0.0,1.0,1.0,0.0,0.0,0.0,,,False,,
5167721776594332,learned,0,evaluated,1.0,1.0,1.0,0.5,0.5,0.5,1.0,1.0,0.0,False,,
5167721776594332,learned,0.25,evaluated,0.75,0.75,1.0,0.625,0.375,0.375,0.75,1.0,0.0,False,,
5167721776594332,learned,0.5,evaluated,0.5,0.5,1.0,0.75,0.25,0.25,0.5,1.0,0.0,False,,
5167721776594332,learned,0.75,evaluated,0.25,0.25,1.0,0.875,0.125,0.125,0.25,1.0,0.0,False,,
5167721776594332,learned,1,evaluated,0.0,0.0,1.0,1.0,0.0,0.0,0.0,,,False,,
5692514303383627,learned,0,evaluated,1.0,1.0,1.0,0.5,0.5,0.5,1.0,1.0,0.0,False,,
5692514303383627,learned,0.25,evaluated,0.75,0.75,1.0,0.625,0.375,0.375,0.75,1.0,0.0,False,,
5692514303383627,learned,0.5,evaluated,0.5,0.5,1.0,0.75,0.25,0.25,0.5,1.0,0.0,False,,
5692514303383627,learned,0.75,evaluated,0.25,0.25,1.0,0.875,0.125,0.125,0.25,1.0,0.0,False,,
5692514303383627,learned,1,evaluated,0.0,0.0,1.0,1.0,0.0,0.0,0.0,,,False,,
8700084720670709,learned,0,evaluated,1.0,1.0,1.0,0.5,0.5,0.5,1.0,1.0,0.0,False,,
8700084720670709,learned,0.25,evaluated,0.75,0.75,1.0,0.625,0.375,0.375,0.75,1.0,0.0,False,,
8700084720670709,learned,0.5,evaluated,0.5,0.5,1.0,0.75,0.25,0.25,0.5,1.0,0.0,False,,
8700084720670709,learned,0.75,evaluated,0.25,0.25,1.0,0.8750000000000001,0.125,0.12499999999999989,0.25,1.0,0.0,False,,
8700084720670709,learned,1,evaluated,0.0,0.0,1.0,1.0,0.0,0.0,0.0,,,False,,
6480892431088597,learned,0,evaluated,1.0,1.0,1.0,0.5,0.5,0.5,1.0,1.0,0.0,False,,
6480892431088597,learned,0.25,evaluated,0.75,0.75,1.0,0.625,0.375,0.375,0.75,1.0,0.0,False,,
6480892431088597,learned,0.5,evaluated,0.5,0.5,1.0,0.75,0.25,0.25,0.5,1.0,0.0,False,,
6480892431088597,learned,0.75,evaluated,0.25,0.25,1.0,0.875,0.125,0.125,0.25,1.0,0.0,False,,
6480892431088597,learned,1,evaluated,0.0,0.0,1.0,1.0,0.0,0.0,0.0,,,False,,
5328872199971884,learned,0,evaluated,1.0,1.0,1.0,0.5,0.5,0.5,1.0,1.0,0.0,False,,
5328872199971884,learned,0.25,evaluated,0.75,0.75,1.0,0.625,0.375,0.375,0.75,1.0,0.0,False,,
5328872199971884,learned,0.5,evaluated,0.5,0.5,1.0,0.75,0.25,0.25,0.5,1.0,0.0,False,,
5328872199971884,learned,0.75,evaluated,0.25,0.25,1.0,0.875,0.125,0.125,0.25,1.0,0.0,False,,
5328872199971884,learned,1,evaluated,0.0,0.0,1.0,1.0,0.0,0.0,0.0,,,False,,
5320650633870144,learned,0,evaluated,1.0,1.0,1.0,0.5,0.5,0.5,1.0,1.0,0.0,False,,
5320650633870144,learned,0.25,evaluated,0.75,0.75,1.0,0.6250000000000001,0.375,0.3749999999999999,0.75,1.0,0.0,False,,
5320650633870144,learned,0.5,evaluated,0.5,0.5,1.0,0.7499999999999999,0.25,0.2500000000000001,0.5,1.0,0.0,False,,
5320650633870144,learned,0.75,evaluated,0.25,0.25,1.0,0.875,0.125,0.125,0.25,1.0,0.0,False,,
5320650633870144,learned,1,evaluated,0.0,0.0,1.0,1.0,0.0,0.0,0.0,,,False,,
6250800855998601,learned,0,evaluated,1.0,1.0,1.0,0.5,0.5,0.5,1.0,1.0,0.0,False,,
6250800855998601,learned,0.25,evaluated,0.75,0.75,1.0,0.6250000000000001,0.375,0.3749999999999999,0.75,1.0,0.0,False,,
6250800855998601,learned,0.5,evaluated,0.5,0.5,1.0,0.75,0.25,0.25,0.5,1.0,0.0,False,,
6250800855998601,learned,0.75,evaluated,0.25,0.25,1.0,0.8749999999999999,0.125,0.1250000000000001,0.25,1.0,0.0,False,,
6250800855998601,learned,1,evaluated,0.0,0.0,1.0,1.0,0.0,0.0,0.0,,,False,,
8462140071895269,learned,0,evaluated,1.0,1.0,1.0,0.5,0.5,0.5,1.0,1.0,0.0,False,,
8462140071895269,learned,0.25,evaluated,0.75,0.75,1.0,0.6250000000000001,0.375,0.3749999999999999,0.75,1.0,0.0,False,,
8462140071895269,learned,0.5,evaluated,0.5,0.5,1.0,0.75,0.25,0.25,0.5,1.0,0.0,False,,
8462140071895269,learned,0.75,evaluated,0.25,0.25,1.0,0.875,0.125,0.125,0.25,1.0,0.0,False,,
8462140071895269,learned,1,evaluated,0.0,0.0,1.0,1.0,0.0,0.0,0.0,,,True,,
6149384945811947,learned,0,evaluated,1.0,1.0,1.0,0.5,0.5,0.5,1.0,1.0,0.0,False,,
6149384945811947,learned,0.25,evaluated,0.75,0.75,1.0,0.625,0.375,0.375,0.75,1.0,0.0,False,,
6149384945811947,learned,0.5,evaluated,0.5,0.5,1.0,0.7500000000000001,0.25,0.2499999999999999,0.5,1.0,0.0,False,,
6149384945811947,learned,0.75,evaluated,0.25,0.25,1.0,0.875,0.125,0.125,0.25,1.0,0.0,False,,
6149384945811947,learned,1,evaluated,0.0,0.0,1.0,1.0,0.0,0.0,0.0,,,False,,
7523813293945590,learned,0,evaluated,1.0,1.0,1.0,0.5,0.5,0.5,1.0,1.0,0.0,False,,
7523813293945590,learned,0.25,evaluated,0.75,0.75,1.0,0.625,0.375,0.375,0.75,1.0,0.0,False,,
7523813293945590,learned,0.5,evaluated,0.5,0.5,1.0,0.75,0.25,0.25,0.5,1.0,0.0,False,,
7523813293945590,learned,0.75,evaluated,0.25,0.25,1.0,0.8750000000000001,0.125,0.12499999999999989,0.25,1.0,0.0,False,,
7523813293945590,learned,1,evaluated,0.0,0.0,1.0,1.0,0.0,0.0,0.0,,,False,,
8298398935017098,learned,0,evaluated,1.0,1.0,1.0,0.5,0.5,0.5,1.0,1.0,0.0,False,,
8298398935017098,learned,0.25,evaluated,0.75,0.75,1.0,0.6250000000000001,0.375,0.3749999999999999,0.75,1.0,0.0,False,,
8298398935017098,learned,0.5,evaluated,0.5,0.5,1.0,0.75,0.25,0.25,0.5,1.0,0.0,False,,
8298398935017098,learned,0.75,evaluated,0.25,0.25,1.0,0.875,0.125,0.125,0.25,1.0,0.0,False,,
8298398935017098,learned,1,evaluated,0.0,0.0,1.0,1.0,0.0,0.0,0.0,,,False,,
6951818046760202,learned,0,evaluated,1.0,1.0,1.0,0.5,0.5,0.5,1.0,1.0,0.0,False,,
6951818046760202,learned,0.25,evaluated,0.75,0.75,1.0,0.625,0.375,0.375,0.75,1.0,0.0,False,,
6951818046760202,learned,0.5,evaluated,0.5,0.5,1.0,0.75,0.25,0.25,0.5,1.0,0.0,False,,
6951818046760202,learned,0.75,evaluated,0.25,0.25,1.0,0.875,0.125,0.125,0.25,1.0,0.0,False,,
6951818046760202,learned,1,evaluated,0.0,0.0,1.0,1.0,0.0,0.0,0.0,,,True,,
6032420163756998,learned,0,evaluated,1.0,1.0,1.0,0.5,0.5,0.5,1.0,1.0,0.0,False,,
6032420163756998,learned,0.25,evaluated,0.75,0.75,1.0,0.6250000000000001,0.375,0.3749999999999999,0.75,1.0,0.0,False,,
6032420163756998,learned,0.5,evaluated,0.5,0.5,1.0,0.7500000000000001,0.25,0.2499999999999999,0.5,1.0,0.0,False,,
6032420163756998,learned,0.75,evaluated,0.25,0.25,1.0,0.875,0.125,0.125,0.25,1.0,0.0,False,,
6032420163756998,learned,1,evaluated,0.0,0.0,0.9999999999999998,0.9999999999999998,0.0,0.0,0.0,,,False,,
5379916797793702,learned,0,evaluated,1.0,1.0,1.0,0.5,0.5,0.5,1.0,1.0,0.0,False,,
5379916797793702,learned,0.25,evaluated,0.75,0.75,1.0,0.625,0.375,0.375,0.75,1.0,0.0,False,,
5379916797793702,learned,0.5,evaluated,0.5,0.5,1.0,0.75,0.25,0.25,0.5,1.0,0.0,False,,
5379916797793702,learned,0.75,evaluated,0.25,0.25,1.0,0.875,0.125,0.125,0.25,1.0,0.0,False,,
5379916797793702,learned,1,evaluated,0.0,0.0,1.0,1.0,0.0,0.0,0.0,,,False,,
4769627744755173,learned,0,evaluated,1.0,1.0,1.0,0.5,0.5,0.5,1.0,1.0,0.0,False,,
4769627744755173,learned,0.25,evaluated,0.75,0.75,1.0,0.625,0.375,0.375,0.75,1.0,0.0,False,,
4769627744755173,learned,0.5,evaluated,0.5,0.5,1.0,0.75,0.25,0.25,0.5,1.0,0.0,False,,
4769627744755173,learned,0.75,evaluated,0.25,0.25,1.0,0.875,0.125,0.125,0.25,1.0,0.0,False,,
4769627744755173,learned,1,evaluated,0.0,0.0,1.0,1.0,0.0,0.0,0.0,,,False,,
7353047040536760,learned,0,evaluated,1.0,1.0,1.0,0.5,0.5,0.5,1.0,1.0,0.0,False,,
7353047040536760,learned,0.25,evaluated,0.75,0.75,1.0,0.625,0.375,0.375,0.75,1.0,0.0,False,,
7353047040536760,learned,0.5,evaluated,0.5,0.5,1.0,0.75,0.25,0.25,0.5,1.0,0.0,False,,
7353047040536760,learned,0.75,evaluated,0.25,0.25,1.0,0.8750000000000001,0.125,0.12499999999999989,0.25,1.0,0.0,False,,
7353047040536760,learned,1,evaluated,0.0,0.0,1.0,1.0,0.0,0.0,0.0,,,False,,
9007000185872629,learned,0,evaluated,1.0,1.0,1.0,0.5,0.5,0.5,1.0,1.0,0.0,False,,
9007000185872629,learned,0.25,evaluated,0.75,0.75,1.0,0.625,0.375,0.375,0.75,1.0,0.0,False,,
9007000185872629,learned,0.5,evaluated,0.5,0.5,1.0,0.7499999999999999,0.25,0.2500000000000001,0.5,1.0,0.0,False,,
9007000185872629,learned,0.75,evaluated,0.25,0.25,1.0,0.875,0.125,0.125,0.25,1.0,0.0,False,,
9007000185872629,learned,1,evaluated,0.0,0.0,1.0,1.0,0.0,0.0,0.0,,,False,,
7079372861089022,learned,0,evaluated,1.0,1.0,1.0,0.5,0.5,0.5,1.0,1.0,0.0,False,,
7079372861089022,learned,0.25,evaluated,0.75,0.75,1.0,0.625,0.375,0.375,0.75,1.0,0.0,False,,
7079372861089022,learned,0.5,evaluated,0.5,0.5,1.0,0.75,0.25,0.25,0.5,1.0,0.0,False,,
7079372861089022,learned,0.75,evaluated,0.25,0.25,1.0,0.8750000000000001,0.125,0.12499999999999989,0.25,1.0,0.0,False,,
7079372861089022,learned,1,evaluated,0.0,0.0,1.0,1.0,0.0,0.0,0.0,,,False,,
7373340679148561,learned,0,evaluated,1.0,1.0,1.0,0.5,0.5,0.5,1.0,1.0,0.0,False,,
7373340679148561,learned,0.25,evaluated,0.75,0.75,1.0,0.625,0.375,0.375,0.75,1.0,0.0,False,,
7373340679148561,learned,0.5,evaluated,0.5,0.5,1.0,0.75,0.25,0.25,0.5,1.0,0.0,False,,
7373340679148561,learned,0.75,evaluated,0.25,0.25,1.0,0.875,0.125,0.125,0.25,1.0,0.0,False,,
7373340679148561,learned,1,evaluated,0.0,0.0,1.0,1.0,0.0,0.0,0.0,,,False,,
7538704048390080,learned,0,evaluated,1.0,1.0,1.0,0.5,0.5,0.5,1.0,1.0,0.0,False,,
7538704048390080,learned,0.25,evaluated,0.75,0.75,1.0,0.625,0.375,0.375,0.75,1.0,0.0,False,,
7538704048390080,learned,0.5,evaluated,0.5,0.5,1.0,0.75,0.25,0.25,0.5,1.0,0.0,False,,
7538704048390080,learned,0.75,evaluated,0.25,0.25,1.0,0.8749999999999999,0.125,0.1250000000000001,0.25,1.0,0.0,False,,
7538704048390080,learned,1,evaluated,0.0,0.0,1.0,1.0,0.0,0.0,0.0,,,False,,
6713894848150077,learned,0,evaluated,1.0,1.0,1.0,0.5,0.5,0.5,1.0,1.0,0.0,False,,
6713894848150077,learned,0.25,evaluated,0.75,0.75,1.0,0.625,0.375,0.375,0.75,1.0,0.0,False,,
6713894848150077,learned,0.5,evaluated,0.5,0.5,1.0,0.75,0.25,0.25,0.5,1.0,0.0,False,,
6713894848150077,learned,0.75,evaluated,0.25,0.25,1.0,0.8749999999999999,0.125,0.1250000000000001,0.25,1.0,0.0,False,,
6713894848150077,learned,1,evaluated,0.0,0.0,1.0,1.0,0.0,0.0,0.0,,,False,,
6393066227084103,learned,0,evaluated,1.0,1.0,1.0,0.5,0.5,0.5,1.0,1.0,0.0,False,,
6393066227084103,learned,0.25,evaluated,0.75,0.75,1.0,0.625,0.375,0.375,0.75,1.0,0.0,False,,
6393066227084103,learned,0.5,evaluated,0.5,0.5,1.0,0.7499999999999999,0.25,0.2500000000000001,0.5,1.0,0.0,False,,
6393066227084103,learned,0.75,evaluated,0.25,0.25,1.0,0.8750000000000001,0.125,0.12499999999999989,0.25,1.0,0.0,False,,
6393066227084103,learned,1,evaluated,0.0,0.0,1.0,1.0,0.0,0.0,0.0,,,False,,
8503327236471138,learned,0,evaluated,1.0,1.0,1.0,0.5,0.5,0.5,1.0,1.0,0.0,False,,
8503327236471138,learned,0.25,evaluated,0.75,0.75,1.0,0.625,0.375,0.375,0.75,1.0,0.0,False,,
8503327236471138,learned,0.5,evaluated,0.5,0.5,1.0,0.75,0.25,0.25,0.5,1.0,0.0,False,,
8503327236471138,learned,0.75,evaluated,0.25,0.25,1.0,0.875,0.125,0.125,0.25,1.0,0.0,False,,
8503327236471138,learned,1,evaluated,0.0,0.0,1.0,1.0,0.0,0.0,0.0,,,False,,
5975420106107997,learned,0,evaluated,1.0,1.0,1.0,0.5,0.5,0.5,1.0,1.0,0.0,False,,
5975420106107997,learned,0.25,evaluated,0.75,0.75,1.0,0.625,0.375,0.375,0.75,1.0,0.0,False,,
5975420106107997,learned,0.5,evaluated,0.5,0.5,1.0,0.75,0.25,0.25,0.5,1.0,0.0,False,,
5975420106107997,learned,0.75,evaluated,0.25,0.25,1.0,0.875,0.125,0.125,0.25,1.0,0.0,False,,
5975420106107997,learned,1,evaluated,0.0,0.0,1.0,1.0,0.0,0.0,0.0,,,False,,
5813832471873436,learned,0,evaluated,1.0,1.0,1.0,0.5,0.5,0.5,1.0,1.0,0.0,False,,
5813832471873436,learned,0.25,evaluated,0.75,0.75,1.0,0.625,0.375,0.375,0.75,1.0,0.0,False,,
5813832471873436,learned,0.5,evaluated,0.5,0.5,1.0,0.7499999999999999,0.25,0.2500000000000001,0.5,1.0,0.0,False,,
5813832471873436,learned,0.75,evaluated,0.25,0.25,1.0,0.8749999999999999,0.125,0.1250000000000001,0.25,1.0,0.0,False,,
5813832471873436,learned,1,evaluated,0.0,0.0,1.0,1.0,0.0,0.0,0.0,,,False,,
6314554946491146,learned,0,evaluated,1.0,1.0,1.0,0.5,0.5,0.5,1.0,1.0,0.0,False,,
6314554946491146,learned,0.25,evaluated,0.75,0.75,1.0,0.625,0.375,0.375,0.75,1.0,0.0,False,,
6314554946491146,learned,0.5,evaluated,0.5,0.5,1.0,0.7500000000000001,0.25,0.2499999999999999,0.5,1.0,0.0,False,,
6314554946491146,learned,0.75,evaluated,0.25,0.25,1.0,0.8750000000000001,0.125,0.12499999999999989,0.25,1.0,0.0,False,,
6314554946491146,learned,1,evaluated,0.0,0.0,1.0,1.0,0.0,0.0,0.0,,,False,,
8916081640848378,learned,0,evaluated,1.0,1.0,1.0,0.5,0.5,0.5,1.0,1.0,0.0,False,,
8916081640848378,learned,0.25,evaluated,0.75,0.75,1.0,0.625,0.375,0.375,0.75,1.0,0.0,False,,
8916081640848378,learned,0.5,evaluated,0.5,0.5,1.0,0.7500000000000001,0.25,0.2499999999999999,0.5,1.0,0.0,False,,
8916081640848378,learned,0.75,evaluated,0.25,0.25,1.0,0.875,0.125,0.125,0.25,1.0,0.0,False,,
8916081640848378,learned,1,evaluated,0.0,0.0,1.0,1.0,0.0,0.0,0.0,,,False,,
8929952160524854,learned,0,evaluated,1.0,1.0,1.0,0.5,0.5,0.5,1.0,1.0,0.0,False,,
8929952160524854,learned,0.25,evaluated,0.75,0.75,1.0,0.625,0.375,0.375,0.75,1.0,0.0,False,,
8929952160524854,learned,0.5,evaluated,0.5,0.5,1.0,0.7500000000000001,0.25,0.2499999999999999,0.5,1.0,0.0,False,,
8929952160524854,learned,0.75,evaluated,0.25,0.25,1.0,0.875,0.125,0.125,0.25,1.0,0.0,False,,
8929952160524854,learned,1,evaluated,0.0,0.0,1.0,1.0,0.0,0.0,0.0,,,False,,
7553166187614033,learned,0,evaluated,1.0,1.0,1.0,0.5,0.5,0.5,1.0,1.0,0.0,False,,
7553166187614033,learned,0.25,evaluated,0.75,0.75,1.0,0.625,0.375,0.375,0.75,1.0,0.0,False,,
7553166187614033,learned,0.5,evaluated,0.5,0.5,1.0,0.75,0.25,0.25,0.5,1.0,0.0,False,,
7553166187614033,learned,0.75,evaluated,0.25,0.25,1.0,0.8749999999999999,0.125,0.1250000000000001,0.25,1.0,0.0,False,,
7553166187614033,learned,1,evaluated,0.0,0.0,1.0,1.0,0.0,0.0,0.0,,,False,,
4686494083255236,learned,0,evaluated,1.0,1.0,1.0,0.5,0.5,0.5,1.0,1.0,0.0,False,,
4686494083255236,learned,0.25,evaluated,0.75,0.75,1.0,0.625,0.375,0.375,0.75,1.0,0.0,False,,
4686494083255236,learned,0.5,evaluated,0.5,0.5,1.0,0.75,0.25,0.25,0.5,1.0,0.0,False,,
4686494083255236,learned,0.75,evaluated,0.25,0.25,1.0,0.875,0.125,0.125,0.25,1.0,0.0,False,,
4686494083255236,learned,1,evaluated,0.0,0.0,1.0,1.0,0.0,0.0,0.0,,,True,,
6805114347171682,learned,0,evaluated,1.0,1.0,1.0,0.5,0.5,0.5,1.0,1.0,0.0,False,,
6805114347171682,learned,0.25,evaluated,0.75,0.75,1.0,0.625,0.375,0.375,0.75,1.0,0.0,False,,
6805114347171682,learned,0.5,evaluated,0.5,0.5,1.0,0.75,0.25,0.25,0.5,1.0,0.0,False,,
6805114347171682,learned,0.75,evaluated,0.25,0.25,1.0,0.8750000000000001,0.125,0.12499999999999989,0.25,1.0,0.0,False,,
6805114347171682,learned,1,evaluated,0.0,0.0,1.0,1.0,0.0,0.0,0.0,,,False,,
8058544366064979,learned,0,evaluated,1.0,1.0,1.0,0.5,0.5,0.5,1.0,1.0,0.0,False,,
8058544366064979,learned,0.25,evaluated,0.75,0.75,1.0,0.625,0.375,0.375,0.75,1.0,0.0,False,,
8058544366064979,learned,0.5,evaluated,0.5,0.5,1.0,0.75,0.25,0.25,0.5,1.0,0.0,False,,
8058544366064979,learned,0.75,evaluated,0.25,0.25,1.0,0.875,0.125,0.125,0.25,1.0,0.0,False,,
8058544366064979,learned,1,evaluated,0.0,0.0,1.0,1.0,0.0,0.0,0.0,,,False,,
5807533327193102,learned,0,evaluated,1.0,1.0,1.0,0.5,0.5,0.5,1.0,1.0,0.0,False,,
5807533327193102,learned,0.25,evaluated,0.75,0.75,1.0,0.625,0.375,0.375,0.75,1.0,0.0,False,,
5807533327193102,learned,0.5,evaluated,0.5,0.5,1.0,0.75,0.25,0.25,0.5,1.0,0.0,False,,
5807533327193102,learned,0.75,evaluated,0.25,0.25,1.0,0.875,0.125,0.125,0.25,1.0,0.0,False,,
5807533327193102,learned,1,evaluated,0.0,0.0,1.0,1.0,0.0,0.0,0.0,,,False,,
8892926438826584,learned,0,evaluated,1.0,1.0,1.0,0.5,0.5,0.5,1.0,1.0,0.0,False,,
8892926438826584,learned,0.25,evaluated,0.75,0.75,1.0,0.6249999999999999,0.375,0.3750000000000001,0.75,1.0,0.0,False,,
8892926438826584,learned,0.5,evaluated,0.5,0.5,1.0,0.7500000000000001,0.25,0.2499999999999999,0.5,1.0,0.0,False,,
8892926438826584,learned,0.75,evaluated,0.25,0.25,1.0,0.8750000000000001,0.125,0.12499999999999989,0.25,1.0,0.0,False,,
8892926438826584,learned,1,evaluated,0.0,0.0,1.0,1.0,0.0,0.0,0.0,,,False,,
8788627409634270,learned,0,evaluated,1.0,1.0,1.0,0.5,0.5,0.5,1.0,1.0,0.0,False,,
8788627409634270,learned,0.25,evaluated,0.75,0.75,1.0,0.625,0.375,0.375,0.75,1.0,0.0,False,,
8788627409634270,learned,0.5,evaluated,0.5,0.5,1.0,0.75,0.25,0.25,0.5,1.0,0.0,False,,
8788627409634270,learned,0.75,evaluated,0.25,0.25,1.0,0.8750000000000001,0.125,0.12499999999999989,0.25,1.0,0.0,False,,
8788627409634270,learned,1,evaluated,0.0,0.0,1.0,1.0,0.0,0.0,0.0,,,False,,
7688049468320313,learned,0,evaluated,1.0,1.0,1.0,0.5,0.5,0.5,1.0,1.0,0.0,False,,
7688049468320313,learned,0.25,evaluated,0.75,0.75,1.0,0.625,0.375,0.375,0.75,1.0,0.0,False,,
7688049468320313,learned,0.5,evaluated,0.5,0.5,1.0,0.7500000000000001,0.25,0.2499999999999999,0.5,1.0,0.0,False,,
7688049468320313,learned,0.75,evaluated,0.25,0.25,1.0,0.8749999999999999,0.125,0.1250000000000001,0.25,1.0,0.0,False,,
7688049468320313,learned,1,evaluated,0.0,0.0,1.0,1.0,0.0,0.0,0.0,,,False,,
4956849168022989,learned,0,evaluated,1.0,1.0,1.0,0.5,0.5,0.5,1.0,1.0,0.0,False,,
4956849168022989,learned,0.25,evaluated,0.75,0.75,1.0,0.625,0.375,0.375,0.75,1.0,0.0,False,,
4956849168022989,learned,0.5,evaluated,0.5,0.5,1.0,0.75,0.25,0.25,0.5,1.0,0.0,False,,
4956849168022989,learned,0.75,evaluated,0.25,0.25,1.0,0.8750000000000001,0.125,0.12499999999999989,0.25,1.0,0.0,False,,
4956849168022989,learned,1,evaluated,0.0,0.0,1.0,1.0,0.0,0.0,0.0,,,False,,
5138352666877389,learned,0,evaluated,1.0,1.0,1.0,0.5,0.5,0.5,1.0,1.0,0.0,False,,
5138352666877389,learned,0.25,evaluated,0.75,0.75,1.0,0.625,0.375,0.375,0.75,1.0,0.0,False,,
5138352666877389,learned,0.5,evaluated,0.5,0.5,1.0,0.75,0.25,0.25,0.5,1.0,0.0,False,,
5138352666877389,learned,0.75,evaluated,0.25,0.25,1.0,0.875,0.125,0.125,0.25,1.0,0.0,False,,
5138352666877389,learned,1,evaluated,0.0,0.0,1.0,1.0,0.0,0.0,0.0,,,False,,
5669338138327087,learned,0,evaluated,1.0,1.0,1.0,0.5,0.5,0.5,1.0,1.0,0.0,False,,
5669338138327087,learned,0.25,evaluated,0.75,0.75,1.0,0.625,0.375,0.375,0.75,1.0,0.0,False,,
5669338138327087,learned,0.5,evaluated,0.5,0.5,1.0,0.75,0.25,0.25,0.5,1.0,0.0,False,,
5669338138327087,learned,0.75,evaluated,0.25,0.25,1.0,0.875,0.125,0.125,0.25,1.0,0.0,False,,
5669338138327087,learned,1,evaluated,0.0,0.0,1.0,1.0,0.0,0.0,0.0,,,False,,
5247960505918137,learned,0,evaluated,1.0,1.0,1.0,0.5,0.5,0.5,1.0,1.0,0.0,False,,
5247960505918137,learned,0.25,evaluated,0.75,0.75,1.0,0.625,0.375,0.375,0.75,1.0,0.0,False,,
5247960505918137,learned,0.5,evaluated,0.5,0.5,1.0,0.7500000000000001,0.25,0.2499999999999999,0.5,1.0,0.0,False,,
5247960505918137,learned,0.75,evaluated,0.25,0.25,1.0,0.875,0.125,0.125,0.25,1.0,0.0,False,,
5247960505918137,learned,1,evaluated,0.0,0.0,1.0,1.0,0.0,0.0,0.0,,,False,,
5828247019513498,learned,0,evaluated,1.0,1.0,1.0,0.5,0.5,0.5,1.0,1.0,0.0,False,,
5828247019513498,learned,0.25,evaluated,0.75,0.75,1.0,0.625,0.375,0.375,0.75,1.0,0.0,False,,
5828247019513498,learned,0.5,evaluated,0.5,0.5,1.0,0.7499999999999999,0.25,0.2500000000000001,0.5,1.0,0.0,False,,
5828247019513498,learned,0.75,evaluated,0.25,0.25,1.0,0.8749999999999999,0.125,0.1250000000000001,0.25,1.0,0.0,False,,
5828247019513498,learned,1,evaluated,0.0,0.0,1.0,1.0,0.0,0.0,0.0,,,False,,
7254676548593786,learned,0,evaluated,1.0,1.0,1.0,0.5,0.5,0.5,1.0,1.0,0.0,False,,
7254676548593786,learned,0.25,evaluated,0.75,0.75,1.0,0.625,0.375,0.375,0.75,1.0,0.0,False,,
7254676548593786,learned,0.5,evaluated,0.5,0.5,1.0,0.7500000000000001,0.25,0.2499999999999999,0.5,1.0,0.0,False,,
7254676548593786,learned,0.75,evaluated,0.25,0.25,1.0,0.8750000000000001,0.125,0.12499999999999989,0.25,1.0,0.0,False,,
7254676548593786,learned,1,evaluated,0.0,0.0,1.0,1.0,0.0,0.0,0.0,,,False,,
4595784534195734,learned,0,evaluated,1.0,1.0,1.0,0.5,0.5,0.5,1.0,1.0,0.0,False,,
4595784534195734,learned,0.25,evaluated,0.75,0.75,1.0,0.625,0.375,0.375,0.75,1.0,0.0,False,,
4595784534195734,learned,0.5,evaluated,0.5,0.5,1.0,0.75,0.25,0.25,0.5,1.0,0.0,False,,
4595784534195734,learned,0.75,evaluated,0.25,0.25,1.0,0.8750000000000001,0.125,0.12499999999999989,0.25,1.0,0.0,False,,
4595784534195734,learned,1,evaluated,0.0,0.0,1.0,1.0,0.0,0.0,0.0,,,False,,
8095956562015357,learned,0,evaluated,1.0,1.0,1.0,0.5,0.5,0.5,1.0,1.0,0.0,False,,
8095956562015357,learned,0.25,evaluated,0.75,0.75,1.0,0.625,0.375,0.375,0.75,1.0,0.0,False,,
8095956562015357,learned,0.5,evaluated,0.5,0.5,1.0,0.75,0.25,0.25,0.5,1.0,0.0,False,,
8095956562015357,learned,0.75,evaluated,0.25,0.25,1.0,0.8749999999999999,0.125,0.1250000000000001,0.25,1.0,0.0,False,,
8095956562015357,learned,1,evaluated,0.0,0.0,1.0,1.0,0.0,0.0,0.0,,,False,,
5847039912554047,learned,0,evaluated,1.0,1.0,1.0,0.5,0.5,0.5,1.0,1.0,0.0,False,,
5847039912554047,learned,0.25,evaluated,0.75,0.75,1.0,0.625,0.375,0.375,0.75,1.0,0.0,False,,
5847039912554047,learned,0.5,evaluated,0.5,0.5,1.0,0.7499999999999999,0.25,0.2500000000000001,0.5,1.0,0.0,False,,
5847039912554047,learned,0.75,evaluated,0.25,0.25,1.0,0.8749999999999999,0.125,0.1250000000000001,0.25,1.0,0.0,False,,
5847039912554047,learned,1,evaluated,0.0,0.0,0.9999999999999998,0.9999999999999998,0.0,0.0,0.0,,,False,,
6753834607070692,learned,0,evaluated,1.0,1.0,1.0,0.5,0.5,0.5,1.0,1.0,0.0,False,,
6753834607070692,learned,0.25,evaluated,0.75,0.75,1.0,0.625,0.375,0.375,0.75,1.0,0.0,False,,
6753834607070692,learned,0.5,evaluated,0.5,0.5,1.0,0.75,0.25,0.25,0.5,1.0,0.0,False,,
6753834607070692,learned,0.75,evaluated,0.25,0.25,1.0,0.875,0.125,0.125,0.25,1.0,0.0,False,,
6753834607070692,learned,1,evaluated,0.0,0.0,1.0,1.0,0.0,0.0,0.0,,,False,,
6145020578444223,learned,0,evaluated,1.0,1.0,1.0,0.5,0.5,0.5,1.0,1.0,0.0,False,,
6145020578444223,learned,0.25,evaluated,0.75,0.75,1.0,0.625,0.375,0.375,0.75,1.0,0.0,False,,
6145020578444223,learned,0.5,evaluated,0.5,0.5,1.0,0.75,0.25,0.25,0.5,1.0,0.0,False,,
6145020578444223,learned,0.75,evaluated,0.25,0.25,1.0,0.875,0.125,0.125,0.25,1.0,0.0,False,,
6145020578444223,learned,1,evaluated,0.0,0.0,1.0,1.0,0.0,0.0,0.0,,,False,,
5240660897683093,learned,0,evaluated,1.0,1.0,1.0,0.5,0.5,0.5,1.0,1.0,0.0,False,,
5240660897683093,learned,0.25,evaluated,0.75,0.75,1.0,0.625,0.375,0.375,0.75,1.0,0.0,False,,
5240660897683093,learned,0.5,evaluated,0.5,0.5,1.0,0.7499999999999999,0.25,0.2500000000000001,0.5,1.0,0.0,False,,
5240660897683093,learned,0.75,evaluated,0.25,0.25,1.0,0.875,0.125,0.125,0.25,1.0,0.0,False,,
5240660897683093,learned,1,evaluated,0.0,0.0,1.0,1.0,0.0,0.0,0.0,,,False,,
6572083261072846,learned,0,evaluated,1.0,1.0,1.0,0.5,0.5,0.5,1.0,1.0,0.0,False,,
6572083261072846,learned,0.25,evaluated,0.75,0.75,1.0,0.6249999999999999,0.375,0.3750000000000001,0.75,1.0,0.0,False,,
6572083261072846,learned,0.5,evaluated,0.5,0.5,1.0,0.7500000000000001,0.25,0.2499999999999999,0.5,1.0,0.0,False,,
6572083261072846,learned,0.75,evaluated,0.25,0.25,1.0,0.875,0.125,0.125,0.25,1.0,0.0,False,,
6572083261072846,learned,1,evaluated,0.0,0.0,1.0,1.0,0.0,0.0,0.0,,,False,,
4528167949795368,learned,0,evaluated,1.0,1.0,1.0,0.5,0.5,0.5,1.0,1.0,0.0,False,,
4528167949795368,learned,0.25,evaluated,0.75,0.75,1.0,0.6249999999999999,0.375,0.3750000000000001,0.75,1.0,0.0,False,,
4528167949795368,learned,0.5,evaluated,0.5,0.5,1.0,0.7499999999999999,0.25,0.2500000000000001,0.5,1.0,0.0,False,,
4528167949795368,learned,0.75,evaluated,0.25,0.25,1.0,0.8750000000000001,0.125,0.12499999999999989,0.25,1.0,0.0,False,,
4528167949795368,learned,1,evaluated,0.0,0.0,1.0,1.0,0.0,0.0,0.0,,,False,,
7194622940698444,learned,0,evaluated,1.0,1.0,1.0,0.5,0.5,0.5,1.0,1.0,0.0,False,,
7194622940698444,learned,0.25,evaluated,0.75,0.75,1.0,0.625,0.375,0.375,0.75,1.0,0.0,False,,
7194622940698444,learned,0.5,evaluated,0.5,0.5,1.0,0.75,0.25,0.25,0.5,1.0,0.0,False,,
7194622940698444,learned,0.75,evaluated,0.25,0.25,1.0,0.8749999999999999,0.125,0.1250000000000001,0.25,1.0,0.0,False,,
7194622940698444,learned,1,evaluated,0.0,0.0,1.0,1.0,0.0,0.0,0.0,,,False,,
6178512754307603,learned,0,evaluated,1.0,1.0,1.0,0.5,0.5,0.5,1.0,1.0,0.0,False,,
6178512754307603,learned,0.25,evaluated,0.75,0.75,1.0,0.625,0.375,0.375,0.75,1.0,0.0,False,,
6178512754307603,learned,0.5,evaluated,0.5,0.5,1.0,0.7499999999999999,0.25,0.2500000000000001,0.5,1.0,0.0,False,,
6178512754307603,learned,0.75,evaluated,0.25,0.25,1.0,0.875,0.125,0.125,0.25,1.0,0.0,False,,
6178512754307603,learned,1,evaluated,0.0,0.0,1.0,1.0,0.0,0.0,0.0,,,True,,
6106035701821435,learned,0,evaluated,1.0,1.0,1.0,0.5,0.5,0.5,1.0,1.0,0.0,False,,
6106035701821435,learned,0.25,evaluated,0.75,0.75,1.0,0.625,0.375,0.375,0.75,1.0,0.0,False,,
6106035701821435,learned,0.5,evaluated,0.5,0.5,1.0,0.75,0.25,0.25,0.5,1.0,0.0,False,,
6106035701821435,learned,0.75,evaluated,0.25,0.25,1.0,0.875,0.125,0.125,0.25,1.0,0.0,False,,
6106035701821435,learned,1,evaluated,0.0,0.0,1.0,1.0,0.0,0.0,0.0,,,False,,
4680134623982897,learned,0,evaluated,1.0,1.0,1.0,0.5,0.5,0.5,1.0,1.0,0.0,False,,
4680134623982897,learned,0.25,evaluated,0.75,0.75,1.0,0.625,0.375,0.375,0.75,1.0,0.0,False,,
4680134623982897,learned,0.5,evaluated,0.5,0.5,1.0,0.75,0.25,0.25,0.5,1.0,0.0,False,,
4680134623982897,learned,0.75,evaluated,0.25,0.25,1.0,0.8749999999999999,0.125,0.1250000000000001,0.25,1.0,0.0,False,,
4680134623982897,learned,1,evaluated,0.0,0.0,1.0,1.0,0.0,0.0,0.0,,,False,,
8274433021142319,learned,0,evaluated,1.0,1.0,1.0,0.5,0.5,0.5,1.0,1.0,0.0,False,,
8274433021142319,learned,0.25,evaluated,0.75,0.75,1.0,0.625,0.375,0.375,0.75,1.0,0.0,False,,
8274433021142319,learned,0.5,evaluated,0.5,0.5,1.0,0.7500000000000001,0.25,0.2499999999999999,0.5,1.0,0.0,False,,
8274433021142319,learned,0.75,evaluated,0.25,0.25,1.0,0.875,0.125,0.125,0.25,1.0,0.0,False,,
8274433021142319,learned,1,evaluated,0.0,0.0,1.0,1.0,0.0,0.0,0.0,,,False,,
6798013998527673,learned,0,evaluated,1.0,1.0,1.0,0.5,0.5,0.5,1.0,1.0,0.0,False,,
6798013998527673,learned,0.25,evaluated,0.75,0.75,1.0,0.625,0.375,0.375,0.75,1.0,0.0,False,,
6798013998527673,learned,0.5,evaluated,0.5,0.5,1.0,0.75,0.25,0.25,0.5,1.0,0.0,False,,
6798013998527673,learned,0.75,evaluated,0.25,0.25,1.0,0.875,0.125,0.125,0.25,1.0,0.0,False,,
6798013998527673,learned,1,evaluated,0.0,0.0,1.0,1.0,0.0,0.0,0.0,,,True,,
4911713170791865,learned,0,evaluated,1.0,1.0,1.0,0.5,0.5,0.5,1.0,1.0,0.0,False,,
4911713170791865,learned,0.25,evaluated,0.75,0.75,1.0,0.625,0.375,0.375,0.75,1.0,0.0,False,,
4911713170791865,learned,0.5,evaluated,0.5,0.5,1.0,0.75,0.25,0.25,0.5,1.0,0.0,False,,
4911713170791865,learned,0.75,evaluated,0.25,0.25,1.0,0.8749999999999999,0.125,0.1250000000000001,0.25,1.0,0.0,False,,
4911713170791865,learned,1,evaluated,0.0,0.0,1.0,1.0,0.0,0.0,0.0,,,False,,
5056201014399179,learned,0,evaluated,1.0,1.0,1.0,0.5,0.5,0.5,1.0,1.0,0.0,False,,
5056201014399179,learned,0.25,evaluated,0.75,0.75,1.0,0.625,0.375,0.375,0.75,1.0,0.0,False,,
5056201014399179,learned,0.5,evaluated,0.5,0.5,1.0,0.75,0.25,0.25,0.5,1.0,0.0,False,,
5056201014399179,learned,0.75,evaluated,0.25,0.25,1.0,0.8749999999999999,0.125,0.1250000000000001,0.25,1.0,0.0,False,,
5056201014399179,learned,1,evaluated,0.0,0.0,1.0,1.0,0.0,0.0,0.0,,,False,,
8569054703793857,learned,0,evaluated,1.0,1.0,1.0,0.5,0.5,0.5,1.0,1.0,0.0,False,,
8569054703793857,learned,0.25,evaluated,0.75,0.75,1.0,0.625,0.375,0.375,0.75,1.0,0.0,False,,
8569054703793857,learned,0.5,evaluated,0.5,0.5,1.0,0.7499999999999999,0.25,0.2500000000000001,0.5,1.0,0.0,False,,
8569054703793857,learned,0.75,evaluated,0.25,0.25,1.0,0.875,0.125,0.125,0.25,1.0,0.0,False,,
8569054703793857,learned,1,evaluated,0.0,0.0,1.0,1.0,0.0,0.0,0.0,,,False,,
4699580194147001,learned,0,evaluated,1.0,1.0,1.0,0.5,0.5,0.5,1.0,1.0,0.0,False,,
4699580194147001,learned,0.25,evaluated,0.75,0.75,1.0,0.6249999999999999,0.375,0.3750000000000001,0.75,1.0,0.0,False,,
4699580194147001,learned,0.5,evaluated,0.5,0.5,1.0,0.7499999999999999,0.25,0.2500000000000001,0.5,1.0,0.0,False,,
4699580194147001,learned,0.75,evaluated,0.25,0.25,1.0,0.875,0.125,0.125,0.25,1.0,0.0,False,,
4699580194147001,learned,1,evaluated,0.0,0.0,1.0,1.0,0.0,0.0,0.0,,,True,,
7048864844662494,learned,0,evaluated,1.0,1.0,1.0,0.5,0.5,0.5,1.0,1.0,0.0,False,,
7048864844662494,learned,0.25,evaluated,0.75,0.75,1.0,0.625,0.375,0.375,0.75,1.0,0.0,False,,
7048864844662494,learned,0.5,evaluated,0.5,0.5,1.0,0.75,0.25,0.25,0.5,1.0,0.0,False,,
7048864844662494,learned,0.75,evaluated,0.25,0.25,1.0,0.8750000000000001,0.125,0.12499999999999989,0.25,1.0,0.0,False,,
7048864844662494,learned,1,evaluated,0.0,0.0,1.0,1.0,0.0,0.0,0.0,,,False,,
8796993784271252,learned,0,evaluated,1.0,1.0,1.0,0.5,0.5,0.5,1.0,1.0,0.0,False,,
8796993784271252,learned,0.25,evaluated,0.75,0.75,1.0,0.625,0.375,0.375,0.75,1.0,0.0,False,,
8796993784271252,learned,0.5,evaluated,0.5,0.5,1.0,0.75,0.25,0.25,0.5,1.0,0.0,False,,
8796993784271252,learned,0.75,evaluated,0.25,0.25,1.0,0.8749999999999999,0.125,0.1250000000000001,0.25,1.0,0.0,False,,
8796993784271252,learned,1,evaluated,0.0,0.0,1.0,1.0,0.0,0.0,0.0,,,False,,
8567796641600686,learned,0,evaluated,1.0,1.0,1.0,0.5,0.5,0.5,1.0,1.0,0.0,False,,
8567796641600686,learned,0.25,evaluated,0.75,0.75,1.0,0.625,0.375,0.375,0.75,1.0,0.0,False,,
8567796641600686,learned,0.5,evaluated,0.5,0.5,1.0,0.75,0.25,0.25,0.5,1.0,0.0,False,,
8567796641600686,learned,0.75,evaluated,0.25,0.25,1.0,0.875,0.125,0.125,0.25,1.0,0.0,False,,
8567796641600686,learned,1,evaluated,0.0,0.0,1.0,1.0,0.0,0.0,0.0,,,False,,
8693708505861632,learned,0,evaluated,1.0,1.0,1.0,0.5,0.5,0.5,1.0,1.0,0.0,False,,
8693708505861632,learned,0.25,evaluated,0.75,0.75,1.0,0.625,0.375,0.375,0.75,1.0,0.0,False,,
8693708505861632,learned,0.5,evaluated,0.5,0.5,1.0,0.75,0.25,0.25,0.5,1.0,0.0,False,,
8693708505861632,learned,0.75,evaluated,0.25,0.25,1.0,0.875,0.125,0.125,0.25,1.0,0.0,False,,
8693708505861632,learned,1,evaluated,0.0,0.0,1.0,1.0,0.0,0.0,0.0,,,False,,
8447695212510338,learned,0,evaluated,1.0,1.0,1.0,0.5,0.5,0.5,1.0,1.0,0.0,False,,
8447695212510338,learned,0.25,evaluated,0.75,0.75,1.0,0.625,0.375,0.375,0.75,1.0,0.0,False,,
8447695212510338,learned,0.5,evaluated,0.5,0.5,1.0,0.7499999999999999,0.25,0.2500000000000001,0.5,1.0,0.0,False,,
8447695212510338,learned,0.75,evaluated,0.25,0.25,1.0,0.8749999999999999,0.125,0.1250000000000001,0.25,1.0,0.0,False,,
8447695212510338,learned,1,evaluated,0.0,0.0,1.0,1.0,0.0,0.0,0.0,,,False,,
7376897211441164,learned,0,evaluated,1.0,1.0,1.0,0.5,0.5,0.5,1.0,1.0,0.0,False,,
7376897211441164,learned,0.25,evaluated,0.75,0.75,1.0,0.6250000000000001,0.375,0.3749999999999999,0.75,1.0,0.0,False,,
7376897211441164,learned,0.5,evaluated,0.5,0.5,1.0,0.75,0.25,0.25,0.5,1.0,0.0,False,,
7376897211441164,learned,0.75,evaluated,0.25,0.25,1.0,0.875,0.125,0.125,0.25,1.0,0.0,False,,
7376897211441164,learned,1,evaluated,0.0,0.0,1.0,1.0,0.0,0.0,0.0,,,False,,
7665373344845134,learned,0,evaluated,1.0,1.0,1.0,0.5,0.5,0.5,1.0,1.0,0.0,False,,
7665373344845134,learned,0.25,evaluated,0.75,0.75,1.0,0.625,0.375,0.375,0.75,1.0,0.0,False,,
7665373344845134,learned,0.5,evaluated,0.5,0.5,1.0,0.75,0.25,0.25,0.5,1.0,0.0,False,,
7665373344845134,learned,0.75,evaluated,0.25,0.25,1.0,0.875,0.125,0.125,0.25,1.0,0.0,False,,
7665373344845134,learned,1,evaluated,0.0,0.0,1.0,1.0,0.0,0.0,0.0,,,False,,
5103962951979309,learned,0,evaluated,1.0,1.0,1.0,0.5,0.5,0.5,1.0,1.0,0.0,False,,
5103962951979309,learned,0.25,evaluated,0.75,0.75,1.0,0.625,0.375,0.375,0.75,1.0,0.0,False,,
5103962951979309,learned,0.5,evaluated,0.5,0.5,1.0,0.75,0.25,0.25,0.5,1.0,0.0,False,,
5103962951979309,learned,0.75,evaluated,0.25,0.25,1.0,0.875,0.125,0.125,0.25,1.0,0.0,False,,
5103962951979309,learned,1,evaluated,0.0,0.0,1.0,1.0,0.0,0.0,0.0,,,False,,
4531411118106742,learned,0,evaluated,1.0,1.0,1.0,0.5,0.5,0.5,1.0,1.0,0.0,False,,
4531411118106742,learned,0.25,evaluated,0.75,0.75,1.0,0.6250000000000001,0.375,0.3749999999999999,0.75,1.0,0.0,False,,
4531411118106742,learned,0.5,evaluated,0.5,0.5,1.0,0.75,0.25,0.25,0.5,1.0,0.0,False,,
4531411118106742,learned,0.75,evaluated,0.25,0.25,1.0,0.8750000000000001,0.125,0.12499999999999989,0.25,1.0,0.0,False,,
4531411118106742,learned,1,evaluated,0.0,0.0,1.0,1.0,0.0,0.0,0.0,,,False,,
6245760158822776,learned,0,evaluated,1.0,1.0,1.0,0.5,0.5,0.5,1.0,1.0,0.0,False,,
6245760158822776,learned,0.25,evaluated,0.75,0.75,1.0,0.625,0.375,0.375,0.75,1.0,0.0,False,,
6245760158822776,learned,0.5,evaluated,0.5,0.5,1.0,0.75,0.25,0.25,0.5,1.0,0.0,False,,
6245760158822776,learned,0.75,evaluated,0.25,0.25,1.0,0.875,0.125,0.125,0.25,1.0,0.0,False,,
6245760158822776,learned,1,evaluated,0.0,0.0,1.0,1.0,0.0,0.0,0.0,,,False,,
5187990724532159,learned,0,evaluated,1.0,1.0,1.0,0.5,0.5,0.5,1.0,1.0,0.0,False,,
5187990724532159,learned,0.25,evaluated,0.75,0.75,1.0,0.625,0.375,0.375,0.75,1.0,0.0,False,,
5187990724532159,learned,0.5,evaluated,0.5,0.5,1.0,0.7499999999999999,0.25,0.2500000000000001,0.5,1.0,0.0,False,,
5187990724532159,learned,0.75,evaluated,0.25,0.25,1.0,0.8750000000000001,0.125,0.12499999999999989,0.25,1.0,0.0,False,,
5187990724532159,learned,1,evaluated,0.0,0.0,1.0,1.0,0.0,0.0,0.0,,,False,,
5171476996463958,learned,0,evaluated,1.0,1.0,1.0,0.5,0.5,0.5,1.0,1.0,0.0,False,,
5171476996463958,learned,0.25,evaluated,0.75,0.75,1.0,0.625,0.375,0.375,0.75,1.0,0.0,False,,
5171476996463958,learned,0.5,evaluated,0.5,0.5,1.0,0.75,0.25,0.25,0.5,1.0,0.0,False,,
5171476996463958,learned,0.75,evaluated,0.25,0.25,1.0,0.875,0.125,0.125,0.25,1.0,0.0,False,,
5171476996463958,learned,1,evaluated,0.0,0.0,1.0,1.0,0.0,0.0,0.0,,,False,,
4668212906132601,learned,0,evaluated,1.0,1.0,1.0,0.5,0.5,0.5,1.0,1.0,0.0,False,,
4668212906132601,learned,0.25,evaluated,0.75,0.75,1.0,0.625,0.375,0.375,0.75,1.0,0.0,False,,
4668212906132601,learned,0.5,evaluated,0.5,0.5,1.0,0.75,0.25,0.25,0.5,1.0,0.0,False,,
4668212906132601,learned,0.75,evaluated,0.25,0.25,1.0,0.8749999999999999,0.125,0.1250000000000001,0.25,1.0,0.0,False,,
4668212906132601,learned,1,evaluated,0.0,0.0,1.0,1.0,0.0,0.0,0.0,,,False,,
6603279606852785,learned,0,evaluated,1.0,1.0,1.0,0.5,0.5,0.5,1.0,1.0,0.0,False,,
6603279606852785,learned,0.25,evaluated,0.75,0.75,1.0,0.625,0.375,0.375,0.75,1.0,0.0,False,,
6603279606852785,learned,0.5,evaluated,0.5,0.5,1.0,0.75,0.25,0.25,0.5,1.0,0.0,False,,
6603279606852785,learned,0.75,evaluated,0.25,0.25,1.0,0.8750000000000001,0.125,0.12499999999999989,0.25,1.0,0.0,False,,
6603279606852785,learned,1,evaluated,0.0,0.0,1.0,1.0,0.0,0.0,0.0,,,False,,
8618002265329928,learned,0,evaluated,1.0,1.0,1.0,0.5,0.5,0.5,1.0,1.0,0.0,False,,
8618002265329928,learned,0.25,evaluated,0.75,0.75,1.0,0.625,0.375,0.375,0.75,1.0,0.0,False,,
8618002265329928,learned,0.5,evaluated,0.5,0.5,1.0,0.7500000000000001,0.25,0.2499999999999999,0.5,1.0,0.0,False,,
8618002265329928,learned,0.75,evaluated,0.25,0.25,1.0,0.8750000000000001,0.125,0.12499999999999989,0.25,1.0,0.0,False,,
8618002265329928,learned,1,evaluated,0.0,0.0,1.0,1.0,0.0,0.0,0.0,,,False,,
5638985731817786,learned,0,evaluated,1.0,1.0,1.0,0.5,0.5,0.5,1.0,1.0,0.0,False,,
5638985731817786,learned,0.25,evaluated,0.75,0.75,1.0,0.625,0.375,0.375,0.75,1.0,0.0,False,,
5638985731817786,learned,0.5,evaluated,0.5,0.5,1.0,0.75,0.25,0.25,0.5,1.0,0.0,False,,
5638985731817786,learned,0.75,evaluated,0.25,0.25,1.0,0.875,0.125,0.125,0.25,1.0,0.0,False,,
5638985731817786,learned,1,evaluated,0.0,0.0,1.0,1.0,0.0,0.0,0.0,,,True,,
6830206665860415,learned,0,evaluated,1.0,1.0,1.0,0.5,0.5,0.5,1.0,1.0,0.0,False,,
6830206665860415,learned,0.25,evaluated,0.75,0.75,1.0,0.625,0.375,0.375,0.75,1.0,0.0,False,,
6830206665860415,learned,0.5,evaluated,0.5,0.5,1.0,0.75,0.25,0.25,0.5,1.0,0.0,False,,
6830206665860415,learned,0.75,evaluated,0.25,0.25,1.0,0.8749999999999999,0.125,0.1250000000000001,0.25,1.0,0.0,False,,
6830206665860415,learned,1,evaluated,0.0,0.0,1.0,1.0,0.0,0.0,0.0,,,False,,
7698741385612395,learned,0,evaluated,1.0,1.0,1.0,0.5,0.5,0.5,1.0,1.0,0.0,False,,
7698741385612395,learned,0.25,evaluated,0.75,0.75,1.0,0.625,0.375,0.375,0.75,1.0,0.0,False,,
7698741385612395,learned,0.5,evaluated,0.5,0.5,1.0,0.75,0.25,0.25,0.5,1.0,0.0,False,,
7698741385612395,learned,0.75,evaluated,0.25,0.25,1.0,0.875,0.125,0.125,0.25,1.0,0.0,False,,
7698741385612395,learned,1,evaluated,0.0,0.0,1.0,1.0,0.0,0.0,0.0,,,False,,
5411041893334660,learned,0,evaluated,1.0,1.0,1.0,0.5,0.5,0.5,1.0,1.0,0.0,False,,
5411041893334660,learned,0.25,evaluated,0.75,0.75,1.0,0.625,0.375,0.375,0.75,1.0,0.0,False,,
5411041893334660,learned,0.5,evaluated,0.5,0.5,1.0,0.75,0.25,0.25,0.5,1.0,0.0,False,,
5411041893334660,learned,0.75,evaluated,0.25,0.25,1.0,0.8749999999999999,0.125,0.1250000000000001,0.25,1.0,0.0,False,,
5411041893334660,learned,1,evaluated,0.0,0.0,1.0,1.0,0.0,0.0,0.0,,,False,,
7294228965045266,learned,0,evaluated,1.0,1.0,1.0,0.5,0.5,0.5,1.0,1.0,0.0,False,,
7294228965045266,learned,0.25,evaluated,0.75,0.75,1.0,0.625,0.375,0.375,0.75,1.0,0.0,False,,
7294228965045266,learned,0.5,evaluated,0.5,0.5,1.0,0.7500000000000001,0.25,0.2499999999999999,0.5,1.0,0.0,False,,
7294228965045266,learned,0.75,evaluated,0.25,0.25,1.0,0.875,0.125,0.125,0.25,1.0,0.0,False,,
7294228965045266,learned,1,evaluated,0.0,0.0,1.0,1.0,0.0,0.0,0.0,,,True,,
8626390046224340,learned,0,evaluated,1.0,1.0,1.0,0.5,0.5,0.5,1.0,1.0,0.0,False,,
8626390046224340,learned,0.25,evaluated,0.75,0.75,1.0,0.6250000000000001,0.375,0.3749999999999999,0.75,1.0,0.0,False,,
8626390046224340,learned,0.5,evaluated,0.5,0.5,1.0,0.75,0.25,0.25,0.5,1.0,0.0,False,,
8626390046224340,learned,0.75,evaluated,0.25,0.25,1.0,0.875,0.125,0.125,0.25,1.0,0.0,False,,
8626390046224340,learned,1,evaluated,0.0,0.0,1.0,1.0,0.0,0.0,0.0,,,True,,
7574581156743973,learned,0,evaluated,1.0,1.0,1.0,0.5,0.5,0.5,1.0,1.0,0.0,False,,
7574581156743973,learned,0.25,evaluated,0.75,0.75,1.0,0.625,0.375,0.375,0.75,1.0,0.0,False,,
7574581156743973,learned,0.5,evaluated,0.5,0.5,1.0,0.75,0.25,0.25,0.5,1.0,0.0,False,,
7574581156743973,learned,0.75,evaluated,0.25,0.25,1.0,0.8749999999999999,0.125,0.1250000000000001,0.25,1.0,0.0,False,,
7574581156743973,learned,1,evaluated,0.0,0.0,1.0,1.0,0.0,0.0,0.0,,,False,,
7600820203601454,learned,0,evaluated,1.0,1.0,1.0,0.5,0.5,0.5,1.0,1.0,0.0,False,,
7600820203601454,learned,0.25,evaluated,0.75,0.75,1.0,0.625,0.375,0.375,0.75,1.0,0.0,False,,
7600820203601454,learned,0.5,evaluated,0.5,0.5,1.0,0.75,0.25,0.25,0.5,1.0,0.0,False,,
7600820203601454,learned,0.75,evaluated,0.25,0.25,1.0,0.875,0.125,0.125,0.25,1.0,0.0,False,,
7600820203601454,learned,1,evaluated,0.0,0.0,1.0,1.0,0.0,0.0,0.0,,,False,,
8929206611991801,learned,0,evaluated,1.0,1.0,1.0,0.5,0.5,0.5,1.0,1.0,0.0,False,,
8929206611991801,learned,0.25,evaluated,0.75,0.75,1.0,0.625,0.375,0.375,0.75,1.0,0.0,False,,
8929206611991801,learned,0.5,evaluated,0.5,0.5,1.0,0.75,0.25,0.25,0.5,1.0,0.0,False,,
8929206611991801,learned,0.75,evaluated,0.25,0.25,1.0,0.875,0.125,0.125,0.25,1.0,0.0,False,,
8929206611991801,learned,1,evaluated,0.0,0.0,1.0,1.0,0.0,0.0,0.0,,,False,,
6900048993075512,learned,0,evaluated,1.0,1.0,1.0,0.5,0.5,0.5,1.0,1.0,0.0,False,,
6900048993075512,learned,0.25,evaluated,0.75,0.75,1.0,0.625,0.375,0.375,0.75,1.0,0.0,False,,
6900048993075512,learned,0.5,evaluated,0.5,0.5,1.0,0.75,0.25,0.25,0.5,1.0,0.0,False,,
6900048993075512,learned,0.75,evaluated,0.25,0.25,1.0,0.875,0.125,0.125,0.25,1.0,0.0,False,,
6900048993075512,learned,1,evaluated,0.0,0.0,1.0,1.0,0.0,0.0,0.0,,,False,,
5175426463524091,learned,0,evaluated,1.0,1.0,1.0,0.5,0.5,0.5,1.0,1.0,0.0,False,,
5175426463524091,learned,0.25,evaluated,0.75,0.75,1.0,0.625,0.375,0.375,0.75,1.0,0.0,False,,
5175426463524091,learned,0.5,evaluated,0.5,0.5,1.0,0.7500000000000001,0.25,0.2499999999999999,0.5,1.0,0.0,False,,
5175426463524091,learned,0.75,evaluated,0.25,0.25,1.0,0.8750000000000001,0.125,0.12499999999999989,0.25,1.0,0.0,False,,
5175426463524091,learned,1,evaluated,0.0,0.0,1.0,1.0,0.0,0.0,0.0,,,False,,
5701933456983222,learned,0,evaluated,1.0,1.0,1.0,0.5,0.5,0.5,1.0,1.0,0.0,False,,
5701933456983222,learned,0.25,evaluated,0.75,0.75,1.0,0.6250000000000001,0.375,0.3749999999999999,0.75,1.0,0.0,False,,
5701933456983222,learned,0.5,evaluated,0.5,0.5,1.0,0.75,0.25,0.25,0.5,1.0,0.0,False,,
5701933456983222,learned,0.75,evaluated,0.25,0.25,1.0,0.875,0.125,0.125,0.25,1.0,0.0,False,,
5701933456983222,learned,1,evaluated,0.0,0.0,1.0,1.0,0.0,0.0,0.0,,,False,,
8458432618870198,learned,0,evaluated,1.0,1.0,1.0,0.5,0.5,0.5,1.0,1.0,0.0,False,,
8458432618870198,learned,0.25,evaluated,0.75,0.75,1.0,0.625,0.375,0.375,0.75,1.0,0.0,False,,
8458432618870198,learned,0.5,evaluated,0.5,0.5,1.0,0.75,0.25,0.25,0.5,1.0,0.0,False,,
8458432618870198,learned,0.75,evaluated,0.25,0.25,1.0,0.875,0.125,0.125,0.25,1.0,0.0,False,,
8458432618870198,learned,1,evaluated,0.0,0.0,1.0,1.0,0.0,0.0,0.0,,,False,,
5512406005711640,learned,0,evaluated,1.0,1.0,1.0,0.5,0.5,0.5,1.0,1.0,0.0,False,,
5512406005711640,learned,0.25,evaluated,0.75,0.75,1.0,0.625,0.375,0.375,0.75,1.0,0.0,False,,
5512406005711640,learned,0.5,evaluated,0.5,0.5,1.0,0.7500000000000001,0.25,0.2499999999999999,0.5,1.0,0.0,False,,
5512406005711640,learned,0.75,evaluated,0.25,0.25,1.0,0.875,0.125,0.125,0.25,1.0,0.0,False,,
5512406005711640,learned,1,evaluated,0.0,0.0,1.0000000000000002,1.0000000000000002,0.0,0.0,0.0,,,False,,
8132885486322504,learned,0,evaluated,1.0,1.0,1.0,0.5,0.5,0.5,1.0,1.0,0.0,False,,
8132885486322504,learned,0.25,evaluated,0.75,0.75,1.0,0.625,0.375,0.375,0.75,1.0,0.0,False,,
8132885486322504,learned,0.5,evaluated,0.5,0.5,1.0,0.7500000000000001,0.25,0.2499999999999999,0.5,1.0,0.0,False,,
8132885486322504,learned,0.75,evaluated,0.25,0.25,1.0,0.875,0.125,0.125,0.25,1.0,0.0,False,,
8132885486322504,learned,1,evaluated,0.0,0.0,1.0,1.0,0.0,0.0,0.0,,,False,,
6362181083759824,learned,0,evaluated,1.0,1.0,1.0,0.5,0.5,0.5,1.0,1.0,0.0,False,,
6362181083759824,learned,0.25,evaluated,0.75,0.75,1.0,0.625,0.375,0.375,0.75,1.0,0.0,False,,
6362181083759824,learned,0.5,evaluated,0.5,0.5,1.0,0.7499999999999999,0.25,0.2500000000000001,0.5,1.0,0.0,False,,
6362181083759824,learned,0.75,evaluated,0.25,0.25,1.0,0.8749999999999999,0.125,0.1250000000000001,0.25,1.0,0.0,False,,
6362181083759824,learned,1,evaluated,0.0,0.0,1.0,1.0,0.0,0.0,0.0,,,False,,
8068891031814092,learned,0,evaluated,1.0,1.0,1.0,0.5,0.5,0.5,1.0,1.0,0.0,False,,
8068891031814092,learned,0.25,evaluated,0.75,0.75,1.0,0.625,0.375,0.375,0.75,1.0,0.0,False,,
8068891031814092,learned,0.5,evaluated,0.5,0.5,1.0,0.75,0.25,0.25,0.5,1.0,0.0,False,,
8068891031814092,learned,0.75,evaluated,0.25,0.25,1.0,0.8749999999999999,0.125,0.1250000000000001,0.25,1.0,0.0,False,,
8068891031814092,learned,1,evaluated,0.0,0.0,1.0,1.0,0.0,0.0,0.0,,,True,,
6586133627771305,learned,0,evaluated,1.0,1.0,1.0,0.5,0.5,0.5,1.0,1.0,0.0,False,,
6586133627771305,learned,0.25,evaluated,0.75,0.75,1.0,0.625,0.375,0.375,0.75,1.0,0.0,False,,
6586133627771305,learned,0.5,evaluated,0.5,0.5,1.0,0.75,0.25,0.25,0.5,1.0,0.0,False,,
6586133627771305,learned,0.75,evaluated,0.25,0.25,1.0,0.875,0.125,0.125,0.25,1.0,0.0,False,,
6586133627771305,learned,1,evaluated,0.0,0.0,1.0,1.0,0.0,0.0,0.0,,,False,,
5308906217970739,learned,0,evaluated,1.0,1.0,1.0,0.5,0.5,0.5,1.0,1.0,0.0,False,,
5308906217970739,learned,0.25,evaluated,0.75,0.75,1.0,0.6249999999999999,0.375,0.3750000000000001,0.75,1.0,0.0,False,,
5308906217970739,learned,0.5,evaluated,0.5,0.5,1.0,0.75,0.25,0.25,0.5,1.0,0.0,False,,
5308906217970739,learned,0.75,evaluated,0.25,0.25,1.0,0.875,0.125,0.125,0.25,1.0,0.0,False,,
5308906217970739,learned,1,evaluated,0.0,0.0,1.0,1.0,0.0,0.0,0.0,,,False,,
6477202534809944,learned,0,evaluated,1.0,1.0,1.0,0.5,0.5,0.5,1.0,1.0,0.0,False,,
6477202534809944,learned,0.25,evaluated,0.75,0.75,1.0,0.625,0.375,0.375,0.75,1.0,0.0,False,,
6477202534809944,learned,0.5,evaluated,0.5,0.5,1.0,0.75,0.25,0.25,0.5,1.0,0.0,False,,
6477202534809944,learned,0.75,evaluated,0.25,0.25,1.0,0.875,0.125,0.125,0.25,1.0,0.0,False,,
6477202534809944,learned,1,evaluated,0.0,0.0,1.0,1.0,0.0,0.0,0.0,,,False,,
7595238906593823,learned,0,evaluated,1.0,1.0,1.0,0.5,0.5,0.5,1.0,1.0,0.0,False,,
7595238906593823,learned,0.25,evaluated,0.75,0.75,1.0,0.625,0.375,0.375,0.75,1.0,0.0,False,,
7595238906593823,learned,0.5,evaluated,0.5,0.5,1.0,0.75,0.25,0.25,0.5,1.0,0.0,False,,
7595238906593823,learned,0.75,evaluated,0.25,0.25,1.0,0.8750000000000001,0.125,0.12499999999999989,0.25,1.0,0.0,False,,
7595238906593823,learned,1,evaluated,0.0,0.0,1.0,1.0,0.0,0.0,0.0,,,False,,
6894898852798671,learned,0,evaluated,1.0,1.0,1.0,0.5,0.5,0.5,1.0,1.0,0.0,False,,
6894898852798671,learned,0.25,evaluated,0.75,0.75,1.0,0.6249999999999999,0.375,0.3750000000000001,0.75,1.0,0.0,False,,
6894898852798671,learned,0.5,evaluated,0.5,0.5,1.0,0.75,0.25,0.25,0.5,1.0,0.0,False,,
6894898852798671,learned,0.75,evaluated,0.25,0.25,1.0,0.8750000000000001,0.125,0.12499999999999989,0.25,1.0,0.0,False,,
6894898852798671,learned,1,evaluated,0.0,0.0,1.0,1.0,0.0,0.0,0.0,,,False,,
6866606642035744,learned,0,evaluated,1.0,1.0,1.0,0.5,0.5,0.5,1.0,1.0,0.0,False,,
6866606642035744,learned,0.25,evaluated,0.75,0.75,1.0,0.625,0.375,0.375,0.75,1.0,0.0,False,,
6866606642035744,learned,0.5,evaluated,0.5,0.5,1.0,0.7499999999999999,0.25,0.2500000000000001,0.5,1.0,0.0,False,,
6866606642035744,learned,0.75,evaluated,0.25,0.25,1.0,0.875,0.125,0.125,0.25,1.0,0.0,False,,
6866606642035744,learned,1,evaluated,0.0,0.0,1.0,1.0,0.0,0.0,0.0,,,True,,
5178115573784760,learned,0,evaluated,1.0,1.0,1.0,0.5,0.5,0.5,1.0,1.0,0.0,False,,
5178115573784760,learned,0.25,evaluated,0.75,0.75,1.0,0.625,0.375,0.375,0.75,1.0,0.0,False,,
5178115573784760,learned,0.5,evaluated,0.5,0.5,1.0,0.7499999999999999,0.25,0.2500000000000001,0.5,1.0,0.0,False,,
5178115573784760,learned,0.75,evaluated,0.25,0.25,1.0,0.875,0.125,0.125,0.25,1.0,0.0,False,,
5178115573784760,learned,1,evaluated,0.0,0.0,1.0,1.0,0.0,0.0,0.0,,,False,,
6608911689536610,learned,0,evaluated,1.0,1.0,1.0,0.5,0.5,0.5,1.0,1.0,0.0,False,,
6608911689536610,learned,0.25,evaluated,0.75,0.75,1.0,0.6249999999999999,0.375,0.3750000000000001,0.75,1.0,0.0,False,,
6608911689536610,learned,0.5,evaluated,0.5,0.5,1.0,0.75,0.25,0.25,0.5,1.0,0.0,False,,
6608911689536610,learned,0.75,evaluated,0.25,0.25,1.0,0.875,0.125,0.125,0.25,1.0,0.0,False,,
6608911689536610,learned,1,evaluated,0.0,0.0,1.0,1.0,0.0,0.0,0.0,,,False,,
5150851167228370,learned,0,evaluated,1.0,1.0,1.0,0.5,0.5,0.5,1.0,1.0,0.0,False,,
5150851167228370,learned,0.25,evaluated,0.75,0.75,1.0,0.625,0.375,0.375,0.75,1.0,0.0,False,,
5150851167228370,learned,0.5,evaluated,0.5,0.5,1.0,0.75,0.25,0.25,0.5,1.0,0.0,False,,
5150851167228370,learned,0.75,evaluated,0.25,0.25,1.0,0.875,0.125,0.125,0.25,1.0,0.0,False,,
5150851167228370,learned,1,evaluated,0.0,0.0,1.0,1.0,0.0,0.0,0.0,,,False,,
7447117066915054,learned,0,evaluated,1.0,1.0,1.0,0.5,0.5,0.5,1.0,1.0,0.0,False,,
7447117066915054,learned,0.25,evaluated,0.75,0.75,1.0,0.625,0.375,0.375,0.75,1.0,0.0,False,,
7447117066915054,learned,0.5,evaluated,0.5,0.5,1.0,0.75,0.25,0.25,0.5,1.0,0.0,False,,
7447117066915054,learned,0.75,evaluated,0.25,0.25,1.0,0.8750000000000001,0.125,0.12499999999999989,0.25,1.0,0.0,False,,
7447117066915054,learned,1,evaluated,0.0,0.0,1.0,1.0,0.0,0.0,0.0,,,False,,
7265140916789096,learned,0,evaluated,1.0,1.0,1.0,0.5,0.5,0.5,1.0,1.0,0.0,False,,
7265140916789096,learned,0.25,evaluated,0.75,0.75,1.0,0.625,0.375,0.375,0.75,1.0,0.0,False,,
7265140916789096,learned,0.5,evaluated,0.5,0.5,1.0,0.75,0.25,0.25,0.5,1.0,0.0,False,,
7265140916789096,learned,0.75,evaluated,0.25,0.25,1.0,0.875,0.125,0.125,0.25,1.0,0.0,False,,
7265140916789096,learned,1,evaluated,0.0,0.0,1.0,1.0,0.0,0.0,0.0,,,False,,
8222570450007611,learned,0,evaluated,1.0,1.0,1.0,0.5,0.5,0.5,1.0,1.0,0.0,False,,
8222570450007611,learned,0.25,evaluated,0.75,0.75,1.0,0.6250000000000001,0.375,0.3749999999999999,0.75,1.0,0.0,False,,
8222570450007611,learned,0.5,evaluated,0.5,0.5,1.0,0.75,0.25,0.25,0.5,1.0,0.0,False,,
8222570450007611,learned,0.75,evaluated,0.25,0.25,1.0,0.875,0.125,0.125,0.25,1.0,0.0,False,,
8222570450007611,learned,1,evaluated,0.0,0.0,1.0,1.0,0.0,0.0,0.0,,,False,,
7520703083490026,learned,0,evaluated,1.0,1.0,1.0,0.5,0.5,0.5,1.0,1.0,0.0,False,,
7520703083490026,learned,0.25,evaluated,0.75,0.75,1.0,0.625,0.375,0.375,0.75,1.0,0.0,False,,
7520703083490026,learned,0.5,evaluated,0.5,0.5,1.0,0.7499999999999999,0.25,0.2500000000000001,0.5,1.0,0.0,False,,
7520703083490026,learned,0.75,evaluated,0.25,0.25,1.0,0.8750000000000001,0.125,0.12499999999999989,0.25,1.0,0.0,False,,
7520703083490026,learned,1,evaluated,0.0,0.0,1.0,1.0,0.0,0.0,0.0,,,False,,
7937289334576025,learned,0,evaluated,1.0,1.0,1.0,0.5,0.5,0.5,1.0,1.0,0.0,False,,
7937289334576025,learned,0.25,evaluated,0.75,0.75,1.0,0.625,0.375,0.375,0.75,1.0,0.0,False,,
7937289334576025,learned,0.5,evaluated,0.5,0.5,1.0,0.7500000000000001,0.25,0.2499999999999999,0.5,1.0,0.0,False,,
7937289334576025,learned,0.75,evaluated,0.25,0.25,1.0,0.8749999999999999,0.125,0.1250000000000001,0.25,1.0,0.0,False,,
7937289334576025,learned,1,evaluated,0.0,0.0,1.0,1.0,0.0,0.0,0.0,,,False,,
8031251621782686,learned,0,evaluated,1.0,1.0,1.0,0.5,0.5,0.5,1.0,1.0,0.0,False,,
8031251621782686,learned,0.25,evaluated,0.75,0.75,1.0,0.625,0.375,0.375,0.75,1.0,0.0,False,,
8031251621782686,learned,0.5,evaluated,0.5,0.5,1.0,0.75,0.25,0.25,0.5,1.0,0.0,False,,
8031251621782686,learned,0.75,evaluated,0.25,0.25,1.0,0.8749999999999999,0.125,0.1250000000000001,0.25,1.0,0.0,False,,
8031251621782686,learned,1,evaluated,0.0,0.0,1.0,1.0,0.0,0.0,0.0,,,False,,
4675980289319755,learned,0,evaluated,1.0,1.0,1.0,0.5,0.5,0.5,1.0,1.0,0.0,False,,
4675980289319755,learned,0.25,evaluated,0.75,0.75,1.0,0.625,0.375,0.375,0.75,1.0,0.0,False,,
4675980289319755,learned,0.5,evaluated,0.5,0.5,1.0,0.7500000000000001,0.25,0.2499999999999999,0.5,1.0,0.0,False,,
4675980289319755,learned,0.75,evaluated,0.25,0.25,1.0,0.875,0.125,0.125,0.25,1.0,0.0,False,,
4675980289319755,learned,1,evaluated,0.0,0.0,1.0,1.0,0.0,0.0,0.0,,,False,,
8378455272928964,learned,0,evaluated,1.0,1.0,1.0,0.5,0.5,0.5,1.0,1.0,0.0,False,,
8378455272928964,learned,0.25,evaluated,0.75,0.75,1.0,0.6249999999999999,0.375,0.3750000000000001,0.75,1.0,0.0,False,,
8378455272928964,learned,0.5,evaluated,0.5,0.5,1.0,0.75,0.25,0.25,0.5,1.0,0.0,False,,
8378455272928964,learned,0.75,evaluated,0.25,0.25,1.0,0.8750000000000001,0.125,0.12499999999999989,0.25,1.0,0.0,False,,
8378455272928964,learned,1,evaluated,0.0,0.0,1.0,1.0,0.0,0.0,0.0,,,False,,
6291057847018879,learned,0,evaluated,1.0,1.0,1.0,0.5,0.5,0.5,1.0,1.0,0.0,False,,
6291057847018879,learned,0.25,evaluated,0.75,0.75,1.0,0.625,0.375,0.375,0.75,1.0,0.0,False,,
6291057847018879,learned,0.5,evaluated,0.5,0.5,1.0,0.75,0.25,0.25,0.5,1.0,0.0,False,,
6291057847018879,learned,0.75,evaluated,0.25,0.25,1.0,0.875,0.125,0.125,0.25,1.0,0.0,False,,
6291057847018879,learned,1,evaluated,0.0,0.0,1.0,1.0,0.0,0.0,0.0,,,False,,
8697261069071826,learned,0,evaluated,1.0,1.0,1.0,0.5,0.5,0.5,1.0,1.0,0.0,False,,
8697261069071826,learned,0.25,evaluated,0.75,0.75,1.0,0.625,0.375,0.375,0.75,1.0,0.0,False,,
8697261069071826,learned,0.5,evaluated,0.5,0.5,1.0,0.75,0.25,0.25,0.5,1.0,0.0,False,,
8697261069071826,learned,0.75,evaluated,0.25,0.25,1.0,0.8749999999999999,0.125,0.1250000000000001,0.25,1.0,0.0,False,,
8697261069071826,learned,1,evaluated,0.0,0.0,1.0,1.0,0.0,0.0,0.0,,,False,,
7974710277293019,learned,0,evaluated,1.0,1.0,1.0,0.5,0.5,0.5,1.0,1.0,0.0,False,,
7974710277293019,learned,0.25,evaluated,0.75,0.75,1.0,0.625,0.375,0.375,0.75,1.0,0.0,False,,
7974710277293019,learned,0.5,evaluated,0.5,0.5,1.0,0.75,0.25,0.25,0.5,1.0,0.0,False,,
7974710277293019,learned,0.75,evaluated,0.25,0.25,1.0,0.875,0.125,0.125,0.25,1.0,0.0,False,,
7974710277293019,learned,1,evaluated,0.0,0.0,1.0,1.0,0.0,0.0,0.0,,,False,,
5704777099179131,learned,0,evaluated,1.0,1.0,1.0,0.5,0.5,0.5,1.0,1.0,0.0,False,,
5704777099179131,learned,0.25,evaluated,0.75,0.75,1.0,0.625,0.375,0.375,0.75,1.0,0.0,False,,
5704777099179131,learned,0.5,evaluated,0.5,0.5,1.0,0.75,0.25,0.25,0.5,1.0,0.0,False,,
5704777099179131,learned,0.75,evaluated,0.25,0.25,1.0,0.875,0.125,0.125,0.25,1.0,0.0,False,,
5704777099179131,learned,1,evaluated,0.0,0.0,1.0,1.0,0.0,0.0,0.0,,,False,,
4667587628074147,learned,0,evaluated,1.0,1.0,1.0,0.5,0.5,0.5,1.0,1.0,0.0,False,,
4667587628074147,learned,0.25,evaluated,0.75,0.75,1.0,0.625,0.375,0.375,0.75,1.0,0.0,False,,
4667587628074147,learned,0.5,evaluated,0.5,0.5,1.0,0.75,0.25,0.25,0.5,1.0,0.0,False,,
4667587628074147,learned,0.75,evaluated,0.25,0.25,1.0,0.8750000000000001,0.125,0.12499999999999989,0.25,1.0,0.0,False,,
4667587628074147,learned,1,evaluated,0.0,0.0,1.0,1.0,0.0,0.0,0.0,,,False,,
7300265901521981,learned,0,evaluated,1.0,1.0,1.0,0.5,0.5,0.5,1.0,1.0,0.0,False,,
7300265901521981,learned,0.25,evaluated,0.75,0.75,1.0,0.625,0.375,0.375,0.75,1.0,0.0,False,,
7300265901521981,learned,0.5,evaluated,0.5,0.5,1.0,0.75,0.25,0.25,0.5,1.0,0.0,False,,
7300265901521981,learned,0.75,evaluated,0.25,0.25,1.0,0.8749999999999999,0.125,0.1250000000000001,0.25,1.0,0.0,False,,
7300265901521981,learned,1,evaluated,0.0,0.0,1.0,1.0,0.0,0.0,0.0,,,False,,
5160674985297922,learned,0,evaluated,1.0,1.0,1.0,0.5,0.5,0.5,1.0,1.0,0.0,False,,
5160674985297922,learned,0.25,evaluated,0.75,0.75,1.0,0.625,0.375,0.375,0.75,1.0,0.0,False,,
5160674985297922,learned,0.5,evaluated,0.5,0.5,1.0,0.75,0.25,0.25,0.5,1.0,0.0,False,,
5160674985297922,learned,0.75,evaluated,0.25,0.25,1.0,0.875,0.125,0.125,0.25,1.0,0.0,False,,
5160674985297922,learned,1,evaluated,0.0,0.0,1.0,1.0,0.0,0.0,0.0,,,False,,
7691361288312167,learned,0,evaluated,1.0,1.0,1.0,0.5,0.5,0.5,1.0,1.0,0.0,False,,
7691361288312167,learned,0.25,evaluated,0.75,0.75,1.0,0.625,0.375,0.375,0.75,1.0,0.0,False,,
7691361288312167,learned,0.5,evaluated,0.5,0.5,1.0,0.75,0.25,0.25,0.5,1.0,0.0,False,,
7691361288312167,learned,0.75,evaluated,0.25,0.25,1.0,0.8749999999999999,0.125,0.1250000000000001,0.25,1.0,0.0,False,,
7691361288312167,learned,1,evaluated,0.0,0.0,1.0,1.0,0.0,0.0,0.0,,,False,,
7711200585215954,learned,0,evaluated,1.0,1.0,1.0,0.5,0.5,0.5,1.0,1.0,0.0,False,,
7711200585215954,learned,0.25,evaluated,0.75,0.75,1.0,0.625,0.375,0.375,0.75,1.0,0.0,False,,
7711200585215954,learned,0.5,evaluated,0.5,0.5,1.0,0.75,0.25,0.25,0.5,1.0,0.0,False,,
7711200585215954,learned,0.75,evaluated,0.25,0.25,1.0,0.875,0.125,0.125,0.25,1.0,0.0,False,,
7711200585215954,learned,1,evaluated,0.0,0.0,1.0,1.0,0.0,0.0,0.0,,,False,,
6083486921482392,learned,0,evaluated,1.0,1.0,1.0,0.5,0.5,0.5,1.0,1.0,0.0,False,,
6083486921482392,learned,0.25,evaluated,0.75,0.75,1.0,0.625,0.375,0.375,0.75,1.0,0.0,False,,
6083486921482392,learned,0.5,evaluated,0.5,0.5,1.0,0.75,0.25,0.25,0.5,1.0,0.0,False,,
6083486921482392,learned,0.75,evaluated,0.25,0.25,1.0,0.875,0.125,0.125,0.25,1.0,0.0,False,,
6083486921482392,learned,1,evaluated,0.0,0.0,1.0,1.0,0.0,0.0,0.0,,,False,,
5106510535916359,learned,0,evaluated,1.0,1.0,1.0,0.5,0.5,0.5,1.0,1.0,0.0,False,,
5106510535916359,learned,0.25,evaluated,0.75,0.75,1.0,0.625,0.375,0.375,0.75,1.0,0.0,False,,
5106510535916359,learned,0.5,evaluated,0.5,0.5,1.0,0.75,0.25,0.25,0.5,1.0,0.0,False,,
5106510535916359,learned,0.75,evaluated,0.25,0.25,1.0,0.875,0.125,0.125,0.25,1.0,0.0,False,,
5106510535916359,learned,1,evaluated,0.0,0.0,1.0,1.0,0.0,0.0,0.0,,,False,,
7204979993128272,learned,0,evaluated,1.0,1.0,1.0,0.5,0.5,0.5,1.0,1.0,0.0,False,,
7204979993128272,learned,0.25,evaluated,0.75,0.75,1.0,0.625,0.375,0.375,0.75,1.0,0.0,False,,
7204979993128272,learned,0.5,evaluated,0.5,0.5,1.0,0.7500000000000001,0.25,0.2499999999999999,0.5,1.0,0.0,False,,
7204979993128272,learned,0.75,evaluated,0.25,0.25,1.0,0.875,0.125,0.125,0.25,1.0,0.0,False,,
7204979993128272,learned,1,evaluated,0.0,0.0,1.0,1.0,0.0,0.0,0.0,,,False,,
5092793989196009,learned,0,evaluated,1.0,1.0,1.0,0.5,0.5,0.5,1.0,1.0,0.0,False,,
5092793989196009,learned,0.25,evaluated,0.75,0.75,1.0,0.625,0.375,0.375,0.75,1.0,0.0,False,,
5092793989196009,learned,0.5,evaluated,0.5,0.5,1.0,0.7499999999999999,0.25,0.2500000000000001,0.5,1.0,0.0,False,,
5092793989196009,learned,0.75,evaluated,0.25,0.25,1.0,0.875,0.125,0.125,0.25,1.0,0.0,False,,
5092793989196009,learned,1,evaluated,0.0,0.0,1.0,1.0,0.0,0.0,0.0,,,False,,
5769749065959592,learned,0,evaluated,1.0,1.0,1.0,0.5,0.5,0.5,1.0,1.0,0.0,False,,
5769749065959592,learned,0.25,evaluated,0.75,0.75,1.0,0.625,0.375,0.375,0.75,1.0,0.0,False,,
5769749065959592,learned,0.5,evaluated,0.5,0.5,1.0,0.75,0.25,0.25,0.5,1.0,0.0,False,,
5769749065959592,learned,0.75,evaluated,0.25,0.25,1.0,0.8749999999999999,0.125,0.1250000000000001,0.25,1.0,0.0,False,,
5769749065959592,learned,1,evaluated,0.0,0.0,1.0,1.0,0.0,0.0,0.0,,,False,,
8283379093632555,learned,0,evaluated,1.0,1.0,1.0,0.5,0.5,0.5,1.0,1.0,0.0,False,,
8283379093632555,learned,0.25,evaluated,0.75,0.75,1.0,0.625,0.375,0.375,0.75,1.0,0.0,False,,
8283379093632555,learned,0.5,evaluated,0.5,0.5,1.0,0.75,0.25,0.25,0.5,1.0,0.0,False,,
8283379093632555,learned,0.75,evaluated,0.25,0.25,1.0,0.8749999999999999,0.125,0.1250000000000001,0.25,1.0,0.0,False,,
8283379093632555,learned,1,evaluated,0.0,0.0,1.0,1.0,0.0,0.0,0.0,,,False,,
5318163134531828,learned,0,evaluated,1.0,1.0,1.0,0.5,0.5,0.5,1.0,1.0,0.0,False,,
5318163134531828,learned,0.25,evaluated,0.75,0.75,1.0,0.6249999999999999,0.375,0.3750000000000001,0.75,1.0,0.0,False,,
5318163134531828,learned,0.5,evaluated,0.5,0.5,1.0,0.7499999999999999,0.25,0.2500000000000001,0.5,1.0,0.0,False,,
5318163134531828,learned,0.75,evaluated,0.25,0.25,1.0,0.875,0.125,0.125,0.25,1.0,0.0,False,,
5318163134531828,learned,1,evaluated,0.0,0.0,1.0,1.0,0.0,0.0,0.0,,,False,,
6235702673872192,learned,0,evaluated,1.0,1.0,1.0,0.5,0.5,0.5,1.0,1.0,0.0,False,,
6235702673872192,learned,0.25,evaluated,0.75,0.75,1.0,0.6250000000000001,0.375,0.3749999999999999,0.75,1.0,0.0,False,,
6235702673872192,learned,0.5,evaluated,0.5,0.5,1.0,0.75,0.25,0.25,0.5,1.0,0.0,False,,
6235702673872192,learned,0.75,evaluated,0.25,0.25,1.0,0.8749999999999999,0.125,0.1250000000000001,0.25,1.0,0.0,False,,
6235702673872192,learned,1,evaluated,0.0,0.0,1.0,1.0,0.0,0.0,0.0,,,False,,
7922798380488413,learned,0,evaluated,1.0,1.0,1.0,0.5,0.5,0.5,1.0,1.0,0.0,False,,
7922798380488413,learned,0.25,evaluated,0.75,0.75,1.0,0.625,0.375,0.375,0.75,1.0,0.0,False,,
7922798380488413,learned,0.5,evaluated,0.5,0.5,1.0,0.75,0.25,0.25,0.5,1.0,0.0,False,,
7922798380488413,learned,0.75,evaluated,0.25,0.25,1.0,0.8749999999999999,0.125,0.1250000000000001,0.25,1.0,0.0,False,,
7922798380488413,learned,1,evaluated,0.0,0.0,1.0,1.0,0.0,0.0,0.0,,,False,,
8223471017401204,learned,0,evaluated,1.0,1.0,1.0,0.5,0.5,0.5,1.0,1.0,0.0,False,,
8223471017401204,learned,0.25,evaluated,0.75,0.75,1.0,0.625,0.375,0.375,0.75,1.0,0.0,False,,
8223471017401204,learned,0.5,evaluated,0.5,0.5,1.0,0.75,0.25,0.25,0.5,1.0,0.0,False,,
8223471017401204,learned,0.75,evaluated,0.25,0.25,1.0,0.875,0.125,0.125,0.25,1.0,0.0,False,,
8223471017401204,learned,1,evaluated,0.0,0.0,0.9999999999999998,0.9999999999999998,0.0,0.0,0.0,,,False,,
6349829580056777,learned,0,evaluated,1.0,1.0,1.0,0.5,0.5,0.5,1.0,1.0,0.0,False,,
6349829580056777,learned,0.25,evaluated,0.75,0.75,1.0,0.625,0.375,0.375,0.75,1.0,0.0,False,,
6349829580056777,learned,0.5,evaluated,0.5,0.5,1.0,0.75,0.25,0.25,0.5,1.0,0.0,False,,
6349829580056777,learned,0.75,evaluated,0.25,0.25,1.0,0.875,0.125,0.125,0.25,1.0,0.0,False,,
6349829580056777,learned,1,evaluated,0.0,0.0,1.0,1.0,0.0,0.0,0.0,,,True,,
7275086371778332,learned,0,evaluated,1.0,1.0,1.0,0.5,0.5,0.5,1.0,1.0,0.0,False,,
7275086371778332,learned,0.25,evaluated,0.75,0.75,1.0,0.625,0.375,0.375,0.75,1.0,0.0,False,,
7275086371778332,learned,0.5,evaluated,0.5,0.5,1.0,0.75,0.25,0.25,0.5,1.0,0.0,False,,
7275086371778332,learned,0.75,evaluated,0.25,0.25,1.0,0.875,0.125,0.125,0.25,1.0,0.0,False,,
7275086371778332,learned,1,evaluated,0.0,0.0,1.0,1.0,0.0,0.0,0.0,,,False,,
6564018252999168,learned,0,evaluated,1.0,1.0,1.0,0.5,0.5,0.5,1.0,1.0,0.0,False,,
6564018252999168,learned,0.25,evaluated,0.75,0.75,1.0,0.625,0.375,0.375,0.75,1.0,0.0,False,,
6564018252999168,learned,0.5,evaluated,0.5,0.5,1.0,0.7499999999999999,0.25,0.2500000000000001,0.5,1.0,0.0,False,,
6564018252999168,learned,0.75,evaluated,0.25,0.25,1.0,0.8749999999999999,0.125,0.1250000000000001,0.25,1.0,0.0,False,,
6564018252999168,learned,1,evaluated,0.0,0.0,1.0,1.0,0.0,0.0,0.0,,,False,,
6064599914951974,learned,0,evaluated,1.0,1.0,1.0,0.5,0.5,0.5,1.0,1.0,0.0,False,,
6064599914951974,learned,0.25,evaluated,0.75,0.75,1.0,0.625,0.375,0.375,0.75,1.0,0.0,False,,
6064599914951974,learned,0.5,evaluated,0.5,0.5,1.0,0.75,0.25,0.25,0.5,1.0,0.0,False,,
6064599914951974,learned,0.75,evaluated,0.25,0.25,1.0,0.8750000000000001,0.125,0.12499999999999989,0.25,1.0,0.0,False,,
6064599914951974,learned,1,evaluated,0.0,0.0,1.0,1.0,0.0,0.0,0.0,,,False,,
4933322157113647,learned,0,evaluated,1.0,1.0,1.0,0.5,0.5,0.5,1.0,1.0,0.0,False,,
4933322157113647,learned,0.25,evaluated,0.75,0.75,1.0,0.625,0.375,0.375,0.75,1.0,0.0,False,,
4933322157113647,learned,0.5,evaluated,0.5,0.5,1.0,0.75,0.25,0.25,0.5,1.0,0.0,False,,
4933322157113647,learned,0.75,evaluated,0.25,0.25,1.0,0.8749999999999999,0.125,0.1250000000000001,0.25,1.0,0.0,False,,
4933322157113647,learned,1,evaluated,0.0,0.0,1.0,1.0,0.0,0.0,0.0,,,False,,
7961592451196936,learned,0,evaluated,1.0,1.0,1.0,0.49999999999999994,0.5,0.5,1.0,1.0,0.0,False,,
7961592451196936,learned,0.25,evaluated,0.75,0.75,1.0,0.6249999999999999,0.375,0.3750000000000001,0.75,1.0,0.0,False,,
7961592451196936,learned,0.5,evaluated,0.5,0.5,1.0,0.75,0.25,0.25,0.5,1.0,0.0,False,,
7961592451196936,learned,0.75,evaluated,0.25,0.25,1.0,0.8749999999999999,0.125,0.1250000000000001,0.25,1.0,0.0,False,,
7961592451196936,learned,1,evaluated,0.0,0.0,1.0000000000000002,1.0000000000000002,0.0,0.0,0.0,,,False,,
5927474878987130,learned,0,evaluated,1.0,1.0,1.0,0.5,0.5,0.5,1.0,1.0,0.0,False,,
5927474878987130,learned,0.25,evaluated,0.75,0.75,1.0,0.625,0.375,0.375,0.75,1.0,0.0,False,,
5927474878987130,learned,0.5,evaluated,0.5,0.5,1.0,0.75,0.25,0.25,0.5,1.0,0.0,False,,
5927474878987130,learned,0.75,evaluated,0.25,0.25,1.0,0.875,0.125,0.125,0.25,1.0,0.0,False,,
5927474878987130,learned,1,evaluated,0.0,0.0,1.0,1.0,0.0,0.0,0.0,,,False,,
4886114155692930,learned,0,evaluated,1.0,1.0,1.0,0.5,0.5,0.5,1.0,1.0,0.0,False,,
4886114155692930,learned,0.25,evaluated,0.75,0.75,1.0,0.625,0.375,0.375,0.75,1.0,0.0,False,,
4886114155692930,learned,0.5,evaluated,0.5,0.5,1.0,0.75,0.25,0.25,0.5,1.0,0.0,False,,
4886114155692930,learned,0.75,evaluated,0.25,0.25,1.0,0.875,0.125,0.125,0.25,1.0,0.0,False,,
4886114155692930,learned,1,evaluated,0.0,0.0,1.0,1.0,0.0,0.0,0.0,,,False,,
8673219440661412,learned,0,evaluated,1.0,1.0,1.0,0.5,0.5,0.5,1.0,1.0,0.0,False,,
8673219440661412,learned,0.25,evaluated,0.75,0.75,1.0,0.625,0.375,0.375,0.75,1.0,0.0,False,,
8673219440661412,learned,0.5,evaluated,0.5,0.5,1.0,0.75,0.25,0.25,0.5,1.0,0.0,False,,
8673219440661412,learned,0.75,evaluated,0.25,0.25,1.0,0.8750000000000001,0.125,0.12499999999999989,0.25,1.0,0.0,False,,
8673219440661412,learned,1,evaluated,0.0,0.0,1.0,1.0,0.0,0.0,0.0,,,False,,
6476000843783626,learned,0,evaluated,1.0,1.0,1.0,0.5,0.5,0.5,1.0,1.0,0.0,False,,
6476000843783626,learned,0.25,evaluated,0.75,0.75,1.0,0.625,0.375,0.375,0.75,1.0,0.0,False,,
6476000843783626,learned,0.5,evaluated,0.5,0.5,1.0,0.75,0.25,0.25,0.5,1.0,0.0,False,,
6476000843783626,learned,0.75,evaluated,0.25,0.25,1.0,0.8750000000000001,0.125,0.12499999999999989,0.25,1.0,0.0,False,,
6476000843783626,learned,1,evaluated,0.0,0.0,1.0,1.0,0.0,0.0,0.0,,,False,,
6676889649104724,learned,0,evaluated,1.0,1.0,1.0,0.5,0.5,0.5,1.0,1.0,0.0,False,,
6676889649104724,learned,0.25,evaluated,0.75,0.75,1.0,0.625,0.375,0.375,0.75,1.0,0.0,False,,
6676889649104724,learned,0.5,evaluated,0.5,0.5,1.0,0.75,0.25,0.25,0.5,1.0,0.0,False,,
6676889649104724,learned,0.75,evaluated,0.25,0.25,1.0,0.875,0.125,0.125,0.25,1.0,0.0,False,,
6676889649104724,learned,1,evaluated,0.0,0.0,1.0,1.0,0.0,0.0,0.0,,,True,,
6635099986652598,learned,0,evaluated,1.0,1.0,1.0,0.5,0.5,0.5,1.0,1.0,0.0,False,,
6635099986652598,learned,0.25,evaluated,0.75,0.75,1.0,0.6250000000000001,0.375,0.3749999999999999,0.75,1.0,0.0,False,,
6635099986652598,learned,0.5,evaluated,0.5,0.5,1.0,0.7499999999999999,0.25,0.2500000000000001,0.5,1.0,0.0,False,,
6635099986652598,learned,0.75,evaluated,0.25,0.25,1.0,0.875,0.125,0.125,0.25,1.0,0.0,False,,
6635099986652598,learned,1,evaluated,0.0,0.0,1.0,1.0,0.0,0.0,0.0,,,False,,
7010365018745928,learned,0,evaluated,1.0,1.0,1.0,0.5,0.5,0.5,1.0,1.0,0.0,False,,
7010365018745928,learned,0.25,evaluated,0.75,0.75,1.0,0.625,0.375,0.375,0.75,1.0,0.0,False,,
7010365018745928,learned,0.5,evaluated,0.5,0.5,1.0,0.75,0.25,0.25,0.5,1.0,0.0,False,,
7010365018745928,learned,0.75,evaluated,0.25,0.25,1.0,0.8750000000000001,0.125,0.12499999999999989,0.25,1.0,0.0,False,,
7010365018745928,learned,1,evaluated,0.0,0.0,1.0,1.0,0.0,0.0,0.0,,,True,,
8207219652527202,learned,0,evaluated,1.0,1.0,1.0,0.5,0.5,0.5,1.0,1.0,0.0,False,,
8207219652527202,learned,0.25,evaluated,0.75,0.75,1.0,0.625,0.375,0.375,0.75,1.0,0.0,False,,
8207219652527202,learned,0.5,evaluated,0.5,0.5,1.0,0.75,0.25,0.25,0.5,1.0,0.0,False,,
8207219652527202,learned,0.75,evaluated,0.25,0.25,1.0,0.8749999999999999,0.125,0.1250000000000001,0.25,1.0,0.0,False,,
8207219652527202,learned,1,evaluated,0.0,0.0,1.0,1.0,0.0,0.0,0.0,,,False,,
5648303165000116,learned,0,evaluated,1.0,1.0,1.0,0.5,0.5,0.5,1.0,1.0,0.0,False,,
5648303165000116,learned,0.25,evaluated,0.75,0.75,1.0,0.625,0.375,0.375,0.75,1.0,0.0,False,,
5648303165000116,learned,0.5,evaluated,0.5,0.5,1.0,0.7500000000000001,0.25,0.2499999999999999,0.5,1.0,0.0,False,,
5648303165000116,learned,0.75,evaluated,0.25,0.25,1.0,0.8749999999999999,0.125,0.1250000000000001,0.25,1.0,0.0,False,,
5648303165000116,learned,1,evaluated,0.0,0.0,1.0,1.0,0.0,0.0,0.0,,,True,,
7203412953912042,identity,0.5,evaluated,0.5,0.5,1.0,0.75,0.25,0.25,0.5,1.0,0.0,False,True,
7203412953912042,noisy,0.5,evaluated,0.5,0.265502203205358,0.9500000000000002,0.75,0.19999999999999996,0.20000000000000018,0.5,0.8,0.18,False,True,
7203412953912042,constant,0.5,evaluated,0.5,0.0,0.75,0.75,0.0,0.0,0.5,0.0,1.0,True,True,
7203412953912042,independent,0.5,evaluated,0.5,0.0,0.7499999999999999,0.7499999999999998,0.0,1.1102230246251565e-16,0.5,0.0,0.5,True,True,
7203412953912042,informative_unused,0.5,evaluated,0.5,0.5,0.75,0.75,0.25,0.0,0.5,0.0,0.0,False,True,
7203412953912042,xor_public,0.5,evaluated,0.0,0.0,1.0,1.0,0.0,0.0,,,,False,True,
7203412953912042,hidden_irrelevant,0.5,evaluated,1.0,0.057751684543925014,1.0,1.0,0.0,0.0,,,,False,True,
7203412953912042,symmetric_init,0.5,evaluated,0.5,0.0,0.75,0.75,0.0,0.0,0.5,0.0,0.5,True,True,
6787546966275242,identity,0.5,evaluated,0.5,0.5,1.0,0.7499999999999999,0.25,0.2500000000000001,0.5,1.0,0.0,False,True,
6787546966275242,noisy,0.5,evaluated,0.5,0.265502203205358,0.9500000000000002,0.75,0.19999999999999996,0.20000000000000018,0.5,0.8,0.18,False,True,
6787546966275242,constant,0.5,evaluated,0.5,0.0,0.7500000000000001,0.7499999999999999,0.0,2.220446049250313e-16,0.5,0.0,1.0,True,True,
6787546966275242,independent,0.5,evaluated,0.5,0.0,0.75,0.75,0.0,0.0,0.5,0.0,0.5,True,True,
6787546966275242,informative_unused,0.5,evaluated,0.5,0.5,0.75,0.7499999999999999,0.25,1.1102230246251565e-16,0.5,0.0,0.0,False,True,
6787546966275242,xor_public,0.5,evaluated,0.0,0.0,1.0,1.0,0.0,0.0,,,,False,True,
6787546966275242,hidden_irrelevant,0.5,evaluated,1.0,0.3490113273363715,1.0,1.0,0.0,0.0,,,,False,True,
6787546966275242,symmetric_init,0.5,evaluated,0.5,0.0,0.75,0.75,0.0,0.0,0.5,0.0,0.5,True,True,
8396052468091594,identity,0.5,evaluated,0.5,0.5,1.0,0.75,0.25,0.25,0.5,1.0,0.0,False,True,
8396052468091594,noisy,0.5,evaluated,0.5,0.265502203205358,0.9500000000000002,0.7499999999999999,0.19999999999999996,0.2000000000000003,0.5,0.8,0.18,False,True,
8396052468091594,constant,0.5,evaluated,0.5,0.0,0.7499999999999999,0.75,0.0,-1.1102230246251565e-16,0.5,0.0,1.0,True,True,
8396052468091594,independent,0.5,evaluated,0.5,0.0,0.75,0.75,0.0,0.0,0.5,0.0,0.5,True,True,
8396052468091594,informative_unused,0.5,evaluated,0.5,0.5,0.75,0.75,0.25,0.0,0.5,0.0,0.0,False,True,
8396052468091594,xor_public,0.5,evaluated,0.0,0.0,1.0,1.0,0.0,0.0,,,,False,True,
8396052468091594,hidden_irrelevant,0.5,evaluated,1.0,0.26207275784516,1.0,1.0,0.0,0.0,,,,False,True,
8396052468091594,symmetric_init,0.5,evaluated,0.5,0.0,0.75,0.75,0.0,0.0,0.5,0.0,0.5,True,True,
8544839364282845,identity,0.5,evaluated,0.5,0.5,1.0,0.75,0.25,0.25,0.5,1.0,0.0,False,True,
8544839364282845,noisy,0.5,evaluated,0.5,0.265502203205358,0.9500000000000002,0.75,0.19999999999999996,0.20000000000000018,0.5,0.8,0.18,False,True,
8544839364282845,constant,0.5,evaluated,0.5,0.0,0.75,0.75,0.0,0.0,0.5,0.0,1.0,True,True,
8544839364282845,independent,0.5,evaluated,0.5,0.0,0.75,0.7499999999999998,0.0,2.220446049250313e-16,0.5,0.0,0.5,True,True,
8544839364282845,informative_unused,0.5,evaluated,0.5,0.5,0.75,0.75,0.25,0.0,0.5,0.0,0.0,False,True,
8544839364282845,xor_public,0.5,evaluated,0.0,0.0,1.0,1.0,0.0,0.0,,,,False,True,
8544839364282845,hidden_irrelevant,0.5,evaluated,1.0,0.12755345500668305,1.0,1.0,0.0,0.0,,,,False,True,
8544839364282845,symmetric_init,0.5,evaluated,0.5,0.0,0.75,0.75,0.0,0.0,0.5,0.0,0.5,True,True,
7621625333099352,identity,0.5,evaluated,0.5,0.5,1.0,0.7500000000000001,0.25,0.2499999999999999,0.5,1.0,0.0,False,True,
7621625333099352,noisy,0.5,evaluated,0.5,0.265502203205358,0.9500000000000002,0.75,0.19999999999999996,0.20000000000000018,0.5,0.8,0.18,False,True,
7621625333099352,constant,0.5,evaluated,0.5,0.0,0.75,0.7500000000000001,0.0,-1.1102230246251565e-16,0.5,0.0,1.0,True,True,
7621625333099352,independent,0.5,evaluated,0.5,0.0,0.7499999999999999,0.7499999999999998,0.0,1.1102230246251565e-16,0.5,0.0,0.5,True,True,
7621625333099352,informative_unused,0.5,evaluated,0.5,0.5,0.75,0.7500000000000001,0.25,-1.1102230246251565e-16,0.5,0.0,0.0,False,True,
7621625333099352,xor_public,0.5,evaluated,0.0,0.0,1.0,1.0,0.0,0.0,,,,True,True,
7621625333099352,hidden_irrelevant,0.5,evaluated,1.0,0.0,1.0,1.0,0.0,0.0,,,,True,True,
7621625333099352,symmetric_init,0.5,evaluated,0.5,0.0,0.75,0.75,0.0,0.0,0.5,0.0,0.5,True,True,
4573329353528347,identity,0.5,evaluated,0.5,0.5,1.0,0.75,0.25,0.25,0.5,1.0,0.0,False,True,
4573329353528347,noisy,0.5,evaluated,0.5,0.265502203205358,0.9500000000000002,0.7499999999999998,0.19999999999999996,0.2000000000000004,0.5,0.8,0.18,False,True,
4573329353528347,constant,0.5,evaluated,0.5,0.0,0.7499999999999999,0.75,0.0,-1.1102230246251565e-16,0.5,0.0,1.0,True,True,
4573329353528347,independent,0.5,evaluated,0.5,0.0,0.7500000000000001,0.75,0.0,1.1102230246251565e-16,0.5,0.0,0.5,True,True,
4573329353528347,informative_unused,0.5,evaluated,0.5,0.5,0.75,0.75,0.25,0.0,0.5,0.0,0.0,False,True,
4573329353528347,xor_public,0.5,evaluated,0.0,0.0,1.0,1.0,0.0,0.0,,,,True,True,
4573329353528347,hidden_irrelevant,0.5,evaluated,1.0,0.36784089787456453,1.0,1.0,0.0,0.0,,,,False,True,
4573329353528347,symmetric_init,0.5,evaluated,0.5,0.0,0.75,0.75,0.0,0.0,0.5,0.0,0.5,True,True,
6550423752103280,identity,0.5,evaluated,0.5,0.5,1.0,0.75,0.25,0.25,0.5,1.0,0.0,False,True,
6550423752103280,noisy,0.5,evaluated,0.5,0.265502203205358,0.9500000000000002,0.7500000000000001,0.19999999999999996,0.20000000000000007,0.5,0.8,0.18,False,True,
6550423752103280,constant,0.5,evaluated,0.5,0.0,0.75,0.75,0.0,0.0,0.5,0.0,1.0,True,True,
6550423752103280,independent,0.5,evaluated,0.5,0.0,0.75,0.75,0.0,0.0,0.5,0.0,0.5,True,True,
6550423752103280,informative_unused,0.5,evaluated,0.5,0.5,0.75,0.75,0.25,0.0,0.5,0.0,0.0,False,True,
6550423752103280,xor_public,0.5,evaluated,0.0,0.0,1.0,1.0,0.0,0.0,,,,False,True,
6550423752103280,hidden_irrelevant,0.5,evaluated,1.0,0.0,1.0,1.0,0.0,0.0,,,,True,True,
6550423752103280,symmetric_init,0.5,evaluated,0.5,0.0,0.75,0.75,0.0,0.0,0.5,0.0,0.5,True,True,
6110405684015759,identity,0.5,evaluated,0.5,0.5,1.0,0.75,0.25,0.25,0.5,1.0,0.0,False,True,
6110405684015759,noisy,0.5,evaluated,0.5,0.265502203205358,0.9500000000000002,0.7500000000000001,0.19999999999999996,0.20000000000000007,0.5,0.8,0.18,False,True,
6110405684015759,constant,0.5,evaluated,0.5,0.0,0.75,0.75,0.0,0.0,0.5,0.0,1.0,True,True,
6110405684015759,independent,0.5,evaluated,0.5,0.0,0.75,0.75,0.0,0.0,0.5,0.0,0.5,True,True,
6110405684015759,informative_unused,0.5,evaluated,0.5,0.5,0.75,0.75,0.25,0.0,0.5,0.0,0.0,False,True,
6110405684015759,xor_public,0.5,evaluated,0.0,0.0,1.0,1.0,0.0,0.0,,,,True,True,
6110405684015759,hidden_irrelevant,0.5,evaluated,1.0,0.00895038629830304,1.0,1.0,0.0,0.0,,,,False,True,
6110405684015759,symmetric_init,0.5,evaluated,0.5,0.0,0.75,0.75,0.0,0.0,0.5,0.0,0.5,True,True,
7966862342707171,identity,0.5,evaluated,0.5,0.5,1.0,0.75,0.25,0.25,0.5,1.0,0.0,False,True,
7966862342707171,noisy,0.5,evaluated,0.5,0.265502203205358,0.9500000000000002,0.75,0.19999999999999996,0.20000000000000018,0.5,0.8,0.18,False,True,
7966862342707171,constant,0.5,evaluated,0.5,0.0,0.75,0.75,0.0,0.0,0.5,0.0,1.0,True,True,
7966862342707171,independent,0.5,evaluated,0.5,0.0,0.75,0.7500000000000002,0.0,-2.220446049250313e-16,0.5,0.0,0.5,True,True,
7966862342707171,informative_unused,0.5,evaluated,0.5,0.5,0.75,0.75,0.25,0.0,0.5,0.0,0.0,False,True,
7966862342707171,xor_public,0.5,evaluated,0.0,0.0,1.0,1.0,0.0,0.0,,,,False,True,
7966862342707171,hidden_irrelevant,0.5,evaluated,1.0,0.08599712976382659,1.0,1.0,0.0,0.0,,,,False,True,
7966862342707171,symmetric_init,0.5,evaluated,0.5,0.0,0.75,0.75,0.0,0.0,0.5,0.0,0.5,True,True,
6099653181956813,identity,0.5,evaluated,0.5,0.5,1.0,0.7499999999999999,0.25,0.2500000000000001,0.5,1.0,0.0,False,True,
6099653181956813,noisy,0.5,evaluated,0.5,0.265502203205358,0.9500000000000002,0.7500000000000001,0.19999999999999996,0.20000000000000007,0.5,0.8,0.18,False,True,
6099653181956813,constant,0.5,evaluated,0.5,0.0,0.75,0.7499999999999999,0.0,1.1102230246251565e-16,0.5,0.0,1.0,True,True,
6099653181956813,independent,0.5,evaluated,0.5,0.0,0.75,0.7500000000000002,0.0,-2.220446049250313e-16,0.5,0.0,0.5,True,True,
6099653181956813,informative_unused,0.5,evaluated,0.5,0.5,0.75,0.7499999999999999,0.25,1.1102230246251565e-16,0.5,0.0,0.0,False,True,
6099653181956813,xor_public,0.5,evaluated,0.0,0.0,1.0,1.0,0.0,0.0,,,,False,True,
6099653181956813,hidden_irrelevant,0.5,evaluated,1.0,0.07986765840392412,1.0,1.0,0.0,0.0,,,,False,True,
6099653181956813,symmetric_init,0.5,evaluated,0.5,0.0,0.75,0.75,0.0,0.0,0.5,0.0,0.5,True,True,
4904359356640652,identity,0.5,evaluated,0.5,0.5,1.0,0.75,0.25,0.25,0.5,1.0,0.0,False,True,
4904359356640652,noisy,0.5,evaluated,0.5,0.265502203205358,0.9500000000000002,0.7500000000000001,0.19999999999999996,0.20000000000000007,0.5,0.8,0.18,False,True,
4904359356640652,constant,0.5,evaluated,0.5,0.0,0.75,0.75,0.0,0.0,0.5,0.0,1.0,True,True,
4904359356640652,independent,0.5,evaluated,0.5,0.0,0.75,0.7499999999999998,0.0,2.220446049250313e-16,0.5,0.0,0.5,True,True,
4904359356640652,informative_unused,0.5,evaluated,0.5,0.5,0.75,0.75,0.25,0.0,0.5,0.0,0.0,False,True,
4904359356640652,xor_public,0.5,evaluated,0.0,0.0,1.0,1.0,0.0,0.0,,,,False,True,
4904359356640652,hidden_irrelevant,0.5,evaluated,1.0,0.09370952469514973,1.0,1.0,0.0,0.0,,,,False,True,
4904359356640652,symmetric_init,0.5,evaluated,0.5,0.0,0.75,0.75,0.0,0.0,0.5,0.0,0.5,True,True,
4527839029796858,identity,0.5,evaluated,0.5,0.5,1.0,0.75,0.25,0.25,0.5,1.0,0.0,False,True,
4527839029796858,noisy,0.5,evaluated,0.5,0.265502203205358,0.9500000000000002,0.7500000000000001,0.19999999999999996,0.20000000000000007,0.5,0.8,0.18,False,True,
4527839029796858,constant,0.5,evaluated,0.5,0.0,0.75,0.75,0.0,0.0,0.5,0.0,1.0,True,True,
4527839029796858,independent,0.5,evaluated,0.5,0.0,0.75,0.7499999999999998,0.0,2.220446049250313e-16,0.5,0.0,0.5,True,True,
4527839029796858,informative_unused,0.5,evaluated,0.5,0.5,0.75,0.75,0.25,0.0,0.5,0.0,0.0,False,True,
4527839029796858,xor_public,0.5,evaluated,0.0,0.0,1.0,1.0,0.0,0.0,,,,True,True,
4527839029796858,hidden_irrelevant,0.5,evaluated,1.0,1.9205837510907417e-06,1.0,1.0,0.0,0.0,,,,False,True,
4527839029796858,symmetric_init,0.5,evaluated,0.5,0.0,0.75,0.75,0.0,0.0,0.5,0.0,0.5,True,True,
8242795895653978,identity,0.5,evaluated,0.5,0.5,1.0,0.75,0.25,0.25,0.5,1.0,0.0,False,True,
8242795895653978,noisy,0.5,evaluated,0.5,0.265502203205358,0.9500000000000002,0.75,0.19999999999999996,0.20000000000000018,0.5,0.8,0.18,False,True,
8242795895653978,constant,0.5,evaluated,0.5,0.0,0.7499999999999999,0.75,0.0,-1.1102230246251565e-16,0.5,0.0,1.0,True,True,
8242795895653978,independent,0.5,evaluated,0.5,0.0,0.7500000000000001,0.75,0.0,1.1102230246251565e-16,0.5,0.0,0.5,True,True,
8242795895653978,informative_unused,0.5,evaluated,0.5,0.5,0.75,0.75,0.25,0.0,0.5,0.0,0.0,False,True,
8242795895653978,xor_public,0.5,evaluated,0.0,0.0,1.0,1.0,0.0,0.0,,,,False,True,
8242795895653978,hidden_irrelevant,0.5,evaluated,1.0,0.0,1.0,1.0,0.0,0.0,,,,True,True,
8242795895653978,symmetric_init,0.5,evaluated,0.5,0.0,0.75,0.75,0.0,0.0,0.5,0.0,0.5,True,True,
7418631721957787,identity,0.5,evaluated,0.5,0.5,1.0,0.75,0.25,0.25,0.5,1.0,0.0,False,True,
7418631721957787,noisy,0.5,evaluated,0.5,0.265502203205358,0.9500000000000002,0.7500000000000001,0.19999999999999996,0.20000000000000007,0.5,0.8,0.18,False,True,
7418631721957787,constant,0.5,evaluated,0.5,0.0,0.7499999999999999,0.75,0.0,-1.1102230246251565e-16,0.5,0.0,1.0,True,True,
7418631721957787,independent,0.5,evaluated,0.5,0.0,0.75,0.75,0.0,0.0,0.5,0.0,0.5,True,True,
7418631721957787,informative_unused,0.5,evaluated,0.5,0.5,0.75,0.75,0.25,0.0,0.5,0.0,0.0,False,True,
7418631721957787,xor_public,0.5,evaluated,0.0,0.0,1.0,1.0,0.0,0.0,,,,False,True,
7418631721957787,hidden_irrelevant,0.5,evaluated,1.0,0.0,1.0,1.0,0.0,0.0,,,,True,True,
7418631721957787,symmetric_init,0.5,evaluated,0.5,0.0,0.75,0.75,0.0,0.0,0.5,0.0,0.5,True,True,
4991196658395377,identity,0.5,evaluated,0.5,0.5,1.0,0.7499999999999999,0.25,0.2500000000000001,0.5,1.0,0.0,False,True,
4991196658395377,noisy,0.5,evaluated,0.5,0.265502203205358,0.9500000000000002,0.75,0.19999999999999996,0.20000000000000018,0.5,0.8,0.18,False,True,
4991196658395377,constant,0.5,evaluated,0.5,0.0,0.75,0.7499999999999999,0.0,1.1102230246251565e-16,0.5,0.0,1.0,True,True,
4991196658395377,independent,0.5,evaluated,0.5,0.0,0.75,0.75,0.0,0.0,0.5,0.0,0.5,True,True,
4991196658395377,informative_unused,0.5,evaluated,0.5,0.5,0.75,0.7499999999999999,0.25,1.1102230246251565e-16,0.5,0.0,0.0,False,True,
4991196658395377,xor_public,0.5,evaluated,0.0,0.0,1.0,1.0,0.0,0.0,,,,True,True,
4991196658395377,hidden_irrelevant,0.5,evaluated,1.0,0.0,1.0,1.0,0.0,0.0,,,,True,True,
4991196658395377,symmetric_init,0.5,evaluated,0.5,0.0,0.75,0.75,0.0,0.0,0.5,0.0,0.5,True,True,
4773933379276923,identity,0.5,evaluated,0.5,0.5,1.0,0.75,0.25,0.25,0.5,1.0,0.0,False,True,
4773933379276923,noisy,0.5,evaluated,0.5,0.265502203205358,0.9500000000000002,0.75,0.19999999999999996,0.20000000000000018,0.5,0.8,0.18,False,True,
4773933379276923,constant,0.5,evaluated,0.5,0.0,0.7499999999999999,0.75,0.0,-1.1102230246251565e-16,0.5,0.0,1.0,True,True,
4773933379276923,independent,0.5,evaluated,0.5,0.0,0.7500000000000002,0.7500000000000002,0.0,0.0,0.5,0.0,0.5,True,True,
4773933379276923,informative_unused,0.5,evaluated,0.5,0.5,0.75,0.75,0.25,0.0,0.5,0.0,0.0,False,True,
4773933379276923,xor_public,0.5,evaluated,0.0,0.0,1.0,1.0,0.0,0.0,,,,False,True,
4773933379276923,hidden_irrelevant,0.5,evaluated,1.0,0.0,1.0,1.0,0.0,0.0,,,,True,True,
4773933379276923,symmetric_init,0.5,evaluated,0.5,0.0,0.75,0.75,0.0,0.0,0.5,0.0,0.5,True,True,
7434020555387564,identity,0.5,evaluated,0.5,0.5,1.0,0.75,0.25,0.25,0.5,1.0,0.0,False,True,
7434020555387564,noisy,0.5,evaluated,0.5,0.265502203205358,0.9500000000000002,0.75,0.19999999999999996,0.20000000000000018,0.5,0.8,0.18,False,True,
7434020555387564,constant,0.5,evaluated,0.5,0.0,0.7499999999999999,0.75,0.0,-1.1102230246251565e-16,0.5,0.0,1.0,True,True,
7434020555387564,independent,0.5,evaluated,0.5,0.0,0.7500000000000001,0.7499999999999998,0.0,3.3306690738754696e-16,0.5,0.0,0.5,True,True,
7434020555387564,informative_unused,0.5,evaluated,0.5,0.5,0.75,0.75,0.25,0.0,0.5,0.0,0.0,False,True,
7434020555387564,xor_public,0.5,evaluated,0.0,0.0,1.0,1.0,0.0,0.0,,,,False,True,
7434020555387564,hidden_irrelevant,0.5,evaluated,1.0,0.23701021154043692,1.0,1.0,0.0,0.0,,,,False,True,
7434020555387564,symmetric_init,0.5,evaluated,0.5,0.0,0.75,0.75,0.0,0.0,0.5,0.0,0.5,True,True,
4983246251664512,identity,0.5,evaluated,0.5,0.5,1.0,0.7499999999999999,0.25,0.2500000000000001,0.5,1.0,0.0,False,True,
4983246251664512,noisy,0.5,evaluated,0.5,0.265502203205358,0.9500000000000002,0.75,0.19999999999999996,0.20000000000000018,0.5,0.8,0.18,False,True,
4983246251664512,constant,0.5,evaluated,0.5,0.0,0.75,0.7499999999999999,0.0,1.1102230246251565e-16,0.5,0.0,1.0,True,True,
4983246251664512,independent,0.5,evaluated,0.5,0.0,0.75,0.7500000000000002,0.0,-2.220446049250313e-16,0.5,0.0,0.5,True,True,
4983246251664512,informative_unused,0.5,evaluated,0.5,0.5,0.75,0.7499999999999999,0.25,1.1102230246251565e-16,0.5,0.0,0.0,False,True,
4983246251664512,xor_public,0.5,evaluated,0.0,0.0,1.0,1.0,0.0,0.0,,,,False,True,
4983246251664512,hidden_irrelevant,0.5,evaluated,1.0,0.0,1.0,1.0,0.0,0.0,,,,True,True,
4983246251664512,symmetric_init,0.5,evaluated,0.5,0.0,0.75,0.75,0.0,0.0,0.5,0.0,0.5,True,True,
6403928318925214,identity,0.5,evaluated,0.5,0.5,1.0,0.75,0.25,0.25,0.5,1.0,0.0,False,True,
6403928318925214,noisy,0.5,evaluated,0.5,0.265502203205358,0.9500000000000002,0.75,0.19999999999999996,0.20000000000000018,0.5,0.8,0.18,False,True,
6403928318925214,constant,0.5,evaluated,0.5,0.0,0.75,0.75,0.0,0.0,0.5,0.0,1.0,True,True,
6403928318925214,independent,0.5,evaluated,0.5,0.0,0.75,0.7500000000000002,0.0,-2.220446049250313e-16,0.5,0.0,0.5,True,True,
6403928318925214,informative_unused,0.5,evaluated,0.5,0.5,0.75,0.75,0.25,0.0,0.5,0.0,0.0,False,True,
6403928318925214,xor_public,0.5,evaluated,0.0,0.0,1.0,1.0,0.0,0.0,,,,False,True,
6403928318925214,hidden_irrelevant,0.5,evaluated,1.0,0.0001717519779056752,1.0,1.0,0.0,0.0,,,,False,True,
6403928318925214,symmetric_init,0.5,evaluated,0.5,0.0,0.75,0.75,0.0,0.0,0.5,0.0,0.5,True,True,
6071794348612945,identity,0.5,evaluated,0.5,0.5,1.0,0.7499999999999999,0.25,0.2500000000000001,0.5,1.0,0.0,False,True,
6071794348612945,noisy,0.5,evaluated,0.5,0.265502203205358,0.9500000000000002,0.7500000000000002,0.19999999999999996,0.19999999999999996,0.5,0.8,0.18,False,True,
6071794348612945,constant,0.5,evaluated,0.5,0.0,0.75,0.7499999999999999,0.0,1.1102230246251565e-16,0.5,0.0,1.0,True,True,
6071794348612945,independent,0.5,evaluated,0.5,0.0,0.75,0.7500000000000002,0.0,-2.220446049250313e-16,0.5,0.0,0.5,True,True,
6071794348612945,informative_unused,0.5,evaluated,0.5,0.5,0.75,0.7499999999999999,0.25,1.1102230246251565e-16,0.5,0.0,0.0,False,True,
6071794348612945,xor_public,0.5,evaluated,0.0,0.0,1.0,1.0,0.0,0.0,,,,False,True,
6071794348612945,hidden_irrelevant,0.5,evaluated,1.0,0.0,1.0,1.0,0.0,0.0,,,,True,True,
6071794348612945,symmetric_init,0.5,evaluated,0.5,0.0,0.75,0.75,0.0,0.0,0.5,0.0,0.5,True,True,
7093873628193187,identity,0.5,evaluated,0.5,0.5,1.0,0.7500000000000001,0.25,0.2499999999999999,0.5,1.0,0.0,False,True,
7093873628193187,noisy,0.5,evaluated,0.5,0.265502203205358,0.9500000000000002,0.7499999999999999,0.19999999999999996,0.2000000000000003,0.5,0.8,0.18,False,True,
7093873628193187,constant,0.5,evaluated,0.5,0.0,0.75,0.7500000000000001,0.0,-1.1102230246251565e-16,0.5,0.0,1.0,True,True,
7093873628193187,independent,0.5,evaluated,0.5,0.0,0.7500000000000001,0.7499999999999998,0.0,3.3306690738754696e-16,0.5,0.0,0.5,True,True,
7093873628193187,informative_unused,0.5,evaluated,0.5,0.5,0.75,0.7500000000000001,0.25,-1.1102230246251565e-16,0.5,0.0,0.0,False,True,
7093873628193187,xor_public,0.5,evaluated,0.0,0.0,1.0,1.0,0.0,0.0,,,,False,True,
7093873628193187,hidden_irrelevant,0.5,evaluated,1.0,0.19936272930725385,1.0,1.0,0.0,0.0,,,,False,True,
7093873628193187,symmetric_init,0.5,evaluated,0.5,0.0,0.75,0.75,0.0,0.0,0.5,0.0,0.5,True,True,
5366079768233044,identity,0.5,evaluated,0.5,0.5,1.0,0.7499999999999999,0.25,0.2500000000000001,0.5,1.0,0.0,False,True,
5366079768233044,noisy,0.5,evaluated,0.5,0.265502203205358,0.9500000000000002,0.7499999999999999,0.19999999999999996,0.2000000000000003,0.5,0.8,0.18,False,True,
5366079768233044,constant,0.5,evaluated,0.5,0.0,0.7500000000000001,0.7499999999999999,0.0,2.220446049250313e-16,0.5,0.0,1.0,True,True,
5366079768233044,independent,0.5,evaluated,0.5,0.0,0.75,0.75,0.0,0.0,0.5,0.0,0.5,True,True,
5366079768233044,informative_unused,0.5,evaluated,0.5,0.5,0.75,0.7499999999999999,0.25,1.1102230246251565e-16,0.5,0.0,0.0,False,True,
5366079768233044,xor_public,0.5,evaluated,0.0,0.0,1.0,1.0,0.0,0.0,,,,True,True,
5366079768233044,hidden_irrelevant,0.5,evaluated,1.0,0.0,1.0,1.0,0.0,0.0,,,,True,True,
5366079768233044,symmetric_init,0.5,evaluated,0.5,0.0,0.75,0.75,0.0,0.0,0.5,0.0,0.5,True,True,
6157263222003961,identity,0.5,evaluated,0.5,0.5,1.0,0.7500000000000001,0.25,0.2499999999999999,0.5,1.0,0.0,False,True,
6157263222003961,noisy,0.5,evaluated,0.5,0.265502203205358,0.9500000000000002,0.7500000000000002,0.19999999999999996,0.19999999999999996,0.5,0.8,0.18,False,True,
6157263222003961,constant,0.5,evaluated,0.5,0.0,0.75,0.7500000000000001,0.0,-1.1102230246251565e-16,0.5,0.0,1.0,True,True,
6157263222003961,independent,0.5,evaluated,0.5,0.0,0.75,0.75,0.0,0.0,0.5,0.0,0.5,True,True,
6157263222003961,informative_unused,0.5,evaluated,0.5,0.5,0.75,0.7500000000000001,0.25,-1.1102230246251565e-16,0.5,0.0,0.0,False,True,
6157263222003961,xor_public,0.5,evaluated,0.0,0.0,1.0,1.0,0.0,0.0,,,,False,True,
6157263222003961,hidden_irrelevant,0.5,evaluated,1.0,0.07104557858741023,1.0,1.0,0.0,0.0,,,,False,True,
6157263222003961,symmetric_init,0.5,evaluated,0.5,0.0,0.75,0.75,0.0,0.0,0.5,0.0,0.5,True,True,
4712059859040266,identity,0.5,evaluated,0.5,0.5,1.0,0.75,0.25,0.25,0.5,1.0,0.0,False,True,
4712059859040266,noisy,0.5,evaluated,0.5,0.265502203205358,0.9500000000000002,0.75,0.19999999999999996,0.20000000000000018,0.5,0.8,0.18,False,True,
4712059859040266,constant,0.5,evaluated,0.5,0.0,0.75,0.75,0.0,0.0,0.5,0.0,1.0,True,True,
4712059859040266,independent,0.5,evaluated,0.5,0.0,0.7499999999999999,0.7499999999999998,0.0,1.1102230246251565e-16,0.5,0.0,0.5,True,True,
4712059859040266,informative_unused,0.5,evaluated,0.5,0.5,0.75,0.75,0.25,0.0,0.5,0.0,0.0,False,True,
4712059859040266,xor_public,0.5,evaluated,0.0,0.0,1.0,1.0,0.0,0.0,,,,False,True,
4712059859040266,hidden_irrelevant,0.5,evaluated,1.0,0.25635267609883133,1.0,1.0,0.0,0.0,,,,False,True,
4712059859040266,symmetric_init,0.5,evaluated,0.5,0.0,0.75,0.75,0.0,0.0,0.5,0.0,0.5,True,True,
8103859263335552,identity,0.5,evaluated,0.5,0.5,1.0,0.75,0.25,0.25,0.5,1.0,0.0,False,True,
8103859263335552,noisy,0.5,evaluated,0.5,0.265502203205358,0.9500000000000002,0.7500000000000001,0.19999999999999996,0.20000000000000007,0.5,0.8,0.18,False,True,
8103859263335552,constant,0.5,evaluated,0.5,0.0,0.75,0.75,0.0,0.0,0.5,0.0,1.0,True,True,
8103859263335552,independent,0.5,evaluated,0.5,0.0,0.7500000000000001,0.7499999999999998,0.0,3.3306690738754696e-16,0.5,0.0,0.5,True,True,
8103859263335552,informative_unused,0.5,evaluated,0.5,0.5,0.75,0.75,0.25,0.0,0.5,0.0,0.0,False,True,
8103859263335552,xor_public,0.5,evaluated,0.0,0.0,1.0,1.0,0.0,0.0,,,,False,True,
8103859263335552,hidden_irrelevant,0.5,evaluated,1.0,0.14286408094071582,1.0,1.0,0.0,0.0,,,,False,True,
8103859263335552,symmetric_init,0.5,evaluated,0.5,0.0,0.75,0.75,0.0,0.0,0.5,0.0,0.5,True,True,
5305632906107458,identity,0.5,evaluated,0.5,0.5,1.0,0.7499999999999999,0.25,0.2500000000000001,0.5,1.0,0.0,False,True,
5305632906107458,noisy,0.5,evaluated,0.5,0.265502203205358,0.9500000000000002,0.7500000000000002,0.19999999999999996,0.19999999999999996,0.5,0.8,0.18,False,True,
5305632906107458,constant,0.5,evaluated,0.5,0.0,0.75,0.7499999999999999,0.0,1.1102230246251565e-16,0.5,0.0,1.0,True,True,
5305632906107458,independent,0.5,evaluated,0.5,0.0,0.7500000000000002,0.7500000000000002,0.0,0.0,0.5,0.0,0.5,True,True,
5305632906107458,informative_unused,0.5,evaluated,0.5,0.5,0.75,0.7499999999999999,0.25,1.1102230246251565e-16,0.5,0.0,0.0,False,True,
5305632906107458,xor_public,0.5,evaluated,0.0,0.0,1.0,1.0,0.0,0.0,,,,False,True,
5305632906107458,hidden_irrelevant,0.5,evaluated,1.0,0.20663777300749211,1.0,1.0,0.0,0.0,,,,False,True,
5305632906107458,symmetric_init,0.5,evaluated,0.5,0.0,0.75,0.75,0.0,0.0,0.5,0.0,0.5,True,True,
7801214913130197,identity,0.5,evaluated,0.5,0.5,1.0,0.7500000000000001,0.25,0.2499999999999999,0.5,1.0,0.0,False,True,
7801214913130197,noisy,0.5,evaluated,0.5,0.265502203205358,0.9500000000000002,0.75,0.19999999999999996,0.20000000000000018,0.5,0.8,0.18,False,True,
7801214913130197,constant,0.5,evaluated,0.5,0.0,0.7499999999999999,0.7500000000000001,0.0,-2.220446049250313e-16,0.5,0.0,1.0,True,True,
7801214913130197,independent,0.5,evaluated,0.5,0.0,0.7500000000000001,0.75,0.0,1.1102230246251565e-16,0.5,0.0,0.5,True,True,
7801214913130197,informative_unused,0.5,evaluated,0.5,0.5,0.75,0.7500000000000001,0.25,-1.1102230246251565e-16,0.5,0.0,0.0,False,True,
7801214913130197,xor_public,0.5,evaluated,0.0,0.0,1.0,1.0,0.0,0.0,,,,False,True,
7801214913130197,hidden_irrelevant,0.5,evaluated,1.0,0.31147269448995696,1.0,1.0,0.0,0.0,,,,False,True,
7801214913130197,symmetric_init,0.5,evaluated,0.5,0.0,0.75,0.75,0.0,0.0,0.5,0.0,0.5,True,True,
6721739658381371,identity,0.5,evaluated,0.5,0.5,1.0,0.75,0.25,0.25,0.5,1.0,0.0,False,True,
6721739658381371,noisy,0.5,evaluated,0.5,0.265502203205358,0.9500000000000002,0.7500000000000003,0.19999999999999996,0.19999999999999984,0.5,0.8,0.18,False,True,
6721739658381371,constant,0.5,evaluated,0.5,0.0,0.75,0.75,0.0,0.0,0.5,0.0,1.0,True,True,
6721739658381371,independent,0.5,evaluated,0.5,0.0,0.7499999999999999,0.75,0.0,-1.1102230246251565e-16,0.5,0.0,0.5,True,True,
6721739658381371,informative_unused,0.5,evaluated,0.5,0.5,0.75,0.75,0.25,0.0,0.5,0.0,0.0,False,True,
6721739658381371,xor_public,0.5,evaluated,0.0,0.0,1.0,1.0,0.0,0.0,,,,False,True,
6721739658381371,hidden_irrelevant,0.5,evaluated,1.0,0.26472992648211213,1.0,1.0,0.0,0.0,,,,False,True,
6721739658381371,symmetric_init,0.5,evaluated,0.5,0.0,0.75,0.75,0.0,0.0,0.5,0.0,0.5,True,True,
5405796570432610,identity,0.5,evaluated,0.5,0.5,1.0,0.75,0.25,0.25,0.5,1.0,0.0,False,True,
5405796570432610,noisy,0.5,evaluated,0.5,0.265502203205358,0.9500000000000002,0.7500000000000001,0.19999999999999996,0.20000000000000007,0.5,0.8,0.18,False,True,
5405796570432610,constant,0.5,evaluated,0.5,0.0,0.75,0.75,0.0,0.0,0.5,0.0,1.0,True,True,
5405796570432610,independent,0.5,evaluated,0.5,0.0,0.7499999999999998,0.75,0.0,-2.220446049250313e-16,0.5,0.0,0.5,True,True,
5405796570432610,informative_unused,0.5,evaluated,0.5,0.5,0.75,0.75,0.25,0.0,0.5,0.0,0.0,False,True,
5405796570432610,xor_public,0.5,evaluated,0.0,0.0,1.0,1.0,0.0,0.0,,,,False,True,
5405796570432610,hidden_irrelevant,0.5,evaluated,1.0,0.0,1.0,1.0,0.0,0.0,,,,True,True,
5405796570432610,symmetric_init,0.5,evaluated,0.5,0.0,0.75,0.75,0.0,0.0,0.5,0.0,0.5,True,True,
8640927588617627,identity,0.5,evaluated,0.5,0.5,1.0,0.75,0.25,0.25,0.5,1.0,0.0,False,True,
8640927588617627,noisy,0.5,evaluated,0.5,0.265502203205358,0.9500000000000002,0.7500000000000001,0.19999999999999996,0.20000000000000007,0.5,0.8,0.18,False,True,
8640927588617627,constant,0.5,evaluated,0.5,0.0,0.75,0.75,0.0,0.0,0.5,0.0,1.0,True,True,
8640927588617627,independent,0.5,evaluated,0.5,0.0,0.75,0.75,0.0,0.0,0.5,0.0,0.5,True,True,
8640927588617627,informative_unused,0.5,evaluated,0.5,0.5,0.75,0.75,0.25,0.0,0.5,0.0,0.0,False,True,
8640927588617627,xor_public,0.5,evaluated,0.0,0.0,1.0,1.0,0.0,0.0,,,,True,True,
8640927588617627,hidden_irrelevant,0.5,evaluated,1.0,0.023184576722942243,1.0,1.0,0.0,0.0,,,,False,True,
8640927588617627,symmetric_init,0.5,evaluated,0.5,0.0,0.75,0.75,0.0,0.0,0.5,0.0,0.5,True,True,
6021815605533097,identity,0.5,evaluated,0.5,0.5,1.0,0.75,0.25,0.25,0.5,1.0,0.0,False,True,
6021815605533097,noisy,0.5,evaluated,0.5,0.265502203205358,0.9500000000000002,0.75,0.19999999999999996,0.20000000000000018,0.5,0.8,0.18,False,True,
6021815605533097,constant,0.5,evaluated,0.5,0.0,0.7499999999999999,0.75,0.0,-1.1102230246251565e-16,0.5,0.0,1.0,True,True,
6021815605533097,independent,0.5,evaluated,0.5,0.0,0.75,0.75,0.0,0.0,0.5,0.0,0.5,True,True,
6021815605533097,informative_unused,0.5,evaluated,0.5,0.5,0.75,0.75,0.25,0.0,0.5,0.0,0.0,False,True,
6021815605533097,xor_public,0.5,evaluated,0.0,0.0,1.0,1.0,0.0,0.0,,,,False,True,
6021815605533097,hidden_irrelevant,0.5,evaluated,1.0,0.3817766697870164,1.0,1.0,0.0,0.0,,,,False,True,
6021815605533097,symmetric_init,0.5,evaluated,0.5,0.0,0.75,0.75,0.0,0.0,0.5,0.0,0.5,True,True,
8163156671399542,identity,0.5,evaluated,0.5,0.5,1.0,0.75,0.25,0.25,0.5,1.0,0.0,False,True,
8163156671399542,noisy,0.5,evaluated,0.5,0.265502203205358,0.9500000000000002,0.7500000000000002,0.19999999999999996,0.19999999999999996,0.5,0.8,0.18,False,True,
8163156671399542,constant,0.5,evaluated,0.5,0.0,0.75,0.75,0.0,0.0,0.5,0.0,1.0,True,True,
8163156671399542,independent,0.5,evaluated,0.5,0.0,0.75,0.75,0.0,0.0,0.5,0.0,0.5,True,True,
8163156671399542,informative_unused,0.5,evaluated,0.5,0.5,0.75,0.75,0.25,0.0,0.5,0.0,0.0,False,True,
8163156671399542,xor_public,0.5,evaluated,0.0,0.0,1.0,1.0,0.0,0.0,,,,False,True,
8163156671399542,hidden_irrelevant,0.5,evaluated,1.0,0.23109692836795748,1.0,1.0,0.0,0.0,,,,False,True,
8163156671399542,symmetric_init,0.5,evaluated,0.5,0.0,0.75,0.75,0.0,0.0,0.5,0.0,0.5,True,True,
6118973495324452,identity,0.5,evaluated,0.5,0.5,1.0,0.7500000000000001,0.25,0.2499999999999999,0.5,1.0,0.0,False,True,
6118973495324452,noisy,0.5,evaluated,0.5,0.265502203205358,0.9500000000000002,0.75,0.19999999999999996,0.20000000000000018,0.5,0.8,0.18,False,True,
6118973495324452,constant,0.5,evaluated,0.5,0.0,0.75,0.7500000000000001,0.0,-1.1102230246251565e-16,0.5,0.0,1.0,True,True,
6118973495324452,independent,0.5,evaluated,0.5,0.0,0.75,0.7499999999999998,0.0,2.220446049250313e-16,0.5,0.0,0.5,True,True,
6118973495324452,informative_unused,0.5,evaluated,0.5,0.5,0.75,0.7500000000000001,0.25,-1.1102230246251565e-16,0.5,0.0,0.0,False,True,
6118973495324452,xor_public,0.5,evaluated,0.0,0.0,1.0,1.0,0.0,0.0,,,,False,True,
6118973495324452,hidden_irrelevant,0.5,evaluated,1.0,0.0,1.0,1.0,0.0,0.0,,,,True,True,
6118973495324452,symmetric_init,0.5,evaluated,0.5,0.0,0.75,0.75,0.0,0.0,0.5,0.0,0.5,True,True,
8820883060662423,identity,0.5,evaluated,0.5,0.5,1.0,0.75,0.25,0.25,0.5,1.0,0.0,False,True,
8820883060662423,noisy,0.5,evaluated,0.5,0.265502203205358,0.9500000000000002,0.75,0.19999999999999996,0.20000000000000018,0.5,0.8,0.18,False,True,
8820883060662423,constant,0.5,evaluated,0.5,0.0,0.7499999999999999,0.75,0.0,-1.1102230246251565e-16,0.5,0.0,1.0,True,True,
8820883060662423,independent,0.5,evaluated,0.5,0.0,0.75,0.75,0.0,0.0,0.5,0.0,0.5,True,True,
8820883060662423,informative_unused,0.5,evaluated,0.5,0.5,0.75,0.75,0.25,0.0,0.5,0.0,0.0,False,True,
8820883060662423,xor_public,0.5,evaluated,0.0,0.0,1.0,1.0,0.0,0.0,,,,False,True,
8820883060662423,hidden_irrelevant,0.5,evaluated,1.0,0.0,1.0,1.0,0.0,0.0,,,,True,True,
8820883060662423,symmetric_init,0.5,evaluated,0.5,0.0,0.75,0.75,0.0,0.0,0.5,0.0,0.5,True,True,
8082664755755800,identity,0.5,evaluated,0.5,0.5,1.0,0.7499999999999999,0.25,0.2500000000000001,0.5,1.0,0.0,False,True,
8082664755755800,noisy,0.5,evaluated,0.5,0.265502203205358,0.9500000000000002,0.75,0.19999999999999996,0.20000000000000018,0.5,0.8,0.18,False,True,
8082664755755800,constant,0.5,evaluated,0.5,0.0,0.75,0.7499999999999999,0.0,1.1102230246251565e-16,0.5,0.0,1.0,True,True,
8082664755755800,independent,0.5,evaluated,0.5,0.0,0.75,0.7500000000000002,0.0,-2.220446049250313e-16,0.5,0.0,0.5,True,True,
8082664755755800,informative_unused,0.5,evaluated,0.5,0.5,0.75,0.7499999999999999,0.25,1.1102230246251565e-16,0.5,0.0,0.0,False,True,
8082664755755800,xor_public,0.5,evaluated,0.0,0.0,1.0,1.0,0.0,0.0,,,,False,True,
8082664755755800,hidden_irrelevant,0.5,evaluated,1.0,0.0016949863673745864,1.0,1.0,0.0,0.0,,,,False,True,
8082664755755800,symmetric_init,0.5,evaluated,0.5,0.0,0.75,0.75,0.0,0.0,0.5,0.0,0.5,True,True,
5091417859571657,identity,0.5,evaluated,0.5,0.5,1.0,0.75,0.25,0.25,0.5,1.0,0.0,False,True,
5091417859571657,noisy,0.5,evaluated,0.5,0.265502203205358,0.9500000000000002,0.7500000000000002,0.19999999999999996,0.19999999999999996,0.5,0.8,0.18,False,True,
5091417859571657,constant,0.5,evaluated,0.5,0.0,0.7500000000000001,0.75,0.0,1.1102230246251565e-16,0.5,0.0,1.0,True,True,
5091417859571657,independent,0.5,evaluated,0.5,0.0,0.75,0.7499999999999998,0.0,2.220446049250313e-16,0.5,0.0,0.5,True,True,
5091417859571657,informative_unused,0.5,evaluated,0.5,0.5,0.75,0.75,0.25,0.0,0.5,0.0,0.0,False,True,
5091417859571657,xor_public,0.5,evaluated,0.0,0.0,1.0,1.0,0.0,0.0,,,,False,True,
5091417859571657,hidden_irrelevant,0.5,evaluated,1.0,0.0,1.0,1.0,0.0,0.0,,,,True,True,
5091417859571657,symmetric_init,0.5,evaluated,0.5,0.0,0.75,0.75,0.0,0.0,0.5,0.0,0.5,True,True,
6656778425370462,identity,0.5,evaluated,0.5,0.5,1.0,0.75,0.25,0.25,0.5,1.0,0.0,False,True,
6656778425370462,noisy,0.5,evaluated,0.5,0.265502203205358,0.9500000000000002,0.7500000000000001,0.19999999999999996,0.20000000000000007,0.5,0.8,0.18,False,True,
6656778425370462,constant,0.5,evaluated,0.5,0.0,0.75,0.75,0.0,0.0,0.5,0.0,1.0,True,True,
6656778425370462,independent,0.5,evaluated,0.5,0.0,0.7499999999999998,0.7500000000000002,0.0,-4.440892098500626e-16,0.5,0.0,0.5,True,True,
6656778425370462,informative_unused,0.5,evaluated,0.5,0.5,0.75,0.75,0.25,0.0,0.5,0.0,0.0,False,True,
6656778425370462,xor_public,0.5,evaluated,0.0,0.0,1.0,1.0,0.0,0.0,,,,True,True,
6656778425370462,hidden_irrelevant,0.5,evaluated,1.0,0.0,1.0,1.0,0.0,0.0,,,,True,True,
6656778425370462,symmetric_init,0.5,evaluated,0.5,0.0,0.75,0.75,0.0,0.0,0.5,0.0,0.5,True,True,
8836421164323776,identity,0.5,evaluated,0.5,0.5,1.0,0.75,0.25,0.25,0.5,1.0,0.0,False,True,
8836421164323776,noisy,0.5,evaluated,0.5,0.265502203205358,0.9500000000000002,0.75,0.19999999999999996,0.20000000000000018,0.5,0.8,0.18,False,True,
8836421164323776,constant,0.5,evaluated,0.5,0.0,0.75,0.75,0.0,0.0,0.5,0.0,1.0,True,True,
8836421164323776,independent,0.5,evaluated,0.5,0.0,0.75,0.75,0.0,0.0,0.5,0.0,0.5,True,True,
8836421164323776,informative_unused,0.5,evaluated,0.5,0.5,0.75,0.75,0.25,0.0,0.5,0.0,0.0,False,True,
8836421164323776,xor_public,0.5,evaluated,0.0,0.0,1.0,1.0,0.0,0.0,,,,True,True,
8836421164323776,hidden_irrelevant,0.5,evaluated,1.0,0.0,1.0,1.0,0.0,0.0,,,,True,True,
8836421164323776,symmetric_init,0.5,evaluated,0.5,0.0,0.75,0.75,0.0,0.0,0.5,0.0,0.5,True,True,
6972562656253098,identity,0.5,evaluated,0.5,0.5,1.0,0.75,0.25,0.25,0.5,1.0,0.0,False,True,
6972562656253098,noisy,0.5,evaluated,0.5,0.265502203205358,0.9500000000000002,0.7500000000000002,0.19999999999999996,0.19999999999999996,0.5,0.8,0.18,False,True,
6972562656253098,constant,0.5,evaluated,0.5,0.0,0.7500000000000001,0.75,0.0,1.1102230246251565e-16,0.5,0.0,1.0,True,True,
6972562656253098,independent,0.5,evaluated,0.5,0.0,0.75,0.7499999999999998,0.0,2.220446049250313e-16,0.5,0.0,0.5,True,True,
6972562656253098,informative_unused,0.5,evaluated,0.5,0.5,0.75,0.75,0.25,0.0,0.5,0.0,0.0,False,True,
6972562656253098,xor_public,0.5,evaluated,0.0,0.0,1.0,1.0,0.0,0.0,,,,True,True,
6972562656253098,hidden_irrelevant,0.5,evaluated,1.0,0.0115342174199601,1.0,1.0,0.0,0.0,,,,False,True,
6972562656253098,symmetric_init,0.5,evaluated,0.5,0.0,0.75,0.75,0.0,0.0,0.5,0.0,0.5,True,True,
6855703105561904,identity,0.5,evaluated,0.5,0.5,1.0,0.7499999999999999,0.25,0.2500000000000001,0.5,1.0,0.0,False,True,
6855703105561904,noisy,0.5,evaluated,0.5,0.265502203205358,0.9500000000000002,0.7499999999999999,0.19999999999999996,0.2000000000000003,0.5,0.8,0.18,False,True,
6855703105561904,constant,0.5,evaluated,0.5,0.0,0.75,0.7499999999999999,0.0,1.1102230246251565e-16,0.5,0.0,1.0,True,True,
6855703105561904,independent,0.5,evaluated,0.5,0.0,0.75,0.75,0.0,0.0,0.5,0.0,0.5,True,True,
6855703105561904,informative_unused,0.5,evaluated,0.5,0.5,0.75,0.7499999999999999,0.25,1.1102230246251565e-16,0.5,0.0,0.0,False,True,
6855703105561904,xor_public,0.5,evaluated,0.0,0.0,1.0,1.0,0.0,0.0,,,,False,True,
6855703105561904,hidden_irrelevant,0.5,evaluated,1.0,0.0,1.0,1.0,0.0,0.0,,,,True,True,
6855703105561904,symmetric_init,0.5,evaluated,0.5,0.0,0.75,0.75,0.0,0.0,0.5,0.0,0.5,True,True,
6719922874734692,identity,0.5,evaluated,0.5,0.5,1.0,0.75,0.25,0.25,0.5,1.0,0.0,False,True,
6719922874734692,noisy,0.5,evaluated,0.5,0.265502203205358,0.9500000000000002,0.75,0.19999999999999996,0.20000000000000018,0.5,0.8,0.18,False,True,
6719922874734692,constant,0.5,evaluated,0.5,0.0,0.7499999999999999,0.75,0.0,-1.1102230246251565e-16,0.5,0.0,1.0,True,True,
6719922874734692,independent,0.5,evaluated,0.5,0.0,0.7500000000000001,0.7499999999999998,0.0,3.3306690738754696e-16,0.5,0.0,0.5,True,True,
6719922874734692,informative_unused,0.5,evaluated,0.5,0.5,0.75,0.75,0.25,0.0,0.5,0.0,0.0,False,True,
6719922874734692,xor_public,0.5,evaluated,0.0,0.0,1.0,1.0,0.0,0.0,,,,False,True,
6719922874734692,hidden_irrelevant,0.5,evaluated,1.0,0.34482460261263115,1.0,1.0,0.0,0.0,,,,False,True,
6719922874734692,symmetric_init,0.5,evaluated,0.5,0.0,0.75,0.75,0.0,0.0,0.5,0.0,0.5,True,True,
4509633139869090,identity,0.5,evaluated,0.5,0.5,1.0,0.75,0.25,0.25,0.5,1.0,0.0,False,True,
4509633139869090,noisy,0.5,evaluated,0.5,0.265502203205358,0.9500000000000002,0.7499999999999998,0.19999999999999996,0.2000000000000004,0.5,0.8,0.18,False,True,
4509633139869090,constant,0.5,evaluated,0.5,0.0,0.75,0.75,0.0,0.0,0.5,0.0,1.0,True,True,
4509633139869090,independent,0.5,evaluated,0.5,0.0,0.75,0.75,0.0,0.0,0.5,0.0,0.5,True,True,
4509633139869090,informative_unused,0.5,evaluated,0.5,0.5,0.75,0.75,0.25,0.0,0.5,0.0,0.0,False,True,
4509633139869090,xor_public,0.5,evaluated,0.0,0.0,1.0,1.0,0.0,0.0,,,,False,True,
4509633139869090,hidden_irrelevant,0.5,evaluated,1.0,0.00015704010634097834,1.0,1.0,0.0,0.0,,,,False,True,
4509633139869090,symmetric_init,0.5,evaluated,0.5,0.0,0.75,0.75,0.0,0.0,0.5,0.0,0.5,True,True,
5440373874744259,identity,0.5,evaluated,0.5,0.5,1.0,0.75,0.25,0.25,0.5,1.0,0.0,False,True,
5440373874744259,noisy,0.5,evaluated,0.5,0.265502203205358,0.9500000000000002,0.75,0.19999999999999996,0.20000000000000018,0.5,0.8,0.18,False,True,
5440373874744259,constant,0.5,evaluated,0.5,0.0,0.75,0.75,0.0,0.0,0.5,0.0,1.0,True,True,
5440373874744259,independent,0.5,evaluated,0.5,0.0,0.75,0.7499999999999998,0.0,2.220446049250313e-16,0.5,0.0,0.5,True,True,
5440373874744259,informative_unused,0.5,evaluated,0.5,0.5,0.75,0.75,0.25,0.0,0.5,0.0,0.0,False,True,
5440373874744259,xor_public,0.5,evaluated,0.0,0.0,1.0,1.0,0.0,0.0,,,,False,True,
5440373874744259,hidden_irrelevant,0.5,evaluated,1.0,0.10577498789872437,1.0,1.0,0.0,0.0,,,,False,True,
5440373874744259,symmetric_init,0.5,evaluated,0.5,0.0,0.75,0.75,0.0,0.0,0.5,0.0,0.5,True,True,
7369126503459937,identity,0.5,evaluated,0.5,0.5,1.0,0.7500000000000001,0.25,0.2499999999999999,0.5,1.0,0.0,False,True,
7369126503459937,noisy,0.5,evaluated,0.5,0.265502203205358,0.9500000000000002,0.7499999999999999,0.19999999999999996,0.2000000000000003,0.5,0.8,0.18,False,True,
7369126503459937,constant,0.5,evaluated,0.5,0.0,0.75,0.7500000000000001,0.0,-1.1102230246251565e-16,0.5,0.0,1.0,True,True,
7369126503459937,independent,0.5,evaluated,0.5,0.0,0.75,0.7499999999999998,0.0,2.220446049250313e-16,0.5,0.0,0.5,True,True,
7369126503459937,informative_unused,0.5,evaluated,0.5,0.5,0.75,0.7500000000000001,0.25,-1.1102230246251565e-16,0.5,0.0,0.0,False,True,
7369126503459937,xor_public,0.5,evaluated,0.0,0.0,1.0,1.0,0.0,0.0,,,,False,True,
7369126503459937,hidden_irrelevant,0.5,evaluated,1.0,0.27682930819253193,1.0,1.0,0.0,0.0,,,,False,True,
7369126503459937,symmetric_init,0.5,evaluated,0.5,0.0,0.75,0.75,0.0,0.0,0.5,0.0,0.5,True,True,
5824059441962779,identity,0.5,evaluated,0.5,0.5,1.0,0.7499999999999999,0.25,0.2500000000000001,0.5,1.0,0.0,False,True,
5824059441962779,noisy,0.5,evaluated,0.5,0.265502203205358,0.9500000000000002,0.7499999999999999,0.19999999999999996,0.2000000000000003,0.5,0.8,0.18,False,True,
5824059441962779,constant,0.5,evaluated,0.5,0.0,0.75,0.7499999999999999,0.0,1.1102230246251565e-16,0.5,0.0,1.0,True,True,
5824059441962779,independent,0.5,evaluated,0.5,0.0,0.75,0.75,0.0,0.0,0.5,0.0,0.5,True,True,
5824059441962779,informative_unused,0.5,evaluated,0.5,0.5,0.75,0.7499999999999999,0.25,1.1102230246251565e-16,0.5,0.0,0.0,False,True,
5824059441962779,xor_public,0.5,evaluated,0.0,0.0,1.0,1.0,0.0,0.0,,,,False,True,
5824059441962779,hidden_irrelevant,0.5,evaluated,1.0,0.05007349941919417,1.0,1.0,0.0,0.0,,,,False,True,
5824059441962779,symmetric_init,0.5,evaluated,0.5,0.0,0.75,0.75,0.0,0.0,0.5,0.0,0.5,True,True,
8232983095136994,identity,0.5,evaluated,0.5,0.5,1.0,0.75,0.25,0.25,0.5,1.0,0.0,False,True,
8232983095136994,noisy,0.5,evaluated,0.5,0.265502203205358,0.9500000000000002,0.75,0.19999999999999996,0.20000000000000018,0.5,0.8,0.18,False,True,
8232983095136994,constant,0.5,evaluated,0.5,0.0,0.75,0.75,0.0,0.0,0.5,0.0,1.0,True,True,
8232983095136994,independent,0.5,evaluated,0.5,0.0,0.7499999999999999,0.75,0.0,-1.1102230246251565e-16,0.5,0.0,0.5,True,True,
8232983095136994,informative_unused,0.5,evaluated,0.5,0.5,0.75,0.75,0.25,0.0,0.5,0.0,0.0,False,True,
8232983095136994,xor_public,0.5,evaluated,0.0,0.0,0.9999999999999999,0.9999999999999999,-1.1102230246251565e-16,0.0,,,,False,True,
8232983095136994,hidden_irrelevant,0.5,evaluated,1.0,0.1682596577665204,1.0,1.0,0.0,0.0,,,,False,True,
8232983095136994,symmetric_init,0.5,evaluated,0.5,0.0,0.75,0.75,0.0,0.0,0.5,0.0,0.5,True,True,
5288836941123258,identity,0.5,evaluated,0.5,0.5,1.0,0.75,0.25,0.25,0.5,1.0,0.0,False,True,
5288836941123258,noisy,0.5,evaluated,0.5,0.265502203205358,0.9500000000000002,0.7500000000000002,0.19999999999999996,0.19999999999999996,0.5,0.8,0.18,False,True,
5288836941123258,constant,0.5,evaluated,0.5,0.0,0.75,0.75,0.0,0.0,0.5,0.0,1.0,True,True,
5288836941123258,independent,0.5,evaluated,0.5,0.0,0.75,0.7500000000000002,0.0,-2.220446049250313e-16,0.5,0.0,0.5,True,True,
5288836941123258,informative_unused,0.5,evaluated,0.5,0.5,0.75,0.75,0.25,0.0,0.5,0.0,0.0,False,True,
5288836941123258,xor_public,0.5,evaluated,0.0,0.0,1.0,1.0,0.0,0.0,,,,False,True,
5288836941123258,hidden_irrelevant,0.5,evaluated,1.0,0.0,1.0,1.0,0.0,0.0,,,,True,True,
5288836941123258,symmetric_init,0.5,evaluated,0.5,0.0,0.75,0.75,0.0,0.0,0.5,0.0,0.5,True,True,
7591317033749127,identity,0.5,evaluated,0.5,0.5,1.0,0.7500000000000001,0.25,0.2499999999999999,0.5,1.0,0.0,False,True,
7591317033749127,noisy,0.5,evaluated,0.5,0.265502203205358,0.9500000000000002,0.7500000000000001,0.19999999999999996,0.20000000000000007,0.5,0.8,0.18,False,True,
7591317033749127,constant,0.5,evaluated,0.5,0.0,0.75,0.7500000000000001,0.0,-1.1102230246251565e-16,0.5,0.0,1.0,True,True,
7591317033749127,independent,0.5,evaluated,0.5,0.0,0.7500000000000001,0.7499999999999998,0.0,3.3306690738754696e-16,0.5,0.0,0.5,True,True,
7591317033749127,informative_unused,0.5,evaluated,0.5,0.5,0.75,0.7500000000000001,0.25,-1.1102230246251565e-16,0.5,0.0,0.0,False,True,
7591317033749127,xor_public,0.5,evaluated,0.0,0.0,1.0,1.0,0.0,0.0,,,,False,True,
7591317033749127,hidden_irrelevant,0.5,evaluated,1.0,0.15103490573424835,1.0,1.0,0.0,0.0,,,,False,True,
7591317033749127,symmetric_init,0.5,evaluated,0.5,0.0,0.75,0.75,0.0,0.0,0.5,0.0,0.5,True,True,
8509498972158621,identity,0.5,evaluated,0.5,0.5,1.0,0.7499999999999999,0.25,0.2500000000000001,0.5,1.0,0.0,False,True,
8509498972158621,noisy,0.5,evaluated,0.5,0.265502203205358,0.9500000000000002,0.75,0.19999999999999996,0.20000000000000018,0.5,0.8,0.18,False,True,
8509498972158621,constant,0.5,evaluated,0.5,0.0,0.7499999999999999,0.7499999999999999,0.0,0.0,0.5,0.0,1.0,True,True,
8509498972158621,independent,0.5,evaluated,0.5,0.0,0.75,0.7500000000000002,0.0,-2.220446049250313e-16,0.5,0.0,0.5,True,True,
8509498972158621,informative_unused,0.5,evaluated,0.5,0.5,0.75,0.7499999999999999,0.25,1.1102230246251565e-16,0.5,0.0,0.0,False,True,
8509498972158621,xor_public,0.5,evaluated,0.0,0.0,1.0,1.0,0.0,0.0,,,,True,True,
8509498972158621,hidden_irrelevant,0.5,evaluated,1.0,0.0,1.0,1.0,0.0,0.0,,,,True,True,
8509498972158621,symmetric_init,0.5,evaluated,0.5,0.0,0.75,0.75,0.0,0.0,0.5,0.0,0.5,True,True,
7424283626434503,identity,0.5,evaluated,0.5,0.5,1.0,0.75,0.25,0.25,0.5,1.0,0.0,False,True,
7424283626434503,noisy,0.5,evaluated,0.5,0.265502203205358,0.9500000000000002,0.7500000000000001,0.19999999999999996,0.20000000000000007,0.5,0.8,0.18,False,True,
7424283626434503,constant,0.5,evaluated,0.5,0.0,0.75,0.75,0.0,0.0,0.5,0.0,1.0,True,True,
7424283626434503,independent,0.5,evaluated,0.5,0.0,0.75,0.7500000000000002,0.0,-2.220446049250313e-16,0.5,0.0,0.5,True,True,
7424283626434503,informative_unused,0.5,evaluated,0.5,0.5,0.75,0.75,0.25,0.0,0.5,0.0,0.0,False,True,
7424283626434503,xor_public,0.5,evaluated,0.0,0.0,1.0,1.0,0.0,0.0,,,,False,True,
7424283626434503,hidden_irrelevant,0.5,evaluated,1.0,0.0,1.0,1.0,0.0,0.0,,,,True,True,
7424283626434503,symmetric_init,0.5,evaluated,0.5,0.0,0.75,0.75,0.0,0.0,0.5,0.0,0.5,True,True,
7456564734221250,identity,0.5,evaluated,0.5,0.5,1.0,0.75,0.25,0.25,0.5,1.0,0.0,False,True,
7456564734221250,noisy,0.5,evaluated,0.5,0.265502203205358,0.9500000000000002,0.75,0.19999999999999996,0.20000000000000018,0.5,0.8,0.18,False,True,
7456564734221250,constant,0.5,evaluated,0.5,0.0,0.75,0.75,0.0,0.0,0.5,0.0,1.0,True,True,
7456564734221250,independent,0.5,evaluated,0.5,0.0,0.7500000000000001,0.75,0.0,1.1102230246251565e-16,0.5,0.0,0.5,True,True,
7456564734221250,informative_unused,0.5,evaluated,0.5,0.5,0.75,0.75,0.25,0.0,0.5,0.0,0.0,False,True,
7456564734221250,xor_public,0.5,evaluated,0.0,0.0,1.0,1.0,0.0,0.0,,,,False,True,
7456564734221250,hidden_irrelevant,0.5,evaluated,1.0,0.17141639082131696,1.0,1.0,0.0,0.0,,,,False,True,
7456564734221250,symmetric_init,0.5,evaluated,0.5,0.0,0.75,0.75,0.0,0.0,0.5,0.0,0.5,True,True,
5624022182982751,identity,0.5,evaluated,0.5,0.5,1.0,0.75,0.25,0.25,0.5,1.0,0.0,False,True,
5624022182982751,noisy,0.5,evaluated,0.5,0.265502203205358,0.9500000000000002,0.7500000000000002,0.19999999999999996,0.19999999999999996,0.5,0.8,0.18,False,True,
5624022182982751,constant,0.5,evaluated,0.5,0.0,0.7499999999999999,0.75,0.0,-1.1102230246251565e-16,0.5,0.0,1.0,True,True,
5624022182982751,independent,0.5,evaluated,0.5,0.0,0.75,0.7499999999999998,0.0,2.220446049250313e-16,0.5,0.0,0.5,True,True,
5624022182982751,informative_unused,0.5,evaluated,0.5,0.5,0.75,0.75,0.25,0.0,0.5,0.0,0.0,False,True,
5624022182982751,xor_public,0.5,evaluated,0.0,0.0,1.0,1.0,0.0,0.0,,,,False,True,
5624022182982751,hidden_irrelevant,0.5,evaluated,1.0,0.24810448050814354,1.0,1.0,0.0,0.0,,,,False,True,
5624022182982751,symmetric_init,0.5,evaluated,0.5,0.0,0.75,0.75,0.0,0.0,0.5,0.0,0.5,True,True,
6624977409084642,identity,0.5,evaluated,0.5,0.5,1.0,0.7499999999999999,0.25,0.2500000000000001,0.5,1.0,0.0,False,True,
6624977409084642,noisy,0.5,evaluated,0.5,0.265502203205358,0.9500000000000002,0.7500000000000002,0.19999999999999996,0.19999999999999996,0.5,0.8,0.18,False,True,
6624977409084642,constant,0.5,evaluated,0.5,0.0,0.7499999999999999,0.7499999999999999,0.0,0.0,0.5,0.0,1.0,True,True,
6624977409084642,independent,0.5,evaluated,0.5,0.0,0.7500000000000002,0.7500000000000002,0.0,0.0,0.5,0.0,0.5,True,True,
6624977409084642,informative_unused,0.5,evaluated,0.5,0.5,0.75,0.7499999999999999,0.25,1.1102230246251565e-16,0.5,0.0,0.0,False,True,
6624977409084642,xor_public,0.5,evaluated,0.0,0.0,1.0,1.0,0.0,0.0,,,,True,True,
6624977409084642,hidden_irrelevant,0.5,evaluated,1.0,0.07845925465102335,1.0,1.0,0.0,0.0,,,,False,True,
6624977409084642,symmetric_init,0.5,evaluated,0.5,0.0,0.75,0.75,0.0,0.0,0.5,0.0,0.5,True,True,
5176934956524685,identity,0.5,evaluated,0.5,0.5,1.0,0.7499999999999999,0.25,0.2500000000000001,0.5,1.0,0.0,False,True,
5176934956524685,noisy,0.5,evaluated,0.5,0.265502203205358,0.9500000000000002,0.7500000000000002,0.19999999999999996,0.19999999999999996,0.5,0.8,0.18,False,True,
5176934956524685,constant,0.5,evaluated,0.5,0.0,0.75,0.7499999999999999,0.0,1.1102230246251565e-16,0.5,0.0,1.0,True,True,
5176934956524685,independent,0.5,evaluated,0.5,0.0,0.75,0.75,0.0,0.0,0.5,0.0,0.5,True,True,
5176934956524685,informative_unused,0.5,evaluated,0.5,0.5,0.75,0.7499999999999999,0.25,1.1102230246251565e-16,0.5,0.0,0.0,False,True,
5176934956524685,xor_public,0.5,evaluated,0.0,0.0,1.0,1.0,0.0,0.0,,,,False,True,
5176934956524685,hidden_irrelevant,0.5,evaluated,1.0,0.04317289943243874,1.0,1.0,0.0,0.0,,,,False,True,
5176934956524685,symmetric_init,0.5,evaluated,0.5,0.0,0.75,0.75,0.0,0.0,0.5,0.0,0.5,True,True,
6372272050493176,identity,0.5,evaluated,0.5,0.5,1.0,0.75,0.25,0.25,0.5,1.0,0.0,False,True,
6372272050493176,noisy,0.5,evaluated,0.5,0.265502203205358,0.9500000000000002,0.7500000000000002,0.19999999999999996,0.19999999999999996,0.5,0.8,0.18,False,True,
6372272050493176,constant,0.5,evaluated,0.5,0.0,0.75,0.75,0.0,0.0,0.5,0.0,1.0,True,True,
6372272050493176,independent,0.5,evaluated,0.5,0.0,0.7500000000000001,0.7499999999999998,0.0,3.3306690738754696e-16,0.5,0.0,0.5,True,True,
6372272050493176,informative_unused,0.5,evaluated,0.5,0.5,0.75,0.75,0.25,0.0,0.5,0.0,0.0,False,True,
6372272050493176,xor_public,0.5,evaluated,0.0,0.0,1.0,1.0,0.0,0.0,,,,False,True,
6372272050493176,hidden_irrelevant,0.5,evaluated,1.0,0.044523989508951034,1.0,1.0,0.0,0.0,,,,False,True,
6372272050493176,symmetric_init,0.5,evaluated,0.5,0.0,0.75,0.75,0.0,0.0,0.5,0.0,0.5,True,True,
7655690915929329,identity,0.5,evaluated,0.5,0.5,1.0,0.75,0.25,0.25,0.5,1.0,0.0,False,True,
7655690915929329,noisy,0.5,evaluated,0.5,0.265502203205358,0.9500000000000002,0.75,0.19999999999999996,0.20000000000000018,0.5,0.8,0.18,False,True,
7655690915929329,constant,0.5,evaluated,0.5,0.0,0.75,0.75,0.0,0.0,0.5,0.0,1.0,True,True,
7655690915929329,independent,0.5,evaluated,0.5,0.0,0.75,0.75,0.0,0.0,0.5,0.0,0.5,True,True,
7655690915929329,informative_unused,0.5,evaluated,0.5,0.5,0.75,0.75,0.25,0.0,0.5,0.0,0.0,False,True,
7655690915929329,xor_public,0.5,evaluated,0.0,0.0,1.0,1.0,0.0,0.0,,,,False,True,
7655690915929329,hidden_irrelevant,0.5,evaluated,1.0,0.0,1.0,1.0,0.0,0.0,,,,True,True,
7655690915929329,symmetric_init,0.5,evaluated,0.5,0.0,0.75,0.75,0.0,0.0,0.5,0.0,0.5,True,True,
7192979647670795,identity,0.5,evaluated,0.5,0.5,1.0,0.75,0.25,0.25,0.5,1.0,0.0,False,True,
7192979647670795,noisy,0.5,evaluated,0.5,0.265502203205358,0.9500000000000002,0.7500000000000001,0.19999999999999996,0.20000000000000007,0.5,0.8,0.18,False,True,
7192979647670795,constant,0.5,evaluated,0.5,0.0,0.7500000000000001,0.75,0.0,1.1102230246251565e-16,0.5,0.0,1.0,True,True,
7192979647670795,independent,0.5,evaluated,0.5,0.0,0.7499999999999999,0.75,0.0,-1.1102230246251565e-16,0.5,0.0,0.5,True,True,
7192979647670795,informative_unused,0.5,evaluated,0.5,0.5,0.75,0.75,0.25,0.0,0.5,0.0,0.0,False,True,
7192979647670795,xor_public,0.5,evaluated,0.0,0.0,1.0,1.0,0.0,0.0,,,,False,True,
7192979647670795,hidden_irrelevant,0.5,evaluated,1.0,0.06818901399880224,1.0,1.0,0.0,0.0,,,,False,True,
7192979647670795,symmetric_init,0.5,evaluated,0.5,0.0,0.75,0.75,0.0,0.0,0.5,0.0,0.5,True,True,
6817441907101595,identity,0.5,evaluated,0.5,0.5,1.0,0.7499999999999999,0.25,0.2500000000000001,0.5,1.0,0.0,False,True,
6817441907101595,noisy,0.5,evaluated,0.5,0.265502203205358,0.9500000000000002,0.7499999999999999,0.19999999999999996,0.2000000000000003,0.5,0.8,0.18,False,True,
6817441907101595,constant,0.5,evaluated,0.5,0.0,0.75,0.7499999999999999,0.0,1.1102230246251565e-16,0.5,0.0,1.0,True,True,
6817441907101595,independent,0.5,evaluated,0.5,0.0,0.7499999999999999,0.75,0.0,-1.1102230246251565e-16,0.5,0.0,0.5,True,True,
6817441907101595,informative_unused,0.5,evaluated,0.5,0.5,0.75,0.7499999999999999,0.25,1.1102230246251565e-16,0.5,0.0,0.0,False,True,
6817441907101595,xor_public,0.5,evaluated,0.0,0.0,1.0,1.0,0.0,0.0,,,,False,True,
6817441907101595,hidden_irrelevant,0.5,evaluated,1.0,0.2546690491635923,1.0,1.0,0.0,0.0,,,,False,True,
6817441907101595,symmetric_init,0.5,evaluated,0.5,0.0,0.75,0.75,0.0,0.0,0.5,0.0,0.5,True,True,
8180638057683268,identity,0.5,evaluated,0.5,0.5,1.0,0.75,0.25,0.25,0.5,1.0,0.0,False,True,
8180638057683268,noisy,0.5,evaluated,0.5,0.265502203205358,0.9500000000000002,0.7500000000000001,0.19999999999999996,0.20000000000000007,0.5,0.8,0.18,False,True,
8180638057683268,constant,0.5,evaluated,0.5,0.0,0.75,0.75,0.0,0.0,0.5,0.0,1.0,True,True,
8180638057683268,independent,0.5,evaluated,0.5,0.0,0.75,0.7500000000000002,0.0,-2.220446049250313e-16,0.5,0.0,0.5,True,True,
8180638057683268,informative_unused,0.5,evaluated,0.5,0.5,0.75,0.75,0.25,0.0,0.5,0.0,0.0,False,True,
8180638057683268,xor_public,0.5,evaluated,0.0,0.0,1.0,1.0,0.0,0.0,,,,False,True,
8180638057683268,hidden_irrelevant,0.5,evaluated,1.0,0.3528896387878946,1.0,1.0,0.0,0.0,,,,False,True,
8180638057683268,symmetric_init,0.5,evaluated,0.5,0.0,0.75,0.75,0.0,0.0,0.5,0.0,0.5,True,True,
5700629466038147,identity,0.5,evaluated,0.5,0.5,1.0,0.75,0.25,0.25,0.5,1.0,0.0,False,True,
5700629466038147,noisy,0.5,evaluated,0.5,0.265502203205358,0.9500000000000002,0.7500000000000001,0.19999999999999996,0.20000000000000007,0.5,0.8,0.18,False,True,
5700629466038147,constant,0.5,evaluated,0.5,0.0,0.75,0.75,0.0,0.0,0.5,0.0,1.0,True,True,
5700629466038147,independent,0.5,evaluated,0.5,0.0,0.7499999999999999,0.75,0.0,-1.1102230246251565e-16,0.5,0.0,0.5,True,True,
5700629466038147,informative_unused,0.5,evaluated,0.5,0.5,0.75,0.75,0.25,0.0,0.5,0.0,0.0,False,True,
5700629466038147,xor_public,0.5,evaluated,0.0,0.0,1.0,1.0,0.0,0.0,,,,False,True,
5700629466038147,hidden_irrelevant,0.5,evaluated,1.0,0.016509650808115037,0.9999999999999999,0.9999999999999999,0.0,0.0,,,,False,True,
5700629466038147,symmetric_init,0.5,evaluated,0.5,0.0,0.75,0.75,0.0,0.0,0.5,0.0,0.5,True,True,
5551444335972812,identity,0.5,evaluated,0.5,0.5,1.0,0.75,0.25,0.25,0.5,1.0,0.0,False,True,
5551444335972812,noisy,0.5,evaluated,0.5,0.265502203205358,0.9500000000000002,0.7499999999999999,0.19999999999999996,0.2000000000000003,0.5,0.8,0.18,False,True,
5551444335972812,constant,0.5,evaluated,0.5,0.0,0.75,0.75,0.0,0.0,0.5,0.0,1.0,True,True,
5551444335972812,independent,0.5,evaluated,0.5,0.0,0.75,0.7499999999999998,0.0,2.220446049250313e-16,0.5,0.0,0.5,True,True,
5551444335972812,informative_unused,0.5,evaluated,0.5,0.5,0.75,0.75,0.25,0.0,0.5,0.0,0.0,False,True,
5551444335972812,xor_public,0.5,evaluated,0.0,0.0,1.0,1.0,0.0,0.0,,,,False,True,
5551444335972812,hidden_irrelevant,0.5,evaluated,1.0,0.31884230300579375,1.0,1.0,0.0,0.0,,,,False,True,
5551444335972812,symmetric_init,0.5,evaluated,0.5,0.0,0.75,0.75,0.0,0.0,0.5,0.0,0.5,True,True,
8308076287786659,identity,0.5,evaluated,0.5,0.5,1.0,0.75,0.25,0.25,0.5,1.0,0.0,False,True,
8308076287786659,noisy,0.5,evaluated,0.5,0.265502203205358,0.9500000000000002,0.7500000000000002,0.19999999999999996,0.19999999999999996,0.5,0.8,0.18,False,True,
8308076287786659,constant,0.5,evaluated,0.5,0.0,0.7500000000000001,0.75,0.0,1.1102230246251565e-16,0.5,0.0,1.0,True,True,
8308076287786659,independent,0.5,evaluated,0.5,0.0,0.75,0.7500000000000002,0.0,-2.220446049250313e-16,0.5,0.0,0.5,True,True,
8308076287786659,informative_unused,0.5,evaluated,0.5,0.5,0.75,0.75,0.25,0.0,0.5,0.0,0.0,False,True,
8308076287786659,xor_public,0.5,evaluated,0.0,0.0,1.0,1.0,0.0,0.0,,,,False,True,
8308076287786659,hidden_irrelevant,0.5,evaluated,1.0,0.2299761172521733,1.0,1.0,0.0,0.0,,,,False,True,
8308076287786659,symmetric_init,0.5,evaluated,0.5,0.0,0.75,0.75,0.0,0.0,0.5,0.0,0.5,True,True,
5983109371995643,identity,0.5,evaluated,0.5,0.5,1.0,0.75,0.25,0.25,0.5,1.0,0.0,False,True,
5983109371995643,noisy,0.5,evaluated,0.5,0.265502203205358,0.9500000000000002,0.7500000000000001,0.19999999999999996,0.20000000000000007,0.5,0.8,0.18,False,True,
5983109371995643,constant,0.5,evaluated,0.5,0.0,0.75,0.75,0.0,0.0,0.5,0.0,1.0,True,True,
5983109371995643,independent,0.5,evaluated,0.5,0.0,0.7500000000000002,0.7500000000000002,0.0,0.0,0.5,0.0,0.5,True,True,
5983109371995643,informative_unused,0.5,evaluated,0.5,0.5,0.75,0.75,0.25,0.0,0.5,0.0,0.0,False,True,
5983109371995643,xor_public,0.5,evaluated,0.0,0.0,1.0,1.0,0.0,0.0,,,,False,True,
5983109371995643,hidden_irrelevant,0.5,evaluated,1.0,0.39866692006837307,1.0,1.0,0.0,0.0,,,,False,True,
5983109371995643,symmetric_init,0.5,evaluated,0.5,0.0,0.75,0.75,0.0,0.0,0.5,0.0,0.5,True,True,
8818711133188617,identity,0.5,evaluated,0.5,0.5,1.0,0.7499999999999999,0.25,0.2500000000000001,0.5,1.0,0.0,False,True,
8818711133188617,noisy,0.5,evaluated,0.5,0.265502203205358,0.9500000000000002,0.7500000000000003,0.19999999999999996,0.19999999999999984,0.5,0.8,0.18,False,True,
8818711133188617,constant,0.5,evaluated,0.5,0.0,0.75,0.7499999999999999,0.0,1.1102230246251565e-16,0.5,0.0,1.0,True,True,
8818711133188617,independent,0.5,evaluated,0.5,0.0,0.7500000000000001,0.7500000000000002,0.0,-1.1102230246251565e-16,0.5,0.0,0.5,True,True,
8818711133188617,informative_unused,0.5,evaluated,0.5,0.5,0.75,0.7499999999999999,0.25,1.1102230246251565e-16,0.5,0.0,0.0,False,True,
8818711133188617,xor_public,0.5,evaluated,0.0,0.0,1.0,1.0,0.0,0.0,,,,False,True,
8818711133188617,hidden_irrelevant,0.5,evaluated,1.0,0.0032582700178276844,1.0,1.0,0.0,0.0,,,,False,True,
8818711133188617,symmetric_init,0.5,evaluated,0.5,0.0,0.75,0.75,0.0,0.0,0.5,0.0,0.5,True,True,
6337674741499571,identity,0.5,evaluated,0.5,0.5,1.0,0.7500000000000001,0.25,0.2499999999999999,0.5,1.0,0.0,False,True,
6337674741499571,noisy,0.5,evaluated,0.5,0.265502203205358,0.9500000000000002,0.75,0.19999999999999996,0.20000000000000018,0.5,0.8,0.18,False,True,
6337674741499571,constant,0.5,evaluated,0.5,0.0,0.75,0.7500000000000001,0.0,-1.1102230246251565e-16,0.5,0.0,1.0,True,True,
6337674741499571,independent,0.5,evaluated,0.5,0.0,0.75,0.7499999999999998,0.0,2.220446049250313e-16,0.5,0.0,0.5,True,True,
6337674741499571,informative_unused,0.5,evaluated,0.5,0.5,0.75,0.7500000000000001,0.25,-1.1102230246251565e-16,0.5,0.0,0.0,False,True,
6337674741499571,xor_public,0.5,evaluated,0.0,0.0,1.0,1.0,0.0,0.0,,,,False,True,
6337674741499571,hidden_irrelevant,0.5,evaluated,1.0,0.0,1.0,1.0,0.0,0.0,,,,True,True,
6337674741499571,symmetric_init,0.5,evaluated,0.5,0.0,0.75,0.75,0.0,0.0,0.5,0.0,0.5,True,True,
6066063220797058,identity,0.5,evaluated,0.5,0.5,1.0,0.75,0.25,0.25,0.5,1.0,0.0,False,True,
6066063220797058,noisy,0.5,evaluated,0.5,0.265502203205358,0.9500000000000002,0.75,0.19999999999999996,0.20000000000000018,0.5,0.8,0.18,False,True,
6066063220797058,constant,0.5,evaluated,0.5,0.0,0.75,0.75,0.0,0.0,0.5,0.0,1.0,True,True,
6066063220797058,independent,0.5,evaluated,0.5,0.0,0.75,0.75,0.0,0.0,0.5,0.0,0.5,True,True,
6066063220797058,informative_unused,0.5,evaluated,0.5,0.5,0.75,0.75,0.25,0.0,0.5,0.0,0.0,False,True,
6066063220797058,xor_public,0.5,evaluated,0.0,0.0,1.0,1.0,0.0,0.0,,,,False,True,
6066063220797058,hidden_irrelevant,0.5,evaluated,1.0,0.004828335618783519,1.0,1.0,0.0,0.0,,,,False,True,
6066063220797058,symmetric_init,0.5,evaluated,0.5,0.0,0.75,0.75,0.0,0.0,0.5,0.0,0.5,True,True,
6255355983036936,identity,0.5,evaluated,0.5,0.5,1.0,0.7500000000000001,0.25,0.2499999999999999,0.5,1.0,0.0,False,True,
6255355983036936,noisy,0.5,evaluated,0.5,0.265502203205358,0.9500000000000002,0.7499999999999999,0.19999999999999996,0.2000000000000003,0.5,0.8,0.18,False,True,
6255355983036936,constant,0.5,evaluated,0.5,0.0,0.75,0.7500000000000001,0.0,-1.1102230246251565e-16,0.5,0.0,1.0,True,True,
6255355983036936,independent,0.5,evaluated,0.5,0.0,0.7499999999999999,0.7499999999999998,0.0,1.1102230246251565e-16,0.5,0.0,0.5,True,True,
6255355983036936,informative_unused,0.5,evaluated,0.5,0.5,0.75,0.7500000000000001,0.25,-1.1102230246251565e-16,0.5,0.0,0.0,False,True,
6255355983036936,xor_public,0.5,evaluated,0.0,0.0,1.0,1.0,0.0,0.0,,,,False,True,
6255355983036936,hidden_irrelevant,0.5,evaluated,1.0,0.0,1.0,1.0,0.0,0.0,,,,True,True,
6255355983036936,symmetric_init,0.5,evaluated,0.5,0.0,0.75,0.75,0.0,0.0,0.5,0.0,0.5,True,True,
7888841014687482,identity,0.5,evaluated,0.5,0.5,1.0,0.75,0.25,0.25,0.5,1.0,0.0,False,True,
7888841014687482,noisy,0.5,evaluated,0.5,0.265502203205358,0.9500000000000002,0.75,0.19999999999999996,0.20000000000000018,0.5,0.8,0.18,False,True,
7888841014687482,constant,0.5,evaluated,0.5,0.0,0.75,0.75,0.0,0.0,0.5,0.0,1.0,True,True,
7888841014687482,independent,0.5,evaluated,0.5,0.0,0.7500000000000001,0.75,0.0,1.1102230246251565e-16,0.5,0.0,0.5,True,True,
7888841014687482,informative_unused,0.5,evaluated,0.5,0.5,0.75,0.75,0.25,0.0,0.5,0.0,0.0,False,True,
7888841014687482,xor_public,0.5,evaluated,0.0,0.0,1.0,1.0,0.0,0.0,,,,False,True,
7888841014687482,hidden_irrelevant,0.5,evaluated,1.0,0.08372538737021984,1.0,1.0,0.0,0.0,,,,False,True,
7888841014687482,symmetric_init,0.5,evaluated,0.5,0.0,0.75,0.75,0.0,0.0,0.5,0.0,0.5,True,True,
7382966815992815,identity,0.5,evaluated,0.5,0.5,1.0,0.75,0.25,0.25,0.5,1.0,0.0,False,True,
7382966815992815,noisy,0.5,evaluated,0.5,0.265502203205358,0.9500000000000002,0.7500000000000002,0.19999999999999996,0.19999999999999996,0.5,0.8,0.18,False,True,
7382966815992815,constant,0.5,evaluated,0.5,0.0,0.75,0.75,0.0,0.0,0.5,0.0,1.0,True,True,
7382966815992815,independent,0.5,evaluated,0.5,0.0,0.7499999999999998,0.7499999999999998,0.0,0.0,0.5,0.0,0.5,True,True,
7382966815992815,informative_unused,0.5,evaluated,0.5,0.5,0.75,0.75,0.25,0.0,0.5,0.0,0.0,False,True,
7382966815992815,xor_public,0.5,evaluated,0.0,0.0,1.0,1.0,0.0,0.0,,,,False,True,
7382966815992815,hidden_irrelevant,0.5,evaluated,1.0,0.0,1.0,1.0,0.0,0.0,,,,True,True,
7382966815992815,symmetric_init,0.5,evaluated,0.5,0.0,0.75,0.75,0.0,0.0,0.5,0.0,0.5,True,True,
7382078414008017,identity,0.5,evaluated,0.5,0.5,1.0,0.75,0.25,0.25,0.5,1.0,0.0,False,True,
7382078414008017,noisy,0.5,evaluated,0.5,0.265502203205358,0.9500000000000002,0.7500000000000001,0.19999999999999996,0.20000000000000007,0.5,0.8,0.18,False,True,
7382078414008017,constant,0.5,evaluated,0.5,0.0,0.7499999999999999,0.75,0.0,-1.1102230246251565e-16,0.5,0.0,1.0,True,True,
7382078414008017,independent,0.5,evaluated,0.5,0.0,0.7500000000000002,0.7500000000000002,0.0,0.0,0.5,0.0,0.5,True,True,
7382078414008017,informative_unused,0.5,evaluated,0.5,0.5,0.75,0.75,0.25,0.0,0.5,0.0,0.0,False,True,
7382078414008017,xor_public,0.5,evaluated,0.0,0.0,1.0,1.0,0.0,0.0,,,,False,True,
7382078414008017,hidden_irrelevant,0.5,evaluated,1.0,0.03638384947945014,1.0,1.0,0.0,0.0,,,,False,True,
7382078414008017,symmetric_init,0.5,evaluated,0.5,0.0,0.75,0.75,0.0,0.0,0.5,0.0,0.5,True,True,
7354006236677936,identity,0.5,evaluated,0.5,0.5,1.0,0.75,0.25,0.25,0.5,1.0,0.0,False,True,
7354006236677936,noisy,0.5,evaluated,0.5,0.265502203205358,0.9500000000000002,0.7500000000000001,0.19999999999999996,0.20000000000000007,0.5,0.8,0.18,False,True,
7354006236677936,constant,0.5,evaluated,0.5,0.0,0.75,0.75,0.0,0.0,0.5,0.0,1.0,True,True,
7354006236677936,independent,0.5,evaluated,0.5,0.0,0.75,0.75,0.0,0.0,0.5,0.0,0.5,True,True,
7354006236677936,informative_unused,0.5,evaluated,0.5,0.5,0.75,0.75,0.25,0.0,0.5,0.0,0.0,False,True,
7354006236677936,xor_public,0.5,evaluated,0.0,0.0,1.0,1.0,0.0,0.0,,,,False,True,
7354006236677936,hidden_irrelevant,0.5,evaluated,1.0,0.06322073642409687,1.0,1.0,0.0,0.0,,,,False,True,
7354006236677936,symmetric_init,0.5,evaluated,0.5,0.0,0.75,0.75,0.0,0.0,0.5,0.0,0.5,True,True,
7244029156487606,identity,0.5,evaluated,0.5,0.5,1.0,0.75,0.25,0.25,0.5,1.0,0.0,False,True,
7244029156487606,noisy,0.5,evaluated,0.5,0.265502203205358,0.9500000000000002,0.7500000000000001,0.19999999999999996,0.20000000000000007,0.5,0.8,0.18,False,True,
7244029156487606,constant,0.5,evaluated,0.5,0.0,0.75,0.75,0.0,0.0,0.5,0.0,1.0,True,True,
7244029156487606,independent,0.5,evaluated,0.5,0.0,0.75,0.75,0.0,0.0,0.5,0.0,0.5,True,True,
7244029156487606,informative_unused,0.5,evaluated,0.5,0.5,0.75,0.75,0.25,0.0,0.5,0.0,0.0,False,True,
7244029156487606,xor_public,0.5,evaluated,0.0,0.0,1.0,1.0,0.0,0.0,,,,False,True,
7244029156487606,hidden_irrelevant,0.5,evaluated,1.0,0.0,1.0,1.0,0.0,0.0,,,,True,True,
7244029156487606,symmetric_init,0.5,evaluated,0.5,0.0,0.75,0.75,0.0,0.0,0.5,0.0,0.5,True,True,
4985404432766178,identity,0.5,evaluated,0.5,0.5,1.0,0.75,0.25,0.25,0.5,1.0,0.0,False,True,
4985404432766178,noisy,0.5,evaluated,0.5,0.265502203205358,0.9500000000000002,0.7500000000000001,0.19999999999999996,0.20000000000000007,0.5,0.8,0.18,False,True,
4985404432766178,constant,0.5,evaluated,0.5,0.0,0.7499999999999999,0.75,0.0,-1.1102230246251565e-16,0.5,0.0,1.0,True,True,
4985404432766178,independent,0.5,evaluated,0.5,0.0,0.7500000000000001,0.75,0.0,1.1102230246251565e-16,0.5,0.0,0.5,True,True,
4985404432766178,informative_unused,0.5,evaluated,0.5,0.5,0.75,0.75,0.25,0.0,0.5,0.0,0.0,False,True,
4985404432766178,xor_public,0.5,evaluated,0.0,0.0,1.0,1.0,0.0,0.0,,,,False,True,
4985404432766178,hidden_irrelevant,0.5,evaluated,1.0,0.2278041533628936,1.0,1.0,0.0,0.0,,,,False,True,
4985404432766178,symmetric_init,0.5,evaluated,0.5,0.0,0.75,0.75,0.0,0.0,0.5,0.0,0.5,True,True,
5735180100092924,identity,0.5,evaluated,0.5,0.5,1.0,0.75,0.25,0.25,0.5,1.0,0.0,False,True,
5735180100092924,noisy,0.5,evaluated,0.5,0.265502203205358,0.9500000000000002,0.75,0.19999999999999996,0.20000000000000018,0.5,0.8,0.18,False,True,
5735180100092924,constant,0.5,evaluated,0.5,0.0,0.75,0.75,0.0,0.0,0.5,0.0,1.0,True,True,
5735180100092924,independent,0.5,evaluated,0.5,0.0,0.75,0.7500000000000002,0.0,-2.220446049250313e-16,0.5,0.0,0.5,True,True,
5735180100092924,informative_unused,0.5,evaluated,0.5,0.5,0.75,0.75,0.25,0.0,0.5,0.0,0.0,False,True,
5735180100092924,xor_public,0.5,evaluated,0.0,0.0,1.0,1.0,0.0,0.0,,,,True,True,
5735180100092924,hidden_irrelevant,0.5,evaluated,1.0,0.3246615800985423,1.0,1.0,0.0,0.0,,,,False,True,
5735180100092924,symmetric_init,0.5,evaluated,0.5,0.0,0.75,0.75,0.0,0.0,0.5,0.0,0.5,True,True,
7407006109877389,identity,0.5,evaluated,0.5,0.5,1.0,0.75,0.25,0.25,0.5,1.0,0.0,False,True,
7407006109877389,noisy,0.5,evaluated,0.5,0.265502203205358,0.9500000000000002,0.7500000000000001,0.19999999999999996,0.20000000000000007,0.5,0.8,0.18,False,True,
7407006109877389,constant,0.5,evaluated,0.5,0.0,0.75,0.75,0.0,0.0,0.5,0.0,1.0,True,True,
7407006109877389,independent,0.5,evaluated,0.5,0.0,0.7500000000000001,0.7499999999999998,0.0,3.3306690738754696e-16,0.5,0.0,0.5,True,True,
7407006109877389,informative_unused,0.5,evaluated,0.5,0.5,0.75,0.75,0.25,0.0,0.5,0.0,0.0,False,True,
7407006109877389,xor_public,0.5,evaluated,0.0,0.0,1.0,1.0,0.0,0.0,,,,False,True,
7407006109877389,hidden_irrelevant,0.5,evaluated,1.0,0.06778956074981293,1.0,1.0,0.0,0.0,,,,False,True,
7407006109877389,symmetric_init,0.5,evaluated,0.5,0.0,0.75,0.75,0.0,0.0,0.5,0.0,0.5,True,True,
8021734611264250,identity,0.5,evaluated,0.5,0.5,1.0,0.7499999999999999,0.25,0.2500000000000001,0.5,1.0,0.0,False,True,
8021734611264250,noisy,0.5,evaluated,0.5,0.265502203205358,0.9500000000000002,0.75,0.19999999999999996,0.20000000000000018,0.5,0.8,0.18,False,True,
8021734611264250,constant,0.5,evaluated,0.5,0.0,0.75,0.7499999999999999,0.0,1.1102230246251565e-16,0.5,0.0,1.0,True,True,
8021734611264250,independent,0.5,evaluated,0.5,0.0,0.7499999999999999,0.75,0.0,-1.1102230246251565e-16,0.5,0.0,0.5,True,True,
8021734611264250,informative_unused,0.5,evaluated,0.5,0.5,0.75,0.7499999999999999,0.25,1.1102230246251565e-16,0.5,0.0,0.0,False,True,
8021734611264250,xor_public,0.5,evaluated,0.0,0.0,1.0,1.0,0.0,0.0,,,,False,True,
8021734611264250,hidden_irrelevant,0.5,evaluated,1.0,0.0,1.0,1.0,0.0,0.0,,,,True,True,
8021734611264250,symmetric_init,0.5,evaluated,0.5,0.0,0.75,0.75,0.0,0.0,0.5,0.0,0.5,True,True,
5361814655212309,identity,0.5,evaluated,0.5,0.5,1.0,0.75,0.25,0.25,0.5,1.0,0.0,False,True,
5361814655212309,noisy,0.5,evaluated,0.5,0.265502203205358,0.9500000000000002,0.75,0.19999999999999996,0.20000000000000018,0.5,0.8,0.18,False,True,
5361814655212309,constant,0.5,evaluated,0.5,0.0,0.7499999999999999,0.75,0.0,-1.1102230246251565e-16,0.5,0.0,1.0,True,True,
5361814655212309,independent,0.5,evaluated,0.5,0.0,0.75,0.75,0.0,0.0,0.5,0.0,0.5,True,True,
5361814655212309,informative_unused,0.5,evaluated,0.5,0.5,0.75,0.75,0.25,0.0,0.5,0.0,0.0,False,True,
5361814655212309,xor_public,0.5,evaluated,0.0,0.0,1.0,1.0,0.0,0.0,,,,True,True,
5361814655212309,hidden_irrelevant,0.5,evaluated,1.0,0.08363835493816604,1.0,1.0,0.0,0.0,,,,False,True,
5361814655212309,symmetric_init,0.5,evaluated,0.5,0.0,0.75,0.75,0.0,0.0,0.5,0.0,0.5,True,True,
7617641490064639,identity,0.5,evaluated,0.5,0.5,1.0,0.75,0.25,0.25,0.5,1.0,0.0,False,True,
7617641490064639,noisy,0.5,evaluated,0.5,0.265502203205358,0.9500000000000002,0.7500000000000002,0.19999999999999996,0.19999999999999996,0.5,0.8,0.18,False,True,
7617641490064639,constant,0.5,evaluated,0.5,0.0,0.7499999999999999,0.75,0.0,-1.1102230246251565e-16,0.5,0.0,1.0,True,True,
7617641490064639,independent,0.5,evaluated,0.5,0.0,0.75,0.75,0.0,0.0,0.5,0.0,0.5,True,True,
7617641490064639,informative_unused,0.5,evaluated,0.5,0.5,0.75,0.75,0.25,0.0,0.5,0.0,0.0,False,True,
7617641490064639,xor_public,0.5,evaluated,0.0,0.0,1.0,1.0,0.0,0.0,,,,False,True,
7617641490064639,hidden_irrelevant,0.5,evaluated,1.0,0.0329221647994503,1.0,1.0,0.0,0.0,,,,False,True,
7617641490064639,symmetric_init,0.5,evaluated,0.5,0.0,0.75,0.75,0.0,0.0,0.5,0.0,0.5,True,True,
7175145193796517,identity,0.5,evaluated,0.5,0.5,1.0,0.75,0.25,0.25,0.5,1.0,0.0,False,True,
7175145193796517,noisy,0.5,evaluated,0.5,0.265502203205358,0.9500000000000002,0.7500000000000001,0.19999999999999996,0.20000000000000007,0.5,0.8,0.18,False,True,
7175145193796517,constant,0.5,evaluated,0.5,0.0,0.7499999999999999,0.75,0.0,-1.1102230246251565e-16,0.5,0.0,1.0,True,True,
7175145193796517,independent,0.5,evaluated,0.5,0.0,0.7500000000000002,0.7499999999999998,0.0,4.440892098500626e-16,0.5,0.0,0.5,True,True,
7175145193796517,informative_unused,0.5,evaluated,0.5,0.5,0.75,0.75,0.25,0.0,0.5,0.0,0.0,False,True,
7175145193796517,xor_public,0.5,evaluated,0.0,0.0,1.0,1.0,0.0,0.0,,,,True,True,
7175145193796517,hidden_irrelevant,0.5,evaluated,1.0,0.0,1.0,1.0,0.0,0.0,,,,True,True,
7175145193796517,symmetric_init,0.5,evaluated,0.5,0.0,0.75,0.75,0.0,0.0,0.5,0.0,0.5,True,True,
6264317758262797,identity,0.5,evaluated,0.5,0.5,1.0,0.75,0.25,0.25,0.5,1.0,0.0,False,True,
6264317758262797,noisy,0.5,evaluated,0.5,0.265502203205358,0.9500000000000002,0.75,0.19999999999999996,0.20000000000000018,0.5,0.8,0.18,False,True,
6264317758262797,constant,0.5,evaluated,0.5,0.0,0.7499999999999999,0.75,0.0,-1.1102230246251565e-16,0.5,0.0,1.0,True,True,
6264317758262797,independent,0.5,evaluated,0.5,0.0,0.7500000000000002,0.75,0.0,2.220446049250313e-16,0.5,0.0,0.5,True,True,
6264317758262797,informative_unused,0.5,evaluated,0.5,0.5,0.75,0.75,0.25,0.0,0.5,0.0,0.0,False,True,
6264317758262797,xor_public,0.5,evaluated,0.0,0.0,1.0,1.0,0.0,0.0,,,,False,True,
6264317758262797,hidden_irrelevant,0.5,evaluated,1.0,0.2299688717865346,1.0,1.0,0.0,0.0,,,,False,True,
6264317758262797,symmetric_init,0.5,evaluated,0.5,0.0,0.75,0.75,0.0,0.0,0.5,0.0,0.5,True,True,
6939907912004924,identity,0.5,evaluated,0.5,0.5,1.0,0.75,0.25,0.25,0.5,1.0,0.0,False,True,
6939907912004924,noisy,0.5,evaluated,0.5,0.265502203205358,0.9500000000000002,0.75,0.19999999999999996,0.20000000000000018,0.5,0.8,0.18,False,True,
6939907912004924,constant,0.5,evaluated,0.5,0.0,0.75,0.75,0.0,0.0,0.5,0.0,1.0,True,True,
6939907912004924,independent,0.5,evaluated,0.5,0.0,0.7500000000000001,0.7499999999999998,0.0,3.3306690738754696e-16,0.5,0.0,0.5,True,True,
6939907912004924,informative_unused,0.5,evaluated,0.5,0.5,0.75,0.75,0.25,0.0,0.5,0.0,0.0,False,True,
6939907912004924,xor_public,0.5,evaluated,0.0,0.0,1.0,1.0,0.0,0.0,,,,False,True,
6939907912004924,hidden_irrelevant,0.5,evaluated,1.0,0.24822861463745333,1.0,1.0,0.0,0.0,,,,False,True,
6939907912004924,symmetric_init,0.5,evaluated,0.5,0.0,0.75,0.75,0.0,0.0,0.5,0.0,0.5,True,True,
7407742029557936,identity,0.5,evaluated,0.5,0.5,1.0,0.75,0.25,0.25,0.5,1.0,0.0,False,True,
7407742029557936,noisy,0.5,evaluated,0.5,0.265502203205358,0.9500000000000002,0.7500000000000001,0.19999999999999996,0.20000000000000007,0.5,0.8,0.18,False,True,
7407742029557936,constant,0.5,evaluated,0.5,0.0,0.75,0.75,0.0,0.0,0.5,0.0,1.0,True,True,
7407742029557936,independent,0.5,evaluated,0.5,0.0,0.7499999999999999,0.75,0.0,-1.1102230246251565e-16,0.5,0.0,0.5,True,True,
7407742029557936,informative_unused,0.5,evaluated,0.5,0.5,0.75,0.75,0.25,0.0,0.5,0.0,0.0,False,True,
7407742029557936,xor_public,0.5,evaluated,0.0,0.0,1.0,1.0,0.0,0.0,,,,False,True,
7407742029557936,hidden_irrelevant,0.5,evaluated,1.0,0.06793653820487788,1.0,1.0,0.0,0.0,,,,False,True,
7407742029557936,symmetric_init,0.5,evaluated,0.5,0.0,0.75,0.75,0.0,0.0,0.5,0.0,0.5,True,True,
7794940871390271,identity,0.5,evaluated,0.5,0.5,1.0,0.75,0.25,0.25,0.5,1.0,0.0,False,True,
7794940871390271,noisy,0.5,evaluated,0.5,0.265502203205358,0.9500000000000002,0.7500000000000003,0.19999999999999996,0.19999999999999984,0.5,0.8,0.18,False,True,
7794940871390271,constant,0.5,evaluated,0.5,0.0,0.75,0.75,0.0,0.0,0.5,0.0,1.0,True,True,
7794940871390271,independent,0.5,evaluated,0.5,0.0,0.7500000000000001,0.7500000000000002,0.0,-1.1102230246251565e-16,0.5,0.0,0.5,True,True,
7794940871390271,informative_unused,0.5,evaluated,0.5,0.5,0.75,0.75,0.25,0.0,0.5,0.0,0.0,False,True,
7794940871390271,xor_public,0.5,evaluated,0.0,0.0,1.0,1.0,0.0,0.0,,,,False,True,
7794940871390271,hidden_irrelevant,0.5,evaluated,1.0,0.09406363126532581,1.0,1.0,0.0,0.0,,,,False,True,
7794940871390271,symmetric_init,0.5,evaluated,0.5,0.0,0.75,0.75,0.0,0.0,0.5,0.0,0.5,True,True,
7376622239363436,identity,0.5,evaluated,0.5,0.5,1.0,0.75,0.25,0.25,0.5,1.0,0.0,False,True,
7376622239363436,noisy,0.5,evaluated,0.5,0.265502203205358,0.9500000000000002,0.7500000000000003,0.19999999999999996,0.19999999999999984,0.5,0.8,0.18,False,True,
7376622239363436,constant,0.5,evaluated,0.5,0.0,0.75,0.75,0.0,0.0,0.5,0.0,1.0,True,True,
7376622239363436,independent,0.5,evaluated,0.5,0.0,0.75,0.75,0.0,0.0,0.5,0.0,0.5,True,True,
7376622239363436,informative_unused,0.5,evaluated,0.5,0.5,0.75,0.75,0.25,0.0,0.5,0.0,0.0,False,True,
7376622239363436,xor_public,0.5,evaluated,0.0,0.0,1.0,1.0,0.0,0.0,,,,False,True,
7376622239363436,hidden_irrelevant,0.5,evaluated,1.0,0.04787740485125888,1.0,1.0,0.0,0.0,,,,False,True,
7376622239363436,symmetric_init,0.5,evaluated,0.5,0.0,0.75,0.75,0.0,0.0,0.5,0.0,0.5,True,True,
7226513534464641,identity,0.5,evaluated,0.5,0.5,1.0,0.75,0.25,0.25,0.5,1.0,0.0,False,True,
7226513534464641,noisy,0.5,evaluated,0.5,0.265502203205358,0.9500000000000002,0.75,0.19999999999999996,0.20000000000000018,0.5,0.8,0.18,False,True,
7226513534464641,constant,0.5,evaluated,0.5,0.0,0.7500000000000001,0.75,0.0,1.1102230246251565e-16,0.5,0.0,1.0,True,True,
7226513534464641,independent,0.5,evaluated,0.5,0.0,0.75,0.75,0.0,0.0,0.5,0.0,0.5,True,True,
7226513534464641,informative_unused,0.5,evaluated,0.5,0.5,0.75,0.75,0.25,0.0,0.5,0.0,0.0,False,True,
7226513534464641,xor_public,0.5,evaluated,0.0,0.0,1.0,1.0,0.0,0.0,,,,False,True,
7226513534464641,hidden_irrelevant,0.5,evaluated,1.0,0.11825529461750683,1.0,1.0,0.0,0.0,,,,False,True,
7226513534464641,symmetric_init,0.5,evaluated,0.5,0.0,0.75,0.75,0.0,0.0,0.5,0.0,0.5,True,True,
6779306258772195,identity,0.5,evaluated,0.5,0.5,1.0,0.75,0.25,0.25,0.5,1.0,0.0,False,True,
6779306258772195,noisy,0.5,evaluated,0.5,0.265502203205358,0.9500000000000002,0.7500000000000002,0.19999999999999996,0.19999999999999996,0.5,0.8,0.18,False,True,
6779306258772195,constant,0.5,evaluated,0.5,0.0,0.75,0.75,0.0,0.0,0.5,0.0,1.0,True,True,
6779306258772195,independent,0.5,evaluated,0.5,0.0,0.7499999999999999,0.75,0.0,-1.1102230246251565e-16,0.5,0.0,0.5,True,True,
6779306258772195,informative_unused,0.5,evaluated,0.5,0.5,0.75,0.75,0.25,0.0,0.5,0.0,0.0,False,True,
6779306258772195,xor_public,0.5,evaluated,0.0,0.0,1.0,1.0,0.0,0.0,,,,False,True,
6779306258772195,hidden_irrelevant,0.5,evaluated,1.0,0.03137359837714361,1.0,1.0,0.0,0.0,,,,False,True,
6779306258772195,symmetric_init,0.5,evaluated,0.5,0.0,0.75,0.75,0.0,0.0,0.5,0.0,0.5,True,True,
6183346651464625,identity,0.5,evaluated,0.5,0.5,1.0,0.7500000000000001,0.25,0.2499999999999999,0.5,1.0,0.0,False,True,
6183346651464625,noisy,0.5,evaluated,0.5,0.265502203205358,0.9500000000000002,0.7500000000000001,0.19999999999999996,0.20000000000000007,0.5,0.8,0.18,False,True,
6183346651464625,constant,0.5,evaluated,0.5,0.0,0.75,0.7500000000000001,0.0,-1.1102230246251565e-16,0.5,0.0,1.0,True,True,
6183346651464625,independent,0.5,evaluated,0.5,0.0,0.7500000000000001,0.75,0.0,1.1102230246251565e-16,0.5,0.0,0.5,True,True,
6183346651464625,informative_unused,0.5,evaluated,0.5,0.5,0.75,0.7500000000000001,0.25,-1.1102230246251565e-16,0.5,0.0,0.0,False,True,
6183346651464625,xor_public,0.5,evaluated,0.0,0.0,1.0,1.0,0.0,0.0,,,,False,True,
6183346651464625,hidden_irrelevant,0.5,evaluated,1.0,0.0,1.0,1.0,0.0,0.0,,,,True,True,
6183346651464625,symmetric_init,0.5,evaluated,0.5,0.0,0.75,0.75,0.0,0.0,0.5,0.0,0.5,True,True,
4630964276898920,identity,0.5,evaluated,0.5,0.5,1.0,0.75,0.25,0.25,0.5,1.0,0.0,False,True,
4630964276898920,noisy,0.5,evaluated,0.5,0.265502203205358,0.9500000000000002,0.7500000000000001,0.19999999999999996,0.20000000000000007,0.5,0.8,0.18,False,True,
4630964276898920,constant,0.5,evaluated,0.5,0.0,0.75,0.75,0.0,0.0,0.5,0.0,1.0,True,True,
4630964276898920,independent,0.5,evaluated,0.5,0.0,0.7500000000000001,0.75,0.0,1.1102230246251565e-16,0.5,0.0,0.5,True,True,
4630964276898920,informative_unused,0.5,evaluated,0.5,0.5,0.75,0.75,0.25,0.0,0.5,0.0,0.0,False,True,
4630964276898920,xor_public,0.5,evaluated,0.0,0.0,1.0,1.0,0.0,0.0,,,,False,True,
4630964276898920,hidden_irrelevant,0.5,evaluated,1.0,0.08884425107681101,1.0,1.0,0.0,0.0,,,,False,True,
4630964276898920,symmetric_init,0.5,evaluated,0.5,0.0,0.75,0.75,0.0,0.0,0.5,0.0,0.5,True,True,
8344748512168138,identity,0.5,evaluated,0.5,0.5,1.0,0.75,0.25,0.25,0.5,1.0,0.0,False,True,
8344748512168138,noisy,0.5,evaluated,0.5,0.265502203205358,0.9500000000000002,0.7500000000000001,0.19999999999999996,0.20000000000000007,0.5,0.8,0.18,False,True,
8344748512168138,constant,0.5,evaluated,0.5,0.0,0.7499999999999999,0.75,0.0,-1.1102230246251565e-16,0.5,0.0,1.0,True,True,
8344748512168138,independent,0.5,evaluated,0.5,0.0,0.7500000000000001,0.75,0.0,1.1102230246251565e-16,0.5,0.0,0.5,True,True,
8344748512168138,informative_unused,0.5,evaluated,0.5,0.5,0.75,0.75,0.25,0.0,0.5,0.0,0.0,False,True,
8344748512168138,xor_public,0.5,evaluated,0.0,0.0,1.0,1.0,0.0,0.0,,,,False,True,
8344748512168138,hidden_irrelevant,0.5,evaluated,1.0,0.0,1.0,1.0,0.0,0.0,,,,True,True,
8344748512168138,symmetric_init,0.5,evaluated,0.5,0.0,0.75,0.75,0.0,0.0,0.5,0.0,0.5,True,True,
6319269045107186,identity,0.5,evaluated,0.5,0.5,1.0,0.75,0.25,0.25,0.5,1.0,0.0,False,True,
6319269045107186,noisy,0.5,evaluated,0.5,0.265502203205358,0.9500000000000002,0.7500000000000001,0.19999999999999996,0.20000000000000007,0.5,0.8,0.18,False,True,
6319269045107186,constant,0.5,evaluated,0.5,0.0,0.7500000000000001,0.75,0.0,1.1102230246251565e-16,0.5,0.0,1.0,True,True,
6319269045107186,independent,0.5,evaluated,0.5,0.0,0.75,0.7500000000000002,0.0,-2.220446049250313e-16,0.5,0.0,0.5,True,True,
6319269045107186,informative_unused,0.5,evaluated,0.5,0.5,0.75,0.75,0.25,0.0,0.5,0.0,0.0,False,True,
6319269045107186,xor_public,0.5,evaluated,0.0,0.0,1.0,1.0,0.0,0.0,,,,False,True,
6319269045107186,hidden_irrelevant,0.5,evaluated,1.0,0.08173254427687848,1.0,1.0,0.0,0.0,,,,False,True,
6319269045107186,symmetric_init,0.5,evaluated,0.5,0.0,0.75,0.75,0.0,0.0,0.5,0.0,0.5,True,True,
5786739248216246,identity,0.5,evaluated,0.5,0.5,1.0,0.75,0.25,0.25,0.5,1.0,0.0,False,True,
5786739248216246,noisy,0.5,evaluated,0.5,0.265502203205358,0.9500000000000002,0.7500000000000002,0.19999999999999996,0.19999999999999996,0.5,0.8,0.18,False,True,
5786739248216246,constant,0.5,evaluated,0.5,0.0,0.7499999999999999,0.75,0.0,-1.1102230246251565e-16,0.5,0.0,1.0,True,True,
5786739248216246,independent,0.5,evaluated,0.5,0.0,0.7500000000000001,0.7499999999999998,0.0,3.3306690738754696e-16,0.5,0.0,0.5,True,True,
5786739248216246,informative_unused,0.5,evaluated,0.5,0.5,0.75,0.75,0.25,0.0,0.5,0.0,0.0,False,True,
5786739248216246,xor_public,0.5,evaluated,0.0,0.0,1.0,1.0,0.0,0.0,,,,True,True,
5786739248216246,hidden_irrelevant,0.5,evaluated,1.0,0.07557149514068728,1.0,1.0,0.0,0.0,,,,False,True,
5786739248216246,symmetric_init,0.5,evaluated,0.5,0.0,0.75,0.75,0.0,0.0,0.5,0.0,0.5,True,True,
6449062486227475,identity,0.5,evaluated,0.5,0.5,1.0,0.75,0.25,0.25,0.5,1.0,0.0,False,True,
6449062486227475,noisy,0.5,evaluated,0.5,0.265502203205358,0.9500000000000002,0.7500000000000002,0.19999999999999996,0.19999999999999996,0.5,0.8,0.18,False,True,
6449062486227475,constant,0.5,evaluated,0.5,0.0,0.75,0.75,0.0,0.0,0.5,0.0,1.0,True,True,
6449062486227475,independent,0.5,evaluated,0.5,0.0,0.75,0.7499999999999998,0.0,2.220446049250313e-16,0.5,0.0,0.5,True,True,
6449062486227475,informative_unused,0.5,evaluated,0.5,0.5,0.75,0.75,0.25,0.0,0.5,0.0,0.0,False,True,
6449062486227475,xor_public,0.5,evaluated,0.0,0.0,1.0,1.0,0.0,0.0,,,,False,True,
6449062486227475,hidden_irrelevant,0.5,evaluated,1.0,0.4038824692130206,1.0,1.0,0.0,0.0,,,,False,True,
6449062486227475,symmetric_init,0.5,evaluated,0.5,0.0,0.75,0.75,0.0,0.0,0.5,0.0,0.5,True,True,
8085229848962583,identity,0.5,evaluated,0.5,0.5,1.0,0.75,0.25,0.25,0.5,1.0,0.0,False,True,
8085229848962583,noisy,0.5,evaluated,0.5,0.265502203205358,0.9500000000000002,0.7500000000000001,0.19999999999999996,0.20000000000000007,0.5,0.8,0.18,False,True,
8085229848962583,constant,0.5,evaluated,0.5,0.0,0.75,0.75,0.0,0.0,0.5,0.0,1.0,True,True,
8085229848962583,independent,0.5,evaluated,0.5,0.0,0.75,0.75,0.0,0.0,0.5,0.0,0.5,True,True,
8085229848962583,informative_unused,0.5,evaluated,0.5,0.5,0.75,0.75,0.25,0.0,0.5,0.0,0.0,False,True,
8085229848962583,xor_public,0.5,evaluated,0.0,0.0,1.0,1.0,0.0,0.0,,,,False,True,
8085229848962583,hidden_irrelevant,0.5,evaluated,1.0,0.035467563382483046,1.0,1.0,0.0,0.0,,,,False,True,
8085229848962583,symmetric_init,0.5,evaluated,0.5,0.0,0.75,0.75,0.0,0.0,0.5,0.0,0.5,True,True,
8450577100678963,identity,0.5,evaluated,0.5,0.5,1.0,0.75,0.25,0.25,0.5,1.0,0.0,False,True,
8450577100678963,noisy,0.5,evaluated,0.5,0.265502203205358,0.9500000000000002,0.7500000000000002,0.19999999999999996,0.19999999999999996,0.5,0.8,0.18,False,True,
8450577100678963,constant,0.5,evaluated,0.5,0.0,0.75,0.75,0.0,0.0,0.5,0.0,1.0,True,True,
8450577100678963,independent,0.5,evaluated,0.5,0.0,0.7499999999999999,0.7499999999999998,0.0,1.1102230246251565e-16,0.5,0.0,0.5,True,True,
8450577100678963,informative_unused,0.5,evaluated,0.5,0.5,0.75,0.75,0.25,0.0,0.5,0.0,0.0,False,True,
8450577100678963,xor_public,0.5,evaluated,0.0,0.0,1.0,1.0,0.0,0.0,,,,False,True,
8450577100678963,hidden_irrelevant,0.5,evaluated,1.0,0.0,1.0,1.0,0.0,0.0,,,,True,True,
8450577100678963,symmetric_init,0.5,evaluated,0.5,0.0,0.75,0.75,0.0,0.0,0.5,0.0,0.5,True,True,
6584036317469427,identity,0.5,evaluated,0.5,0.5,1.0,0.75,0.25,0.25,0.5,1.0,0.0,False,True,
6584036317469427,noisy,0.5,evaluated,0.5,0.265502203205358,0.9500000000000002,0.7500000000000001,0.19999999999999996,0.20000000000000007,0.5,0.8,0.18,False,True,
6584036317469427,constant,0.5,evaluated,0.5,0.0,0.75,0.75,0.0,0.0,0.5,0.0,1.0,True,True,
6584036317469427,independent,0.5,evaluated,0.5,0.0,0.7499999999999998,0.75,0.0,-2.220446049250313e-16,0.5,0.0,0.5,True,True,
6584036317469427,informative_unused,0.5,evaluated,0.5,0.5,0.75,0.75,0.25,0.0,0.5,0.0,0.0,False,True,
6584036317469427,xor_public,0.5,evaluated,0.0,0.0,1.0,1.0,0.0,0.0,,,,False,True,
6584036317469427,hidden_irrelevant,0.5,evaluated,1.0,0.14524296271339682,1.0,1.0,0.0,0.0,,,,False,True,
6584036317469427,symmetric_init,0.5,evaluated,0.5,0.0,0.75,0.75,0.0,0.0,0.5,0.0,0.5,True,True,
8395582740071943,identity,0.5,evaluated,0.5,0.5,1.0,0.75,0.25,0.25,0.5,1.0,0.0,False,True,
8395582740071943,noisy,0.5,evaluated,0.5,0.265502203205358,0.9500000000000002,0.75,0.19999999999999996,0.20000000000000018,0.5,0.8,0.18,False,True,
8395582740071943,constant,0.5,evaluated,0.5,0.0,0.75,0.75,0.0,0.0,0.5,0.0,1.0,True,True,
8395582740071943,independent,0.5,evaluated,0.5,0.0,0.7499999999999999,0.75,0.0,-1.1102230246251565e-16,0.5,0.0,0.5,True,True,
8395582740071943,informative_unused,0.5,evaluated,0.5,0.5,0.75,0.75,0.25,0.0,0.5,0.0,0.0,False,True,
8395582740071943,xor_public,0.5,evaluated,0.0,0.0,1.0,1.0,0.0,0.0,,,,False,True,
8395582740071943,hidden_irrelevant,0.5,evaluated,1.0,0.14900891520268833,1.0,1.0,0.0,0.0,,,,False,True,
8395582740071943,symmetric_init,0.5,evaluated,0.5,0.0,0.75,0.75,0.0,0.0,0.5,0.0,0.5,True,True,
4601303174214501,identity,0.5,evaluated,0.5,0.5,1.0,0.75,0.25,0.25,0.5,1.0,0.0,False,True,
4601303174214501,noisy,0.5,evaluated,0.5,0.265502203205358,0.9500000000000002,0.7500000000000001,0.19999999999999996,0.20000000000000007,0.5,0.8,0.18,False,True,
4601303174214501,constant,0.5,evaluated,0.5,0.0,0.75,0.75,0.0,0.0,0.5,0.0,1.0,True,True,
4601303174214501,independent,0.5,evaluated,0.5,0.0,0.75,0.75,0.0,0.0,0.5,0.0,0.5,True,True,
4601303174214501,informative_unused,0.5,evaluated,0.5,0.5,0.75,0.75,0.25,0.0,0.5,0.0,0.0,False,True,
4601303174214501,xor_public,0.5,evaluated,0.0,0.0,1.0,1.0,0.0,0.0,,,,False,True,
4601303174214501,hidden_irrelevant,0.5,evaluated,1.0,0.2261872849905161,1.0,1.0,0.0,0.0,,,,False,True,
4601303174214501,symmetric_init,0.5,evaluated,0.5,0.0,0.75,0.75,0.0,0.0,0.5,0.0,0.5,True,True,
8065388135982942,identity,0.5,evaluated,0.5,0.5,1.0,0.7499999999999999,0.25,0.2500000000000001,0.5,1.0,0.0,False,True,
8065388135982942,noisy,0.5,evaluated,0.5,0.265502203205358,0.9500000000000002,0.7499999999999999,0.19999999999999996,0.2000000000000003,0.5,0.8,0.18,False,True,
8065388135982942,constant,0.5,evaluated,0.5,0.0,0.75,0.7499999999999999,0.0,1.1102230246251565e-16,0.5,0.0,1.0,True,True,
8065388135982942,independent,0.5,evaluated,0.5,0.0,0.75,0.75,0.0,0.0,0.5,0.0,0.5,True,True,
8065388135982942,informative_unused,0.5,evaluated,0.5,0.5,0.75,0.7499999999999999,0.25,1.1102230246251565e-16,0.5,0.0,0.0,False,True,
8065388135982942,xor_public,0.5,evaluated,0.0,0.0,1.0,1.0,0.0,0.0,,,,True,True,
8065388135982942,hidden_irrelevant,0.5,evaluated,1.0,0.0,1.0,1.0,0.0,0.0,,,,True,True,
8065388135982942,symmetric_init,0.5,evaluated,0.5,0.0,0.75,0.75,0.0,0.0,0.5,0.0,0.5,True,True,
6553199780087373,identity,0.5,evaluated,0.5,0.5,1.0,0.75,0.25,0.25,0.5,1.0,0.0,False,True,
6553199780087373,noisy,0.5,evaluated,0.5,0.265502203205358,0.9500000000000002,0.7499999999999999,0.19999999999999996,0.2000000000000003,0.5,0.8,0.18,False,True,
6553199780087373,constant,0.5,evaluated,0.5,0.0,0.7499999999999999,0.75,0.0,-1.1102230246251565e-16,0.5,0.0,1.0,True,True,
6553199780087373,independent,0.5,evaluated,0.5,0.0,0.75,0.75,0.0,0.0,0.5,0.0,0.5,True,True,
6553199780087373,informative_unused,0.5,evaluated,0.5,0.5,0.75,0.75,0.25,0.0,0.5,0.0,0.0,False,True,
6553199780087373,xor_public,0.5,evaluated,0.0,0.0,1.0,1.0,0.0,0.0,,,,True,True,
6553199780087373,hidden_irrelevant,0.5,evaluated,1.0,0.0020580546428967984,1.0,1.0,0.0,0.0,,,,False,True,
6553199780087373,symmetric_init,0.5,evaluated,0.5,0.0,0.75,0.75,0.0,0.0,0.5,0.0,0.5,True,True,
5984918795485780,identity,0.5,evaluated,0.5,0.5,1.0,0.75,0.25,0.25,0.5,1.0,0.0,False,True,
5984918795485780,noisy,0.5,evaluated,0.5,0.265502203205358,0.9500000000000002,0.7500000000000002,0.19999999999999996,0.19999999999999996,0.5,0.8,0.18,False,True,
5984918795485780,constant,0.5,evaluated,0.5,0.0,0.75,0.75,0.0,0.0,0.5,0.0,1.0,True,True,
5984918795485780,independent,0.5,evaluated,0.5,0.0,0.7499999999999999,0.7499999999999998,0.0,1.1102230246251565e-16,0.5,0.0,0.5,True,True,
5984918795485780,informative_unused,0.5,evaluated,0.5,0.5,0.75,0.75,0.25,0.0,0.5,0.0,0.0,False,True,
5984918795485780,xor_public,0.5,evaluated,0.0,0.0,1.0,1.0,0.0,0.0,,,,True,True,
5984918795485780,hidden_irrelevant,0.5,evaluated,1.0,0.047481635905810574,0.9999999999999999,0.9999999999999999,-2.220446049250313e-16,0.0,,,,False,True,
5984918795485780,symmetric_init,0.5,evaluated,0.5,0.0,0.75,0.75,0.0,0.0,0.5,0.0,0.5,True,True,
5161655856868505,identity,0.5,evaluated,0.5,0.5,1.0,0.75,0.25,0.25,0.5,1.0,0.0,False,True,
5161655856868505,noisy,0.5,evaluated,0.5,0.265502203205358,0.9500000000000002,0.75,0.19999999999999996,0.20000000000000018,0.5,0.8,0.18,False,True,
5161655856868505,constant,0.5,evaluated,0.5,0.0,0.75,0.75,0.0,0.0,0.5,0.0,1.0,True,True,
5161655856868505,independent,0.5,evaluated,0.5,0.0,0.7500000000000001,0.7500000000000002,0.0,-1.1102230246251565e-16,0.5,0.0,0.5,True,True,
5161655856868505,informative_unused,0.5,evaluated,0.5,0.5,0.75,0.75,0.25,0.0,0.5,0.0,0.0,False,True,
5161655856868505,xor_public,0.5,evaluated,0.0,0.0,1.0,1.0,0.0,0.0,,,,False,True,
5161655856868505,hidden_irrelevant,0.5,evaluated,1.0,0.0771359425172066,1.0,1.0,0.0,0.0,,,,False,True,
5161655856868505,symmetric_init,0.5,evaluated,0.5,0.0,0.75,0.75,0.0,0.0,0.5,0.0,0.5,True,True,
8049418700437784,identity,0.5,evaluated,0.5,0.5,1.0,0.75,0.25,0.25,0.5,1.0,0.0,False,True,
8049418700437784,noisy,0.5,evaluated,0.5,0.265502203205358,0.9500000000000002,0.7500000000000001,0.19999999999999996,0.20000000000000007,0.5,0.8,0.18,False,True,
8049418700437784,constant,0.5,evaluated,0.5,0.0,0.7500000000000001,0.75,0.0,1.1102230246251565e-16,0.5,0.0,1.0,True,True,
8049418700437784,independent,0.5,evaluated,0.5,0.0,0.75,0.75,0.0,0.0,0.5,0.0,0.5,True,True,
8049418700437784,informative_unused,0.5,evaluated,0.5,0.5,0.75,0.75,0.25,0.0,0.5,0.0,0.0,False,True,
8049418700437784,xor_public,0.5,evaluated,0.0,0.0,1.0,1.0,0.0,0.0,,,,False,True,
8049418700437784,hidden_irrelevant,0.5,evaluated,1.0,0.37122926623076646,1.0,1.0,0.0,0.0,,,,False,True,
8049418700437784,symmetric_init,0.5,evaluated,0.5,0.0,0.75,0.75,0.0,0.0,0.5,0.0,0.5,True,True,
5417235775681511,identity,0.5,evaluated,0.5,0.5,1.0,0.75,0.25,0.25,0.5,1.0,0.0,False,True,
5417235775681511,noisy,0.5,evaluated,0.5,0.265502203205358,0.9500000000000002,0.75,0.19999999999999996,0.20000000000000018,0.5,0.8,0.18,False,True,
5417235775681511,constant,0.5,evaluated,0.5,0.0,0.75,0.75,0.0,0.0,0.5,0.0,1.0,True,True,
5417235775681511,independent,0.5,evaluated,0.5,0.0,0.7500000000000001,0.75,0.0,1.1102230246251565e-16,0.5,0.0,0.5,True,True,
5417235775681511,informative_unused,0.5,evaluated,0.5,0.5,0.75,0.75,0.25,0.0,0.5,0.0,0.0,False,True,
5417235775681511,xor_public,0.5,evaluated,0.0,0.0,1.0,1.0,0.0,0.0,,,,True,True,
5417235775681511,hidden_irrelevant,0.5,evaluated,1.0,0.2719715514223686,1.0,1.0,0.0,0.0,,,,False,True,
5417235775681511,symmetric_init,0.5,evaluated,0.5,0.0,0.75,0.75,0.0,0.0,0.5,0.0,0.5,True,True,
8364521461195652,identity,0.5,evaluated,0.5,0.5,1.0,0.75,0.25,0.25,0.5,1.0,0.0,False,True,
8364521461195652,noisy,0.5,evaluated,0.5,0.265502203205358,0.9500000000000002,0.7500000000000001,0.19999999999999996,0.20000000000000007,0.5,0.8,0.18,False,True,
8364521461195652,constant,0.5,evaluated,0.5,0.0,0.75,0.75,0.0,0.0,0.5,0.0,1.0,True,True,
8364521461195652,independent,0.5,evaluated,0.5,0.0,0.7500000000000002,0.7499999999999998,0.0,4.440892098500626e-16,0.5,0.0,0.5,True,True,
8364521461195652,informative_unused,0.5,evaluated,0.5,0.5,0.75,0.75,0.25,0.0,0.5,0.0,0.0,False,True,
8364521461195652,xor_public,0.5,evaluated,0.0,0.0,1.0,1.0,0.0,0.0,,,,False,True,
8364521461195652,hidden_irrelevant,0.5,evaluated,1.0,0.0011021522495649506,1.0,1.0,0.0,0.0,,,,False,True,
8364521461195652,symmetric_init,0.5,evaluated,0.5,0.0,0.75,0.75,0.0,0.0,0.5,0.0,0.5,True,True,
8115670216916981,identity,0.5,evaluated,0.5,0.5,1.0,0.75,0.25,0.25,0.5,1.0,0.0,False,True,
8115670216916981,noisy,0.5,evaluated,0.5,0.265502203205358,0.9500000000000002,0.7500000000000001,0.19999999999999996,0.20000000000000007,0.5,0.8,0.18,False,True,
8115670216916981,constant,0.5,evaluated,0.5,0.0,0.7499999999999999,0.75,0.0,-1.1102230246251565e-16,0.5,0.0,1.0,True,True,
8115670216916981,independent,0.5,evaluated,0.5,0.0,0.7499999999999999,0.7499999999999998,0.0,1.1102230246251565e-16,0.5,0.0,0.5,True,True,
8115670216916981,informative_unused,0.5,evaluated,0.5,0.5,0.75,0.75,0.25,0.0,0.5,0.0,0.0,False,True,
8115670216916981,xor_public,0.5,evaluated,0.0,0.0,1.0,1.0,0.0,0.0,,,,False,True,
8115670216916981,hidden_irrelevant,0.5,evaluated,1.0,0.0,1.0,1.0,0.0,0.0,,,,True,True,
8115670216916981,symmetric_init,0.5,evaluated,0.5,0.0,0.75,0.75,0.0,0.0,0.5,0.0,0.5,True,True,
6491089107220140,identity,0.5,evaluated,0.5,0.5,1.0,0.75,0.25,0.25,0.5,1.0,0.0,False,True,
6491089107220140,noisy,0.5,evaluated,0.5,0.265502203205358,0.9500000000000002,0.7499999999999998,0.19999999999999996,0.2000000000000004,0.5,0.8,0.18,False,True,
6491089107220140,constant,0.5,evaluated,0.5,0.0,0.75,0.75,0.0,0.0,0.5,0.0,1.0,True,True,
6491089107220140,independent,0.5,evaluated,0.5,0.0,0.7500000000000001,0.7499999999999998,0.0,3.3306690738754696e-16,0.5,0.0,0.5,True,True,
6491089107220140,informative_unused,0.5,evaluated,0.5,0.5,0.75,0.75,0.25,0.0,0.5,0.0,0.0,False,True,
6491089107220140,xor_public,0.5,evaluated,0.0,0.0,1.0,1.0,0.0,0.0,,,,False,True,
6491089107220140,hidden_irrelevant,0.5,evaluated,1.0,0.0,1.0,1.0,0.0,0.0,,,,True,True,
6491089107220140,symmetric_init,0.5,evaluated,0.5,0.0,0.75,0.75,0.0,0.0,0.5,0.0,0.5,True,True,
5444995653105725,identity,0.5,evaluated,0.5,0.5,1.0,0.7499999999999999,0.25,0.2500000000000001,0.5,1.0,0.0,False,True,
5444995653105725,noisy,0.5,evaluated,0.5,0.265502203205358,0.9500000000000002,0.7500000000000003,0.19999999999999996,0.19999999999999984,0.5,0.8,0.18,False,True,
5444995653105725,constant,0.5,evaluated,0.5,0.0,0.75,0.7499999999999999,0.0,1.1102230246251565e-16,0.5,0.0,1.0,True,True,
5444995653105725,independent,0.5,evaluated,0.5,0.0,0.75,0.7500000000000002,0.0,-2.220446049250313e-16,0.5,0.0,0.5,True,True,
5444995653105725,informative_unused,0.5,evaluated,0.5,0.5,0.75,0.7499999999999999,0.25,1.1102230246251565e-16,0.5,0.0,0.0,False,True,
5444995653105725,xor_public,0.5,evaluated,0.0,0.0,1.0,1.0,0.0,0.0,,,,True,True,
5444995653105725,hidden_irrelevant,0.5,evaluated,1.0,0.0,1.0,1.0,0.0,0.0,,,,True,True,
5444995653105725,symmetric_init,0.5,evaluated,0.5,0.0,0.75,0.75,0.0,0.0,0.5,0.0,0.5,True,True,
6353939971236550,identity,0.5,evaluated,0.5,0.5,1.0,0.75,0.25,0.25,0.5,1.0,0.0,False,True,
6353939971236550,noisy,0.5,evaluated,0.5,0.265502203205358,0.9500000000000002,0.7499999999999998,0.19999999999999996,0.2000000000000004,0.5,0.8,0.18,False,True,
6353939971236550,constant,0.5,evaluated,0.5,0.0,0.7499999999999999,0.75,0.0,-1.1102230246251565e-16,0.5,0.0,1.0,True,True,
6353939971236550,independent,0.5,evaluated,0.5,0.0,0.7499999999999999,0.7499999999999998,0.0,1.1102230246251565e-16,0.5,0.0,0.5,True,True,
6353939971236550,informative_unused,0.5,evaluated,0.5,0.5,0.75,0.75,0.25,0.0,0.5,0.0,0.0,False,True,
6353939971236550,xor_public,0.5,evaluated,0.0,0.0,1.0,1.0,0.0,0.0,,,,False,True,
6353939971236550,hidden_irrelevant,0.5,evaluated,1.0,0.003082443881738766,1.0,1.0,0.0,0.0,,,,False,True,
6353939971236550,symmetric_init,0.5,evaluated,0.5,0.0,0.75,0.75,0.0,0.0,0.5,0.0,0.5,True,True,
6052639007745895,identity,0.5,evaluated,0.5,0.5,1.0,0.75,0.25,0.25,0.5,1.0,0.0,False,True,
6052639007745895,noisy,0.5,evaluated,0.5,0.265502203205358,0.9500000000000002,0.7500000000000001,0.19999999999999996,0.20000000000000007,0.5,0.8,0.18,False,True,
6052639007745895,constant,0.5,evaluated,0.5,0.0,0.75,0.75,0.0,0.0,0.5,0.0,1.0,True,True,
6052639007745895,independent,0.5,evaluated,0.5,0.0,0.75,0.7499999999999998,0.0,2.220446049250313e-16,0.5,0.0,0.5,True,True,
6052639007745895,informative_unused,0.5,evaluated,0.5,0.5,0.75,0.75,0.25,0.0,0.5,0.0,0.0,False,True,
6052639007745895,xor_public,0.5,evaluated,0.0,0.0,1.0,1.0,0.0,0.0,,,,False,True,
6052639007745895,hidden_irrelevant,0.5,evaluated,1.0,0.04873724455096497,1.0,1.0,0.0,0.0,,,,False,True,
6052639007745895,symmetric_init,0.5,evaluated,0.5,0.0,0.75,0.75,0.0,0.0,0.5,0.0,0.5,True,True,
6209974598468047,identity,0.5,evaluated,0.5,0.5,1.0,0.7500000000000001,0.25,0.2499999999999999,0.5,1.0,0.0,False,True,
6209974598468047,noisy,0.5,evaluated,0.5,0.265502203205358,0.9500000000000002,0.7500000000000001,0.19999999999999996,0.20000000000000007,0.5,0.8,0.18,False,True,
6209974598468047,constant,0.5,evaluated,0.5,0.0,0.7499999999999999,0.7500000000000001,0.0,-2.220446049250313e-16,0.5,0.0,1.0,True,True,
6209974598468047,independent,0.5,evaluated,0.5,0.0,0.7500000000000002,0.75,0.0,2.220446049250313e-16,0.5,0.0,0.5,True,True,
6209974598468047,informative_unused,0.5,evaluated,0.5,0.5,0.75,0.7500000000000001,0.25,-1.1102230246251565e-16,0.5,0.0,0.0,False,True,
6209974598468047,xor_public,0.5,evaluated,0.0,0.0,1.0,1.0,0.0,0.0,,,,True,True,
6209974598468047,hidden_irrelevant,0.5,evaluated,1.0,0.0,1.0,1.0,0.0,0.0,,,,True,True,
6209974598468047,symmetric_init,0.5,evaluated,0.5,0.0,0.75,0.75,0.0,0.0,0.5,0.0,0.5,True,True,
5453639939483453,identity,0.5,evaluated,0.5,0.5,1.0,0.7500000000000001,0.25,0.2499999999999999,0.5,1.0,0.0,False,True,
5453639939483453,noisy,0.5,evaluated,0.5,0.265502203205358,0.9500000000000002,0.7500000000000002,0.19999999999999996,0.19999999999999996,0.5,0.8,0.18,False,True,
5453639939483453,constant,0.5,evaluated,0.5,0.0,0.75,0.7500000000000001,0.0,-1.1102230246251565e-16,0.5,0.0,1.0,True,True,
5453639939483453,independent,0.5,evaluated,0.5,0.0,0.7500000000000001,0.75,0.0,1.1102230246251565e-16,0.5,0.0,0.5,True,True,
5453639939483453,informative_unused,0.5,evaluated,0.5,0.5,0.75,0.7500000000000001,0.25,-1.1102230246251565e-16,0.5,0.0,0.0,False,True,
5453639939483453,xor_public,0.5,evaluated,0.0,0.0,1.0,1.0,0.0,0.0,,,,False,True,
5453639939483453,hidden_irrelevant,0.5,evaluated,1.0,0.0,1.0,1.0,0.0,0.0,,,,True,True,
5453639939483453,symmetric_init,0.5,evaluated,0.5,0.0,0.75,0.75,0.0,0.0,0.5,0.0,0.5,True,True,
8246693119176712,identity,0.5,evaluated,0.5,0.5,1.0,0.75,0.25,0.25,0.5,1.0,0.0,False,True,
8246693119176712,noisy,0.5,evaluated,0.5,0.265502203205358,0.9500000000000002,0.7500000000000002,0.19999999999999996,0.19999999999999996,0.5,0.8,0.18,False,True,
8246693119176712,constant,0.5,evaluated,0.5,0.0,0.7500000000000001,0.75,0.0,1.1102230246251565e-16,0.5,0.0,1.0,True,True,
8246693119176712,independent,0.5,evaluated,0.5,0.0,0.75,0.75,0.0,0.0,0.5,0.0,0.5,True,True,
8246693119176712,informative_unused,0.5,evaluated,0.5,0.5,0.75,0.75,0.25,0.0,0.5,0.0,0.0,False,True,
8246693119176712,xor_public,0.5,evaluated,0.0,0.0,1.0,1.0,0.0,0.0,,,,False,True,
8246693119176712,hidden_irrelevant,0.5,evaluated,1.0,0.12165294074055583,1.0,1.0,0.0,0.0,,,,False,True,
8246693119176712,symmetric_init,0.5,evaluated,0.5,0.0,0.75,0.75,0.0,0.0,0.5,0.0,0.5,True,True,
6599930658910346,identity,0.5,evaluated,0.5,0.5,1.0,0.75,0.25,0.25,0.5,1.0,0.0,False,True,
6599930658910346,noisy,0.5,evaluated,0.5,0.265502203205358,0.9500000000000002,0.7499999999999998,0.19999999999999996,0.2000000000000004,0.5,0.8,0.18,False,True,
6599930658910346,constant,0.5,evaluated,0.5,0.0,0.75,0.75,0.0,0.0,0.5,0.0,1.0,True,True,
6599930658910346,independent,0.5,evaluated,0.5,0.0,0.75,0.75,0.0,0.0,0.5,0.0,0.5,True,True,
6599930658910346,informative_unused,0.5,evaluated,0.5,0.5,0.75,0.75,0.25,0.0,0.5,0.0,0.0,False,True,
6599930658910346,xor_public,0.5,evaluated,0.0,0.0,1.0,1.0,0.0,0.0,,,,False,True,
6599930658910346,hidden_irrelevant,0.5,evaluated,1.0,0.036332328790525004,1.0,1.0,0.0,0.0,,,,False,True,
6599930658910346,symmetric_init,0.5,evaluated,0.5,0.0,0.75,0.75,0.0,0.0,0.5,0.0,0.5,True,True,
5645129857306752,identity,0.5,evaluated,0.5,0.5,1.0,0.7499999999999999,0.25,0.2500000000000001,0.5,1.0,0.0,False,True,
5645129857306752,noisy,0.5,evaluated,0.5,0.265502203205358,0.9500000000000002,0.75,0.19999999999999996,0.20000000000000018,0.5,0.8,0.18,False,True,
5645129857306752,constant,0.5,evaluated,0.5,0.0,0.7499999999999999,0.7499999999999999,0.0,0.0,0.5,0.0,1.0,True,True,
5645129857306752,independent,0.5,evaluated,0.5,0.0,0.7500000000000002,0.75,0.0,2.220446049250313e-16,0.5,0.0,0.5,True,True,
5645129857306752,informative_unused,0.5,evaluated,0.5,0.5,0.75,0.7499999999999999,0.25,1.1102230246251565e-16,0.5,0.0,0.0,False,True,
5645129857306752,xor_public,0.5,evaluated,0.0,0.0,1.0,1.0,0.0,0.0,,,,False,True,
5645129857306752,hidden_irrelevant,0.5,evaluated,1.0,0.03600928714240034,1.0,1.0,0.0,0.0,,,,False,True,
5645129857306752,symmetric_init,0.5,evaluated,0.5,0.0,0.75,0.75,0.0,0.0,0.5,0.0,0.5,True,True,
6060926753171840,identity,0.5,evaluated,0.5,0.5,1.0,0.75,0.25,0.25,0.5,1.0,0.0,False,True,
6060926753171840,noisy,0.5,evaluated,0.5,0.265502203205358,0.9500000000000002,0.7499999999999998,0.19999999999999996,0.2000000000000004,0.5,0.8,0.18,False,True,
6060926753171840,constant,0.5,evaluated,0.5,0.0,0.75,0.75,0.0,0.0,0.5,0.0,1.0,True,True,
6060926753171840,independent,0.5,evaluated,0.5,0.0,0.75,0.75,0.0,0.0,0.5,0.0,0.5,True,True,
6060926753171840,informative_unused,0.5,evaluated,0.5,0.5,0.75,0.75,0.25,0.0,0.5,0.0,0.0,False,True,
6060926753171840,xor_public,0.5,evaluated,0.0,0.0,1.0,1.0,0.0,0.0,,,,True,True,
6060926753171840,hidden_irrelevant,0.5,evaluated,1.0,0.005999332329859511,1.0,1.0,0.0,0.0,,,,False,True,
6060926753171840,symmetric_init,0.5,evaluated,0.5,0.0,0.75,0.75,0.0,0.0,0.5,0.0,0.5,True,True,
7675419849706076,identity,0.5,evaluated,0.5,0.5,1.0,0.75,0.25,0.25,0.5,1.0,0.0,False,True,
7675419849706076,noisy,0.5,evaluated,0.5,0.265502203205358,0.9500000000000002,0.7500000000000002,0.19999999999999996,0.19999999999999996,0.5,0.8,0.18,False,True,
7675419849706076,constant,0.5,evaluated,0.5,0.0,0.75,0.75,0.0,0.0,0.5,0.0,1.0,True,True,
7675419849706076,independent,0.5,evaluated,0.5,0.0,0.7500000000000001,0.75,0.0,1.1102230246251565e-16,0.5,0.0,0.5,True,True,
7675419849706076,informative_unused,0.5,evaluated,0.5,0.5,0.75,0.75,0.25,0.0,0.5,0.0,0.0,False,True,
7675419849706076,xor_public,0.5,evaluated,0.0,0.0,1.0,1.0,0.0,0.0,,,,False,True,
7675419849706076,hidden_irrelevant,0.5,evaluated,1.0,0.35825166790275376,1.0,1.0,0.0,0.0,,,,False,True,
7675419849706076,symmetric_init,0.5,evaluated,0.5,0.0,0.75,0.75,0.0,0.0,0.5,0.0,0.5,True,True,
4771313297774626,identity,0.5,evaluated,0.5,0.5,1.0,0.75,0.25,0.25,0.5,1.0,0.0,False,True,
4771313297774626,noisy,0.5,evaluated,0.5,0.265502203205358,0.9500000000000002,0.7500000000000002,0.19999999999999996,0.19999999999999996,0.5,0.8,0.18,False,True,
4771313297774626,constant,0.5,evaluated,0.5,0.0,0.75,0.75,0.0,0.0,0.5,0.0,1.0,True,True,
4771313297774626,independent,0.5,evaluated,0.5,0.0,0.7499999999999998,0.75,0.0,-2.220446049250313e-16,0.5,0.0,0.5,True,True,
4771313297774626,informative_unused,0.5,evaluated,0.5,0.5,0.75,0.75,0.25,0.0,0.5,0.0,0.0,False,True,
4771313297774626,xor_public,0.5,evaluated,0.0,0.0,1.0,1.0,0.0,0.0,,,,False,True,
4771313297774626,hidden_irrelevant,0.5,evaluated,1.0,0.026632276182384836,1.0,1.0,0.0,0.0,,,,False,True,
4771313297774626,symmetric_init,0.5,evaluated,0.5,0.0,0.75,0.75,0.0,0.0,0.5,0.0,0.5,True,True,
5044834546955739,identity,0.5,evaluated,0.5,0.5,1.0,0.7499999999999999,0.25,0.2500000000000001,0.5,1.0,0.0,False,True,
5044834546955739,noisy,0.5,evaluated,0.5,0.265502203205358,0.9500000000000002,0.7500000000000001,0.19999999999999996,0.20000000000000007,0.5,0.8,0.18,False,True,
5044834546955739,constant,0.5,evaluated,0.5,0.0,0.75,0.7499999999999999,0.0,1.1102230246251565e-16,0.5,0.0,1.0,True,True,
5044834546955739,independent,0.5,evaluated,0.5,0.0,0.7500000000000001,0.7500000000000002,0.0,-1.1102230246251565e-16,0.5,0.0,0.5,True,True,
5044834546955739,informative_unused,0.5,evaluated,0.5,0.5,0.75,0.7499999999999999,0.25,1.1102230246251565e-16,0.5,0.0,0.0,False,True,
5044834546955739,xor_public,0.5,evaluated,0.0,0.0,1.0,1.0,0.0,0.0,,,,True,True,
5044834546955739,hidden_irrelevant,0.5,evaluated,1.0,0.04171778152871109,1.0,1.0,0.0,0.0,,,,False,True,
5044834546955739,symmetric_init,0.5,evaluated,0.5,0.0,0.75,0.75,0.0,0.0,0.5,0.0,0.5,True,True,
8023808805839102,identity,0.5,evaluated,0.5,0.5,1.0,0.7500000000000001,0.25,0.2499999999999999,0.5,1.0,0.0,False,True,
8023808805839102,noisy,0.5,evaluated,0.5,0.265502203205358,0.9500000000000002,0.7500000000000001,0.19999999999999996,0.20000000000000007,0.5,0.8,0.18,False,True,
8023808805839102,constant,0.5,evaluated,0.5,0.0,0.75,0.7500000000000001,0.0,-1.1102230246251565e-16,0.5,0.0,1.0,True,True,
8023808805839102,independent,0.5,evaluated,0.5,0.0,0.75,0.7499999999999998,0.0,2.220446049250313e-16,0.5,0.0,0.5,True,True,
8023808805839102,informative_unused,0.5,evaluated,0.5,0.5,0.75,0.7500000000000001,0.25,-1.1102230246251565e-16,0.5,0.0,0.0,False,True,
8023808805839102,xor_public,0.5,evaluated,0.0,0.0,1.0,1.0,0.0,0.0,,,,False,True,
8023808805839102,hidden_irrelevant,0.5,evaluated,1.0,0.17142764739341276,1.0,1.0,0.0,0.0,,,,False,True,
8023808805839102,symmetric_init,0.5,evaluated,0.5,0.0,0.75,0.75,0.0,0.0,0.5,0.0,0.5,True,True,
7836056526608109,identity,0.5,evaluated,0.5,0.5,1.0,0.75,0.25,0.25,0.5,1.0,0.0,False,True,
7836056526608109,noisy,0.5,evaluated,0.5,0.265502203205358,0.9500000000000002,0.7499999999999999,0.19999999999999996,0.2000000000000003,0.5,0.8,0.18,False,True,
7836056526608109,constant,0.5,evaluated,0.5,0.0,0.75,0.75,0.0,0.0,0.5,0.0,1.0,True,True,
7836056526608109,independent,0.5,evaluated,0.5,0.0,0.7500000000000001,0.7499999999999998,0.0,3.3306690738754696e-16,0.5,0.0,0.5,True,True,
7836056526608109,informative_unused,0.5,evaluated,0.5,0.5,0.75,0.75,0.25,0.0,0.5,0.0,0.0,False,True,
7836056526608109,xor_public,0.5,evaluated,0.0,0.0,1.0,1.0,0.0,0.0,,,,True,True,
7836056526608109,hidden_irrelevant,0.5,evaluated,1.0,0.0,1.0,1.0,0.0,0.0,,,,True,True,
7836056526608109,symmetric_init,0.5,evaluated,0.5,0.0,0.75,0.75,0.0,0.0,0.5,0.0,0.5,True,True,
5790248557819175,identity,0.5,evaluated,0.5,0.5,1.0,0.75,0.25,0.25,0.5,1.0,0.0,False,True,
5790248557819175,noisy,0.5,evaluated,0.5,0.265502203205358,0.9500000000000002,0.7499999999999998,0.19999999999999996,0.2000000000000004,0.5,0.8,0.18,False,True,
5790248557819175,constant,0.5,evaluated,0.5,0.0,0.75,0.75,0.0,0.0,0.5,0.0,1.0,True,True,
5790248557819175,independent,0.5,evaluated,0.5,0.0,0.7499999999999999,0.7499999999999998,0.0,1.1102230246251565e-16,0.5,0.0,0.5,True,True,
5790248557819175,informative_unused,0.5,evaluated,0.5,0.5,0.75,0.75,0.25,0.0,0.5,0.0,0.0,False,True,
5790248557819175,xor_public,0.5,evaluated,0.0,0.0,1.0,1.0,0.0,0.0,,,,False,True,
5790248557819175,hidden_irrelevant,0.5,evaluated,1.0,0.0019804329878628374,1.0,1.0,0.0,0.0,,,,False,True,
5790248557819175,symmetric_init,0.5,evaluated,0.5,0.0,0.75,0.75,0.0,0.0,0.5,0.0,0.5,True,True,
8947914482665725,identity,0.5,evaluated,0.5,0.5,1.0,0.75,0.25,0.25,0.5,1.0,0.0,False,True,
8947914482665725,noisy,0.5,evaluated,0.5,0.265502203205358,0.9500000000000002,0.75,0.19999999999999996,0.20000000000000018,0.5,0.8,0.18,False,True,
8947914482665725,constant,0.5,evaluated,0.5,0.0,0.75,0.75,0.0,0.0,0.5,0.0,1.0,True,True,
8947914482665725,independent,0.5,evaluated,0.5,0.0,0.7500000000000001,0.7500000000000002,0.0,-1.1102230246251565e-16,0.5,0.0,0.5,True,True,
8947914482665725,informative_unused,0.5,evaluated,0.5,0.5,0.75,0.75,0.25,0.0,0.5,0.0,0.0,False,True,
8947914482665725,xor_public,0.5,evaluated,0.0,0.0,1.0,1.0,0.0,0.0,,,,False,True,
8947914482665725,hidden_irrelevant,0.5,evaluated,1.0,0.1763540401399546,1.0,1.0,0.0,0.0,,,,False,True,
8947914482665725,symmetric_init,0.5,evaluated,0.5,0.0,0.75,0.75,0.0,0.0,0.5,0.0,0.5,True,True,
8198632374901448,identity,0.5,evaluated,0.5,0.5,1.0,0.75,0.25,0.25,0.5,1.0,0.0,False,True,
8198632374901448,noisy,0.5,evaluated,0.5,0.265502203205358,0.9500000000000002,0.7500000000000001,0.19999999999999996,0.20000000000000007,0.5,0.8,0.18,False,True,
8198632374901448,constant,0.5,evaluated,0.5,0.0,0.7500000000000001,0.75,0.0,1.1102230246251565e-16,0.5,0.0,1.0,True,True,
8198632374901448,independent,0.5,evaluated,0.5,0.0,0.75,0.75,0.0,0.0,0.5,0.0,0.5,True,True,
8198632374901448,informative_unused,0.5,evaluated,0.5,0.5,0.75,0.75,0.25,0.0,0.5,0.0,0.0,False,True,
8198632374901448,xor_public,0.5,evaluated,0.0,0.0,1.0,1.0,0.0,0.0,,,,False,True,
8198632374901448,hidden_irrelevant,0.5,evaluated,1.0,0.5135265803405319,1.0,1.0,0.0,0.0,,,,False,True,
8198632374901448,symmetric_init,0.5,evaluated,0.5,0.0,0.75,0.75,0.0,0.0,0.5,0.0,0.5,True,True,
7950535318748787,identity,0.5,evaluated,0.5,0.5,1.0,0.75,0.25,0.25,0.5,1.0,0.0,False,True,
7950535318748787,noisy,0.5,evaluated,0.5,0.265502203205358,0.9500000000000002,0.75,0.19999999999999996,0.20000000000000018,0.5,0.8,0.18,False,True,
7950535318748787,constant,0.5,evaluated,0.5,0.0,0.7500000000000001,0.75,0.0,1.1102230246251565e-16,0.5,0.0,1.0,True,True,
7950535318748787,independent,0.5,evaluated,0.5,0.0,0.75,0.75,0.0,0.0,0.5,0.0,0.5,True,True,
7950535318748787,informative_unused,0.5,evaluated,0.5,0.5,0.75,0.75,0.25,0.0,0.5,0.0,0.0,False,True,
7950535318748787,xor_public,0.5,evaluated,0.0,0.0,1.0,1.0,0.0,0.0,,,,False,True,
7950535318748787,hidden_irrelevant,0.5,evaluated,1.0,0.0,1.0,1.0,0.0,0.0,,,,True,True,
7950535318748787,symmetric_init,0.5,evaluated,0.5,0.0,0.75,0.75,0.0,0.0,0.5,0.0,0.5,True,True,
8386914675462091,identity,0.5,evaluated,0.5,0.5,1.0,0.75,0.25,0.25,0.5,1.0,0.0,False,True,
8386914675462091,noisy,0.5,evaluated,0.5,0.265502203205358,0.9500000000000002,0.75,0.19999999999999996,0.20000000000000018,0.5,0.8,0.18,False,True,
8386914675462091,constant,0.5,evaluated,0.5,0.0,0.75,0.75,0.0,0.0,0.5,0.0,1.0,True,True,
8386914675462091,independent,0.5,evaluated,0.5,0.0,0.75,0.7500000000000002,0.0,-2.220446049250313e-16,0.5,0.0,0.5,True,True,
8386914675462091,informative_unused,0.5,evaluated,0.5,0.5,0.75,0.75,0.25,0.0,0.5,0.0,0.0,False,True,
8386914675462091,xor_public,0.5,evaluated,0.0,0.0,1.0,1.0,0.0,0.0,,,,False,True,
8386914675462091,hidden_irrelevant,0.5,evaluated,1.0,0.16254797502052615,1.0,1.0,0.0,0.0,,,,False,True,
8386914675462091,symmetric_init,0.5,evaluated,0.5,0.0,0.75,0.75,0.0,0.0,0.5,0.0,0.5,True,True,
4787153568130853,identity,0.5,evaluated,0.5,0.5,1.0,0.75,0.25,0.25,0.5,1.0,0.0,False,True,
4787153568130853,noisy,0.5,evaluated,0.5,0.265502203205358,0.9500000000000002,0.75,0.19999999999999996,0.20000000000000018,0.5,0.8,0.18,False,True,
4787153568130853,constant,0.5,evaluated,0.5,0.0,0.75,0.75,0.0,0.0,0.5,0.0,1.0,True,True,
4787153568130853,independent,0.5,evaluated,0.5,0.0,0.75,0.75,0.0,0.0,0.5,0.0,0.5,True,True,
4787153568130853,informative_unused,0.5,evaluated,0.5,0.5,0.75,0.75,0.25,0.0,0.5,0.0,0.0,False,True,
4787153568130853,xor_public,0.5,evaluated,0.0,0.0,1.0,1.0,0.0,0.0,,,,False,True,
4787153568130853,hidden_irrelevant,0.5,evaluated,1.0,0.07190638456444362,1.0,1.0,0.0,0.0,,,,False,True,
4787153568130853,symmetric_init,0.5,evaluated,0.5,0.0,0.75,0.75,0.0,0.0,0.5,0.0,0.5,True,True,
5499034834410363,identity,0.5,evaluated,0.5,0.5,1.0,0.75,0.25,0.25,0.5,1.0,0.0,False,True,
5499034834410363,noisy,0.5,evaluated,0.5,0.265502203205358,0.9500000000000002,0.7499999999999999,0.19999999999999996,0.2000000000000003,0.5,0.8,0.18,False,True,
5499034834410363,constant,0.5,evaluated,0.5,0.0,0.75,0.75,0.0,0.0,0.5,0.0,1.0,True,True,
5499034834410363,independent,0.5,evaluated,0.5,0.0,0.7500000000000001,0.75,0.0,1.1102230246251565e-16,0.5,0.0,0.5,True,True,
5499034834410363,informative_unused,0.5,evaluated,0.5,0.5,0.75,0.75,0.25,0.0,0.5,0.0,0.0,False,True,
5499034834410363,xor_public,0.5,evaluated,0.0,0.0,1.0,1.0,0.0,0.0,,,,True,True,
5499034834410363,hidden_irrelevant,0.5,evaluated,1.0,0.18384755304452963,1.0,1.0,0.0,0.0,,,,False,True,
5499034834410363,symmetric_init,0.5,evaluated,0.5,0.0,0.75,0.75,0.0,0.0,0.5,0.0,0.5,True,True,
4839493628709798,identity,0.5,evaluated,0.5,0.5,1.0,0.75,0.25,0.25,0.5,1.0,0.0,False,True,
4839493628709798,noisy,0.5,evaluated,0.5,0.265502203205358,0.9500000000000002,0.75,0.19999999999999996,0.20000000000000018,0.5,0.8,0.18,False,True,
4839493628709798,constant,0.5,evaluated,0.5,0.0,0.75,0.75,0.0,0.0,0.5,0.0,1.0,True,True,
4839493628709798,independent,0.5,evaluated,0.5,0.0,0.7500000000000001,0.75,0.0,1.1102230246251565e-16,0.5,0.0,0.5,True,True,
4839493628709798,informative_unused,0.5,evaluated,0.5,0.5,0.75,0.75,0.25,0.0,0.5,0.0,0.0,False,True,
4839493628709798,xor_public,0.5,evaluated,0.0,0.0,1.0,1.0,0.0,0.0,,,,False,True,
4839493628709798,hidden_irrelevant,0.5,evaluated,1.0,0.0,1.0,1.0,0.0,0.0,,,,True,True,
4839493628709798,symmetric_init,0.5,evaluated,0.5,0.0,0.75,0.75,0.0,0.0,0.5,0.0,0.5,True,True,
5824203272323493,identity,0.5,evaluated,0.5,0.5,1.0,0.75,0.25,0.25,0.5,1.0,0.0,False,True,
5824203272323493,noisy,0.5,evaluated,0.5,0.265502203205358,0.9500000000000002,0.75,0.19999999999999996,0.20000000000000018,0.5,0.8,0.18,False,True,
5824203272323493,constant,0.5,evaluated,0.5,0.0,0.75,0.75,0.0,0.0,0.5,0.0,1.0,True,True,
5824203272323493,independent,0.5,evaluated,0.5,0.0,0.7499999999999998,0.75,0.0,-2.220446049250313e-16,0.5,0.0,0.5,True,True,
5824203272323493,informative_unused,0.5,evaluated,0.5,0.5,0.75,0.75,0.25,0.0,0.5,0.0,0.0,False,True,
5824203272323493,xor_public,0.5,evaluated,0.0,0.0,1.0,1.0,0.0,0.0,,,,True,True,
5824203272323493,hidden_irrelevant,0.5,evaluated,1.0,0.4279006138684194,1.0,1.0,0.0,0.0,,,,False,True,
5824203272323493,symmetric_init,0.5,evaluated,0.5,0.0,0.75,0.75,0.0,0.0,0.5,0.0,0.5,True,True,
5416583453552398,identity,0.5,evaluated,0.5,0.5,1.0,0.75,0.25,0.25,0.5,1.0,0.0,False,True,
5416583453552398,noisy,0.5,evaluated,0.5,0.265502203205358,0.9500000000000002,0.75,0.19999999999999996,0.20000000000000018,0.5,0.8,0.18,False,True,
5416583453552398,constant,0.5,evaluated,0.5,0.0,0.7499999999999999,0.75,0.0,-1.1102230246251565e-16,0.5,0.0,1.0,True,True,
5416583453552398,independent,0.5,evaluated,0.5,0.0,0.7500000000000001,0.75,0.0,1.1102230246251565e-16,0.5,0.0,0.5,True,True,
5416583453552398,informative_unused,0.5,evaluated,0.5,0.5,0.75,0.75,0.25,0.0,0.5,0.0,0.0,False,True,
5416583453552398,xor_public,0.5,evaluated,0.0,0.0,1.0,1.0,0.0,0.0,,,,False,True,
5416583453552398,hidden_irrelevant,0.5,evaluated,1.0,0.003676782382625872,1.0,1.0,0.0,0.0,,,,False,True,
5416583453552398,symmetric_init,0.5,evaluated,0.5,0.0,0.75,0.75,0.0,0.0,0.5,0.0,0.5,True,True,
5915641199943550,identity,0.5,evaluated,0.5,0.5,1.0,0.75,0.25,0.25,0.5,1.0,0.0,False,True,
5915641199943550,noisy,0.5,evaluated,0.5,0.265502203205358,0.9500000000000002,0.7500000000000003,0.19999999999999996,0.19999999999999984,0.5,0.8,0.18,False,True,
5915641199943550,constant,0.5,evaluated,0.5,0.0,0.75,0.75,0.0,0.0,0.5,0.0,1.0,True,True,
5915641199943550,independent,0.5,evaluated,0.5,0.0,0.7500000000000001,0.75,0.0,1.1102230246251565e-16,0.5,0.0,0.5,True,True,
5915641199943550,informative_unused,0.5,evaluated,0.5,0.5,0.75,0.75,0.25,0.0,0.5,0.0,0.0,False,True,
5915641199943550,xor_public,0.5,evaluated,0.0,0.0,1.0,1.0,0.0,0.0,,,,False,True,
5915641199943550,hidden_irrelevant,0.5,evaluated,1.0,0.0037522230272616225,1.0,1.0,0.0,0.0,,,,False,True,
5915641199943550,symmetric_init,0.5,evaluated,0.5,0.0,0.75,0.75,0.0,0.0,0.5,0.0,0.5,True,True,
7791593526799022,identity,0.5,evaluated,0.5,0.5,1.0,0.7500000000000001,0.25,0.2499999999999999,0.5,1.0,0.0,False,True,
7791593526799022,noisy,0.5,evaluated,0.5,0.265502203205358,0.9500000000000002,0.75,0.19999999999999996,0.20000000000000018,0.5,0.8,0.18,False,True,
7791593526799022,constant,0.5,evaluated,0.5,0.0,0.75,0.7500000000000001,0.0,-1.1102230246251565e-16,0.5,0.0,1.0,True,True,
7791593526799022,independent,0.5,evaluated,0.5,0.0,0.75,0.7499999999999998,0.0,2.220446049250313e-16,0.5,0.0,0.5,True,True,
7791593526799022,informative_unused,0.5,evaluated,0.5,0.5,0.75,0.7500000000000001,0.25,-1.1102230246251565e-16,0.5,0.0,0.0,False,True,
7791593526799022,xor_public,0.5,evaluated,0.0,0.0,1.0,1.0,0.0,0.0,,,,False,True,
7791593526799022,hidden_irrelevant,0.5,evaluated,1.0,0.3162572288183163,1.0,1.0,0.0,0.0,,,,False,True,
7791593526799022,symmetric_init,0.5,evaluated,0.5,0.0,0.75,0.75,0.0,0.0,0.5,0.0,0.5,True,True,
6446037021347034,identity,0.5,evaluated,0.5,0.5,1.0,0.75,0.25,0.25,0.5,1.0,0.0,False,True,
6446037021347034,noisy,0.5,evaluated,0.5,0.265502203205358,0.9500000000000002,0.7500000000000001,0.19999999999999996,0.20000000000000007,0.5,0.8,0.18,False,True,
6446037021347034,constant,0.5,evaluated,0.5,0.0,0.75,0.75,0.0,0.0,0.5,0.0,1.0,True,True,
6446037021347034,independent,0.5,evaluated,0.5,0.0,0.7499999999999999,0.7500000000000002,0.0,-3.3306690738754696e-16,0.5,0.0,0.5,True,True,
6446037021347034,informative_unused,0.5,evaluated,0.5,0.5,0.75,0.75,0.25,0.0,0.5,0.0,0.0,False,True,
6446037021347034,xor_public,0.5,evaluated,0.0,0.0,1.0,1.0,0.0,0.0,,,,False,True,
6446037021347034,hidden_irrelevant,0.5,evaluated,1.0,0.024693129957801818,1.0,1.0,0.0,0.0,,,,False,True,
6446037021347034,symmetric_init,0.5,evaluated,0.5,0.0,0.75,0.75,0.0,0.0,0.5,0.0,0.5,True,True,
6731169102465467,identity,0.5,evaluated,0.5,0.5,1.0,0.75,0.25,0.25,0.5,1.0,0.0,False,True,
6731169102465467,noisy,0.5,evaluated,0.5,0.265502203205358,0.9500000000000002,0.75,0.19999999999999996,0.20000000000000018,0.5,0.8,0.18,False,True,
6731169102465467,constant,0.5,evaluated,0.5,0.0,0.75,0.75,0.0,0.0,0.5,0.0,1.0,True,True,
6731169102465467,independent,0.5,evaluated,0.5,0.0,0.75,0.75,0.0,0.0,0.5,0.0,0.5,True,True,
6731169102465467,informative_unused,0.5,evaluated,0.5,0.5,0.75,0.75,0.25,0.0,0.5,0.0,0.0,False,True,
6731169102465467,xor_public,0.5,evaluated,0.0,0.0,1.0,1.0,0.0,0.0,,,,False,True,
6731169102465467,hidden_irrelevant,0.5,evaluated,1.0,0.2812019730302727,1.0,1.0,0.0,0.0,,,,False,True,
6731169102465467,symmetric_init,0.5,evaluated,0.5,0.0,0.75,0.75,0.0,0.0,0.5,0.0,0.5,True,True,
6161032352166637,identity,0.5,evaluated,0.5,0.5,1.0,0.7499999999999999,0.25,0.2500000000000001,0.5,1.0,0.0,False,True,
6161032352166637,noisy,0.5,evaluated,0.5,0.265502203205358,0.9500000000000002,0.75,0.19999999999999996,0.20000000000000018,0.5,0.8,0.18,False,True,
6161032352166637,constant,0.5,evaluated,0.5,0.0,0.75,0.7499999999999999,0.0,1.1102230246251565e-16,0.5,0.0,1.0,True,True,
6161032352166637,independent,0.5,evaluated,0.5,0.0,0.7500000000000001,0.7500000000000002,0.0,-1.1102230246251565e-16,0.5,0.0,0.5,True,True,
6161032352166637,informative_unused,0.5,evaluated,0.5,0.5,0.75,0.7499999999999999,0.25,1.1102230246251565e-16,0.5,0.0,0.0,False,True,
6161032352166637,xor_public,0.5,evaluated,0.0,0.0,1.0,1.0,0.0,0.0,,,,True,True,
6161032352166637,hidden_irrelevant,0.5,evaluated,1.0,0.25842855990634744,1.0,1.0,0.0,0.0,,,,False,True,
6161032352166637,symmetric_init,0.5,evaluated,0.5,0.0,0.75,0.75,0.0,0.0,0.5,0.0,0.5,True,True,
5171276585367518,identity,0.5,evaluated,0.5,0.5,1.0,0.75,0.25,0.25,0.5,1.0,0.0,False,True,
5171276585367518,noisy,0.5,evaluated,0.5,0.265502203205358,0.9500000000000002,0.7500000000000001,0.19999999999999996,0.20000000000000007,0.5,0.8,0.18,False,True,
5171276585367518,constant,0.5,evaluated,0.5,0.0,0.75,0.75,0.0,0.0,0.5,0.0,1.0,True,True,
5171276585367518,independent,0.5,evaluated,0.5,0.0,0.7500000000000001,0.75,0.0,1.1102230246251565e-16,0.5,0.0,0.5,True,True,
5171276585367518,informative_unused,0.5,evaluated,0.5,0.5,0.75,0.75,0.25,0.0,0.5,0.0,0.0,False,True,
5171276585367518,xor_public,0.5,evaluated,0.0,0.0,1.0,1.0,0.0,0.0,,,,False,True,
5171276585367518,hidden_irrelevant,0.5,evaluated,1.0,0.3379260015486815,1.0,1.0,0.0,0.0,,,,False,True,
5171276585367518,symmetric_init,0.5,evaluated,0.5,0.0,0.75,0.75,0.0,0.0,0.5,0.0,0.5,True,True,
8964443541417387,identity,0.5,evaluated,0.5,0.5,1.0,0.75,0.25,0.25,0.5,1.0,0.0,False,True,
8964443541417387,noisy,0.5,evaluated,0.5,0.265502203205358,0.9500000000000002,0.7500000000000002,0.19999999999999996,0.19999999999999996,0.5,0.8,0.18,False,True,
8964443541417387,constant,0.5,evaluated,0.5,0.0,0.75,0.75,0.0,0.0,0.5,0.0,1.0,True,True,
8964443541417387,independent,0.5,evaluated,0.5,0.0,0.7499999999999999,0.75,0.0,-1.1102230246251565e-16,0.5,0.0,0.5,True,True,
8964443541417387,informative_unused,0.5,evaluated,0.5,0.5,0.75,0.75,0.25,0.0,0.5,0.0,0.0,False,True,
8964443541417387,xor_public,0.5,evaluated,0.0,0.0,1.0,1.0,0.0,0.0,,,,False,True,
8964443541417387,hidden_irrelevant,0.5,evaluated,1.0,0.0,1.0,1.0,0.0,0.0,,,,True,True,
8964443541417387,symmetric_init,0.5,evaluated,0.5,0.0,0.75,0.75,0.0,0.0,0.5,0.0,0.5,True,True,
4668152731454061,identity,0.5,evaluated,0.5,0.5,1.0,0.75,0.25,0.25,0.5,1.0,0.0,False,True,
4668152731454061,noisy,0.5,evaluated,0.5,0.265502203205358,0.9500000000000002,0.7499999999999999,0.19999999999999996,0.2000000000000003,0.5,0.8,0.18,False,True,
4668152731454061,constant,0.5,evaluated,0.5,0.0,0.7500000000000001,0.75,0.0,1.1102230246251565e-16,0.5,0.0,1.0,True,True,
4668152731454061,independent,0.5,evaluated,0.5,0.0,0.7499999999999999,0.75,0.0,-1.1102230246251565e-16,0.5,0.0,0.5,True,True,
4668152731454061,informative_unused,0.5,evaluated,0.5,0.5,0.75,0.75,0.25,0.0,0.5,0.0,0.0,False,True,
4668152731454061,xor_public,0.5,evaluated,0.0,0.0,1.0,1.0,0.0,0.0,,,,False,True,
4668152731454061,hidden_irrelevant,0.5,evaluated,1.0,0.2752832747647684,1.0,1.0,0.0,0.0,,,,False,True,
4668152731454061,symmetric_init,0.5,evaluated,0.5,0.0,0.75,0.75,0.0,0.0,0.5,0.0,0.5,True,True,
8055021944073461,identity,0.5,evaluated,0.5,0.5,1.0,0.75,0.25,0.25,0.5,1.0,0.0,False,True,
8055021944073461,noisy,0.5,evaluated,0.5,0.265502203205358,0.9500000000000002,0.7500000000000001,0.19999999999999996,0.20000000000000007,0.5,0.8,0.18,False,True,
8055021944073461,constant,0.5,evaluated,0.5,0.0,0.75,0.75,0.0,0.0,0.5,0.0,1.0,True,True,
8055021944073461,independent,0.5,evaluated,0.5,0.0,0.75,0.75,0.0,0.0,0.5,0.0,0.5,True,True,
8055021944073461,informative_unused,0.5,evaluated,0.5,0.5,0.75,0.75,0.25,0.0,0.5,0.0,0.0,False,True,
8055021944073461,xor_public,0.5,evaluated,0.0,0.0,1.0,1.0,0.0,0.0,,,,False,True,
8055021944073461,hidden_irrelevant,0.5,evaluated,1.0,0.01484082317596494,1.0,1.0,0.0,0.0,,,,False,True,
8055021944073461,symmetric_init,0.5,evaluated,0.5,0.0,0.75,0.75,0.0,0.0,0.5,0.0,0.5,True,True,
4645414874172195,identity,0.5,evaluated,0.5,0.5,1.0,0.7500000000000001,0.25,0.2499999999999999,0.5,1.0,0.0,False,True,
4645414874172195,noisy,0.5,evaluated,0.5,0.265502203205358,0.9500000000000002,0.7500000000000002,0.19999999999999996,0.19999999999999996,0.5,0.8,0.18,False,True,
4645414874172195,constant,0.5,evaluated,0.5,0.0,0.75,0.7500000000000001,0.0,-1.1102230246251565e-16,0.5,0.0,1.0,True,True,
4645414874172195,independent,0.5,evaluated,0.5,0.0,0.7499999999999999,0.75,0.0,-1.1102230246251565e-16,0.5,0.0,0.5,True,True,
4645414874172195,informative_unused,0.5,evaluated,0.5,0.5,0.75,0.7500000000000001,0.25,-1.1102230246251565e-16,0.5,0.0,0.0,False,True,
4645414874172195,xor_public,0.5,evaluated,0.0,0.0,1.0,1.0,0.0,0.0,,,,False,True,
4645414874172195,hidden_irrelevant,0.5,evaluated,1.0,0.2655031075012492,0.9999999999999999,0.9999999999999999,0.0,0.0,,,,False,True,
4645414874172195,symmetric_init,0.5,evaluated,0.5,0.0,0.75,0.75,0.0,0.0,0.5,0.0,0.5,True,True,
4559349374876482,identity,0.5,evaluated,0.5,0.5,1.0,0.75,0.25,0.25,0.5,1.0,0.0,False,True,
4559349374876482,noisy,0.5,evaluated,0.5,0.265502203205358,0.9500000000000002,0.7500000000000001,0.19999999999999996,0.20000000000000007,0.5,0.8,0.18,False,True,
4559349374876482,constant,0.5,evaluated,0.5,0.0,0.7500000000000001,0.75,0.0,1.1102230246251565e-16,0.5,0.0,1.0,True,True,
4559349374876482,independent,0.5,evaluated,0.5,0.0,0.7499999999999998,0.75,0.0,-2.220446049250313e-16,0.5,0.0,0.5,True,True,
4559349374876482,informative_unused,0.5,evaluated,0.5,0.5,0.75,0.75,0.25,0.0,0.5,0.0,0.0,False,True,
4559349374876482,xor_public,0.5,evaluated,0.0,0.0,1.0,1.0,0.0,0.0,,,,False,True,
4559349374876482,hidden_irrelevant,0.5,evaluated,1.0,0.16251386179381064,1.0,1.0,0.0,0.0,,,,False,True,
4559349374876482,symmetric_init,0.5,evaluated,0.5,0.0,0.75,0.75,0.0,0.0,0.5,0.0,0.5,True,True,
6248642235812107,identity,0.5,evaluated,0.5,0.5,1.0,0.7499999999999999,0.25,0.2500000000000001,0.5,1.0,0.0,False,True,
6248642235812107,noisy,0.5,evaluated,0.5,0.265502203205358,0.9500000000000002,0.7500000000000002,0.19999999999999996,0.19999999999999996,0.5,0.8,0.18,False,True,
6248642235812107,constant,0.5,evaluated,0.5,0.0,0.75,0.7499999999999999,0.0,1.1102230246251565e-16,0.5,0.0,1.0,True,True,
6248642235812107,independent,0.5,evaluated,0.5,0.0,0.75,0.7500000000000002,0.0,-2.220446049250313e-16,0.5,0.0,0.5,True,True,
6248642235812107,informative_unused,0.5,evaluated,0.5,0.5,0.75,0.7499999999999999,0.25,1.1102230246251565e-16,0.5,0.0,0.0,False,True,
6248642235812107,xor_public,0.5,evaluated,0.0,0.0,1.0,1.0,0.0,0.0,,,,False,True,
6248642235812107,hidden_irrelevant,0.5,evaluated,1.0,0.2626163326522598,1.0,1.0,0.0,0.0,,,,False,True,
6248642235812107,symmetric_init,0.5,evaluated,0.5,0.0,0.75,0.75,0.0,0.0,0.5,0.0,0.5,True,True,
7740606299285916,identity,0.5,evaluated,0.5,0.5,1.0,0.7499999999999999,0.25,0.2500000000000001,0.5,1.0,0.0,False,True,
7740606299285916,noisy,0.5,evaluated,0.5,0.265502203205358,0.9500000000000002,0.7499999999999999,0.19999999999999996,0.2000000000000003,0.5,0.8,0.18,False,True,
7740606299285916,constant,0.5,evaluated,0.5,0.0,0.75,0.7499999999999999,0.0,1.1102230246251565e-16,0.5,0.0,1.0,True,True,
7740606299285916,independent,0.5,evaluated,0.5,0.0,0.75,0.75,0.0,0.0,0.5,0.0,0.5,True,True,
7740606299285916,informative_unused,0.5,evaluated,0.5,0.5,0.75,0.7499999999999999,0.25,1.1102230246251565e-16,0.5,0.0,0.0,False,True,
7740606299285916,xor_public,0.5,evaluated,0.0,0.0,1.0,1.0,0.0,0.0,,,,False,True,
7740606299285916,hidden_irrelevant,0.5,evaluated,1.0,0.0,1.0,1.0,0.0,0.0,,,,True,True,
7740606299285916,symmetric_init,0.5,evaluated,0.5,0.0,0.75,0.75,0.0,0.0,0.5,0.0,0.5,True,True,
8438530079517719,identity,0.5,evaluated,0.5,0.5,1.0,0.75,0.25,0.25,0.5,1.0,0.0,False,True,
8438530079517719,noisy,0.5,evaluated,0.5,0.265502203205358,0.9500000000000002,0.75,0.19999999999999996,0.20000000000000018,0.5,0.8,0.18,False,True,
8438530079517719,constant,0.5,evaluated,0.5,0.0,0.75,0.75,0.0,0.0,0.5,0.0,1.0,True,True,
8438530079517719,independent,0.5,evaluated,0.5,0.0,0.7499999999999998,0.75,0.0,-2.220446049250313e-16,0.5,0.0,0.5,True,True,
8438530079517719,informative_unused,0.5,evaluated,0.5,0.5,0.75,0.75,0.25,0.0,0.5,0.0,0.0,False,True,
8438530079517719,xor_public,0.5,evaluated,0.0,0.0,1.0,1.0,0.0,0.0,,,,False,True,
8438530079517719,hidden_irrelevant,0.5,evaluated,1.0,0.025013684996655645,1.0,1.0,0.0,0.0,,,,False,True,
8438530079517719,symmetric_init,0.5,evaluated,0.5,0.0,0.75,0.75,0.0,0.0,0.5,0.0,0.5,True,True,
7697329821168532,identity,0.5,evaluated,0.5,0.5,1.0,0.75,0.25,0.25,0.5,1.0,0.0,False,True,
7697329821168532,noisy,0.5,evaluated,0.5,0.265502203205358,0.9500000000000002,0.7500000000000002,0.19999999999999996,0.19999999999999996,0.5,0.8,0.18,False,True,
7697329821168532,constant,0.5,evaluated,0.5,0.0,0.75,0.75,0.0,0.0,0.5,0.0,1.0,True,True,
7697329821168532,independent,0.5,evaluated,0.5,0.0,0.7500000000000001,0.75,0.0,1.1102230246251565e-16,0.5,0.0,0.5,True,True,
7697329821168532,informative_unused,0.5,evaluated,0.5,0.5,0.75,0.75,0.25,0.0,0.5,0.0,0.0,False,True,
7697329821168532,xor_public,0.5,evaluated,0.0,0.0,1.0,1.0,0.0,0.0,,,,False,True,
7697329821168532,hidden_irrelevant,0.5,evaluated,1.0,0.0,1.0,1.0,0.0,0.0,,,,True,True,
7697329821168532,symmetric_init,0.5,evaluated,0.5,0.0,0.75,0.75,0.0,0.0,0.5,0.0,0.5,True,True,
5228572615782900,identity,0.5,evaluated,0.5,0.5,1.0,0.75,0.25,0.25,0.5,1.0,0.0,False,True,
5228572615782900,noisy,0.5,evaluated,0.5,0.265502203205358,0.9500000000000002,0.75,0.19999999999999996,0.20000000000000018,0.5,0.8,0.18,False,True,
5228572615782900,constant,0.5,evaluated,0.5,0.0,0.75,0.75,0.0,0.0,0.5,0.0,1.0,True,True,
5228572615782900,independent,0.5,evaluated,0.5,0.0,0.75,0.75,0.0,0.0,0.5,0.0,0.5,True,True,
5228572615782900,informative_unused,0.5,evaluated,0.5,0.5,0.75,0.75,0.25,0.0,0.5,0.0,0.0,False,True,
5228572615782900,xor_public,0.5,evaluated,0.0,0.0,1.0,1.0,0.0,0.0,,,,True,True,
5228572615782900,hidden_irrelevant,0.5,evaluated,1.0,0.014163649564652516,1.0,1.0,0.0,0.0,,,,False,True,
5228572615782900,symmetric_init,0.5,evaluated,0.5,0.0,0.75,0.75,0.0,0.0,0.5,0.0,0.5,True,True,
4734809068909670,identity,0.5,evaluated,0.5,0.5,1.0,0.75,0.25,0.25,0.5,1.0,0.0,False,True,
4734809068909670,noisy,0.5,evaluated,0.5,0.265502203205358,0.9500000000000002,0.75,0.19999999999999996,0.20000000000000018,0.5,0.8,0.18,False,True,
4734809068909670,constant,0.5,evaluated,0.5,0.0,0.7499999999999999,0.75,0.0,-1.1102230246251565e-16,0.5,0.0,1.0,True,True,
4734809068909670,independent,0.5,evaluated,0.5,0.0,0.7500000000000002,0.7499999999999998,0.0,4.440892098500626e-16,0.5,0.0,0.5,True,True,
4734809068909670,informative_unused,0.5,evaluated,0.5,0.5,0.75,0.75,0.25,0.0,0.5,0.0,0.0,False,True,
4734809068909670,xor_public,0.5,evaluated,0.0,0.0,1.0,1.0,0.0,0.0,,,,True,True,
4734809068909670,hidden_irrelevant,0.5,evaluated,1.0,0.10997081291880156,1.0,1.0,0.0,0.0,,,,False,True,
4734809068909670,symmetric_init,0.5,evaluated,0.5,0.0,0.75,0.75,0.0,0.0,0.5,0.0,0.5,True,True,
8649235702589627,identity,0.5,evaluated,0.5,0.5,1.0,0.75,0.25,0.25,0.5,1.0,0.0,False,True,
8649235702589627,noisy,0.5,evaluated,0.5,0.265502203205358,0.9500000000000002,0.7500000000000003,0.19999999999999996,0.19999999999999984,0.5,0.8,0.18,False,True,
8649235702589627,constant,0.5,evaluated,0.5,0.0,0.75,0.75,0.0,0.0,0.5,0.0,1.0,True,True,
8649235702589627,independent,0.5,evaluated,0.5,0.0,0.75,0.75,0.0,0.0,0.5,0.0,0.5,True,True,
8649235702589627,informative_unused,0.5,evaluated,0.5,0.5,0.75,0.75,0.25,0.0,0.5,0.0,0.0,False,True,
8649235702589627,xor_public,0.5,evaluated,0.0,0.0,1.0,1.0,0.0,0.0,,,,False,True,
8649235702589627,hidden_irrelevant,0.5,evaluated,1.0,0.0,1.0,1.0,0.0,0.0,,,,True,True,
8649235702589627,symmetric_init,0.5,evaluated,0.5,0.0,0.75,0.75,0.0,0.0,0.5,0.0,0.5,True,True,
7020936910460643,identity,0.5,evaluated,0.5,0.5,1.0,0.7499999999999999,0.25,0.2500000000000001,0.5,1.0,0.0,False,True,
7020936910460643,noisy,0.5,evaluated,0.5,0.265502203205358,0.9500000000000002,0.7500000000000003,0.19999999999999996,0.19999999999999984,0.5,0.8,0.18,False,True,
7020936910460643,constant,0.5,evaluated,0.5,0.0,0.75,0.7499999999999999,0.0,1.1102230246251565e-16,0.5,0.0,1.0,True,True,
7020936910460643,independent,0.5,evaluated,0.5,0.0,0.75,0.7500000000000002,0.0,-2.220446049250313e-16,0.5,0.0,0.5,True,True,
7020936910460643,informative_unused,0.5,evaluated,0.5,0.5,0.75,0.7499999999999999,0.25,1.1102230246251565e-16,0.5,0.0,0.0,False,True,
7020936910460643,xor_public,0.5,evaluated,0.0,0.0,1.0,1.0,0.0,0.0,,,,False,True,
7020936910460643,hidden_irrelevant,0.5,evaluated,1.0,0.0,1.0,1.0,0.0,0.0,,,,True,True,
7020936910460643,symmetric_init,0.5,evaluated,0.5,0.0,0.75,0.75,0.0,0.0,0.5,0.0,0.5,True,True,
4917890273771297,identity,0.5,evaluated,0.5,0.5,1.0,0.75,0.25,0.25,0.5,1.0,0.0,False,True,
4917890273771297,noisy,0.5,evaluated,0.5,0.265502203205358,0.9500000000000002,0.75,0.19999999999999996,0.20000000000000018,0.5,0.8,0.18,False,True,
4917890273771297,constant,0.5,evaluated,0.5,0.0,0.75,0.75,0.0,0.0,0.5,0.0,1.0,True,True,
4917890273771297,independent,0.5,evaluated,0.5,0.0,0.7500000000000002,0.75,0.0,2.220446049250313e-16,0.5,0.0,0.5,True,True,
4917890273771297,informative_unused,0.5,evaluated,0.5,0.5,0.75,0.75,0.25,0.0,0.5,0.0,0.0,False,True,
4917890273771297,xor_public,0.5,evaluated,0.0,0.0,1.0,1.0,0.0,0.0,,,,False,True,
4917890273771297,hidden_irrelevant,0.5,evaluated,1.0,0.0,1.0,1.0,0.0,0.0,,,,True,True,
4917890273771297,symmetric_init,0.5,evaluated,0.5,0.0,0.75,0.75,0.0,0.0,0.5,0.0,0.5,True,True,
6574163595900248,identity,0.5,evaluated,0.5,0.5,1.0,0.75,0.25,0.25,0.5,1.0,0.0,False,True,
6574163595900248,noisy,0.5,evaluated,0.5,0.265502203205358,0.9500000000000002,0.7500000000000002,0.19999999999999996,0.19999999999999996,0.5,0.8,0.18,False,True,
6574163595900248,constant,0.5,evaluated,0.5,0.0,0.75,0.75,0.0,0.0,0.5,0.0,1.0,True,True,
6574163595900248,independent,0.5,evaluated,0.5,0.0,0.75,0.75,0.0,0.0,0.5,0.0,0.5,True,True,
6574163595900248,informative_unused,0.5,evaluated,0.5,0.5,0.75,0.75,0.25,0.0,0.5,0.0,0.0,False,True,
6574163595900248,xor_public,0.5,evaluated,0.0,0.0,1.0,1.0,0.0,0.0,,,,False,True,
6574163595900248,hidden_irrelevant,0.5,evaluated,1.0,0.017660137798702118,1.0,1.0,0.0,0.0,,,,False,True,
6574163595900248,symmetric_init,0.5,evaluated,0.5,0.0,0.75,0.75,0.0,0.0,0.5,0.0,0.5,True,True,
6776967962592333,identity,0.5,evaluated,0.5,0.5,1.0,0.75,0.25,0.25,0.5,1.0,0.0,False,True,
6776967962592333,noisy,0.5,evaluated,0.5,0.265502203205358,0.9500000000000002,0.7500000000000001,0.19999999999999996,0.20000000000000007,0.5,0.8,0.18,False,True,
6776967962592333,constant,0.5,evaluated,0.5,0.0,0.75,0.75,0.0,0.0,0.5,0.0,1.0,True,True,
6776967962592333,independent,0.5,evaluated,0.5,0.0,0.75,0.75,0.0,0.0,0.5,0.0,0.5,True,True,
6776967962592333,informative_unused,0.5,evaluated,0.5,0.5,0.75,0.75,0.25,0.0,0.5,0.0,0.0,False,True,
6776967962592333,xor_public,0.5,evaluated,0.0,0.0,1.0,1.0,0.0,0.0,,,,False,True,
6776967962592333,hidden_irrelevant,0.5,evaluated,1.0,0.04052889787432108,0.9999999999999999,0.9999999999999999,0.0,0.0,,,,False,True,
6776967962592333,symmetric_init,0.5,evaluated,0.5,0.0,0.75,0.75,0.0,0.0,0.5,0.0,0.5,True,True,
5889909700171980,identity,0.5,evaluated,0.5,0.5,1.0,0.75,0.25,0.25,0.5,1.0,0.0,False,True,
5889909700171980,noisy,0.5,evaluated,0.5,0.265502203205358,0.9500000000000002,0.75,0.19999999999999996,0.20000000000000018,0.5,0.8,0.18,False,True,
5889909700171980,constant,0.5,evaluated,0.5,0.0,0.7500000000000001,0.75,0.0,1.1102230246251565e-16,0.5,0.0,1.0,True,True,
5889909700171980,independent,0.5,evaluated,0.5,0.0,0.75,0.7499999999999998,0.0,2.220446049250313e-16,0.5,0.0,0.5,True,True,
5889909700171980,informative_unused,0.5,evaluated,0.5,0.5,0.75,0.75,0.25,0.0,0.5,0.0,0.0,False,True,
5889909700171980,xor_public,0.5,evaluated,0.0,0.0,1.0,1.0,0.0,0.0,,,,True,True,
5889909700171980,hidden_irrelevant,0.5,evaluated,1.0,0.0,1.0,1.0,0.0,0.0,,,,True,True,
5889909700171980,symmetric_init,0.5,evaluated,0.5,0.0,0.75,0.75,0.0,0.0,0.5,0.0,0.5,True,True,
6678105076049342,identity,0.5,evaluated,0.5,0.5,1.0,0.75,0.25,0.25,0.5,1.0,0.0,False,True,
6678105076049342,noisy,0.5,evaluated,0.5,0.265502203205358,0.9500000000000002,0.7500000000000002,0.19999999999999996,0.19999999999999996,0.5,0.8,0.18,False,True,
6678105076049342,constant,0.5,evaluated,0.5,0.0,0.75,0.75,0.0,0.0,0.5,0.0,1.0,True,True,
6678105076049342,independent,0.5,evaluated,0.5,0.0,0.75,0.7499999999999998,0.0,2.220446049250313e-16,0.5,0.0,0.5,True,True,
6678105076049342,informative_unused,0.5,evaluated,0.5,0.5,0.75,0.75,0.25,0.0,0.5,0.0,0.0,False,True,
6678105076049342,xor_public,0.5,evaluated,0.0,0.0,1.0,1.0,0.0,0.0,,,,False,True,
6678105076049342,hidden_irrelevant,0.5,evaluated,1.0,0.019237306607756723,1.0,1.0,0.0,0.0,,,,False,True,
6678105076049342,symmetric_init,0.5,evaluated,0.5,0.0,0.75,0.75,0.0,0.0,0.5,0.0,0.5,True,True,
6144655480366865,identity,0.5,evaluated,0.5,0.5,1.0,0.75,0.25,0.25,0.5,1.0,0.0,False,True,
6144655480366865,noisy,0.5,evaluated,0.5,0.265502203205358,0.9500000000000002,0.7500000000000001,0.19999999999999996,0.20000000000000007,0.5,0.8,0.18,False,True,
6144655480366865,constant,0.5,evaluated,0.5,0.0,0.75,0.75,0.0,0.0,0.5,0.0,1.0,True,True,
6144655480366865,independent,0.5,evaluated,0.5,0.0,0.7500000000000001,0.75,0.0,1.1102230246251565e-16,0.5,0.0,0.5,True,True,
6144655480366865,informative_unused,0.5,evaluated,0.5,0.5,0.75,0.75,0.25,0.0,0.5,0.0,0.0,False,True,
6144655480366865,xor_public,0.5,evaluated,0.0,0.0,1.0,1.0,0.0,0.0,,,,False,True,
6144655480366865,hidden_irrelevant,0.5,evaluated,1.0,0.07236612302045073,1.0,1.0,0.0,0.0,,,,False,True,
6144655480366865,symmetric_init,0.5,evaluated,0.5,0.0,0.75,0.75,0.0,0.0,0.5,0.0,0.5,True,True,
6981136763047392,identity,0.5,evaluated,0.5,0.5,1.0,0.75,0.25,0.25,0.5,1.0,0.0,False,True,
6981136763047392,noisy,0.5,evaluated,0.5,0.265502203205358,0.9500000000000002,0.75,0.19999999999999996,0.20000000000000018,0.5,0.8,0.18,False,True,
6981136763047392,constant,0.5,evaluated,0.5,0.0,0.75,0.75,0.0,0.0,0.5,0.0,1.0,True,True,
6981136763047392,independent,0.5,evaluated,0.5,0.0,0.75,0.75,0.0,0.0,0.5,0.0,0.5,True,True,
6981136763047392,informative_unused,0.5,evaluated,0.5,0.5,0.75,0.75,0.25,0.0,0.5,0.0,0.0,False,True,
6981136763047392,xor_public,0.5,evaluated,0.0,0.0,1.0,1.0,0.0,0.0,,,,False,True,
6981136763047392,hidden_irrelevant,0.5,evaluated,1.0,0.09488344574222207,0.9999999999999999,0.9999999999999999,0.0,0.0,,,,False,True,
6981136763047392,symmetric_init,0.5,evaluated,0.5,0.0,0.75,0.75,0.0,0.0,0.5,0.0,0.5,True,True,
7595789083544047,identity,0.5,evaluated,0.5,0.5,1.0,0.75,0.25,0.25,0.5,1.0,0.0,False,True,
7595789083544047,noisy,0.5,evaluated,0.5,0.265502203205358,0.9500000000000002,0.7499999999999998,0.19999999999999996,0.2000000000000004,0.5,0.8,0.18,False,True,
7595789083544047,constant,0.5,evaluated,0.5,0.0,0.7499999999999999,0.75,0.0,-1.1102230246251565e-16,0.5,0.0,1.0,True,True,
7595789083544047,independent,0.5,evaluated,0.5,0.0,0.75,0.75,0.0,0.0,0.5,0.0,0.5,True,True,
7595789083544047,informative_unused,0.5,evaluated,0.5,0.5,0.75,0.75,0.25,0.0,0.5,0.0,0.0,False,True,
7595789083544047,xor_public,0.5,evaluated,0.0,0.0,1.0,1.0,0.0,0.0,,,,False,True,
7595789083544047,hidden_irrelevant,0.5,evaluated,1.0,0.0,1.0,1.0,0.0,0.0,,,,True,True,
7595789083544047,symmetric_init,0.5,evaluated,0.5,0.0,0.75,0.75,0.0,0.0,0.5,0.0,0.5,True,True,
5454622498382795,identity,0.5,evaluated,0.5,0.5,1.0,0.7499999999999999,0.25,0.2500000000000001,0.5,1.0,0.0,False,True,
5454622498382795,noisy,0.5,evaluated,0.5,0.265502203205358,0.9500000000000002,0.7499999999999999,0.19999999999999996,0.2000000000000003,0.5,0.8,0.18,False,True,
5454622498382795,constant,0.5,evaluated,0.5,0.0,0.7499999999999999,0.7499999999999999,0.0,0.0,0.5,0.0,1.0,True,True,
5454622498382795,independent,0.5,evaluated,0.5,0.0,0.7500000000000001,0.75,0.0,1.1102230246251565e-16,0.5,0.0,0.5,True,True,
5454622498382795,informative_unused,0.5,evaluated,0.5,0.5,0.75,0.7499999999999999,0.25,1.1102230246251565e-16,0.5,0.0,0.0,False,True,
5454622498382795,xor_public,0.5,evaluated,0.0,0.0,1.0,1.0,0.0,0.0,,,,True,True,
5454622498382795,hidden_irrelevant,0.5,evaluated,1.0,0.30497486575461563,1.0,1.0,0.0,0.0,,,,False,True,
5454622498382795,symmetric_init,0.5,evaluated,0.5,0.0,0.75,0.75,0.0,0.0,0.5,0.0,0.5,True,True,
5401763916206718,identity,0.5,evaluated,0.5,0.5,1.0,0.75,0.25,0.25,0.5,1.0,0.0,False,True,
5401763916206718,noisy,0.5,evaluated,0.5,0.265502203205358,0.9500000000000002,0.7499999999999998,0.19999999999999996,0.2000000000000004,0.5,0.8,0.18,False,True,
5401763916206718,constant,0.5,evaluated,0.5,0.0,0.7500000000000001,0.75,0.0,1.1102230246251565e-16,0.5,0.0,1.0,True,True,
5401763916206718,independent,0.5,evaluated,0.5,0.0,0.75,0.75,0.0,0.0,0.5,0.0,0.5,True,True,
5401763916206718,informative_unused,0.5,evaluated,0.5,0.5,0.75,0.75,0.25,0.0,0.5,0.0,0.0,False,True,
5401763916206718,xor_public,0.5,evaluated,0.0,0.0,1.0,1.0,0.0,0.0,,,,False,True,
5401763916206718,hidden_irrelevant,0.5,evaluated,1.0,0.036479207307500906,1.0,1.0,0.0,0.0,,,,False,True,
5401763916206718,symmetric_init,0.5,evaluated,0.5,0.0,0.75,0.75,0.0,0.0,0.5,0.0,0.5,True,True,
8355608642281554,identity,0.5,evaluated,0.5,0.5,1.0,0.7499999999999999,0.25,0.2500000000000001,0.5,1.0,0.0,False,True,
8355608642281554,noisy,0.5,evaluated,0.5,0.265502203205358,0.9500000000000002,0.75,0.19999999999999996,0.20000000000000018,0.5,0.8,0.18,False,True,
8355608642281554,constant,0.5,evaluated,0.5,0.0,0.75,0.7499999999999999,0.0,1.1102230246251565e-16,0.5,0.0,1.0,True,True,
8355608642281554,independent,0.5,evaluated,0.5,0.0,0.75,0.7500000000000002,0.0,-2.220446049250313e-16,0.5,0.0,0.5,True,True,
8355608642281554,informative_unused,0.5,evaluated,0.5,0.5,0.75,0.7499999999999999,0.25,1.1102230246251565e-16,0.5,0.0,0.0,False,True,
8355608642281554,xor_public,0.5,evaluated,0.0,0.0,1.0,1.0,0.0,0.0,,,,False,True,
8355608642281554,hidden_irrelevant,0.5,evaluated,1.0,0.0,1.0,1.0,0.0,0.0,,,,True,True,
8355608642281554,symmetric_init,0.5,evaluated,0.5,0.0,0.75,0.75,0.0,0.0,0.5,0.0,0.5,True,True,
6449016346726527,identity,0.5,evaluated,0.5,0.5,1.0,0.75,0.25,0.25,0.5,1.0,0.0,False,True,
6449016346726527,noisy,0.5,evaluated,0.5,0.265502203205358,0.9500000000000002,0.7500000000000001,0.19999999999999996,0.20000000000000007,0.5,0.8,0.18,False,True,
6449016346726527,constant,0.5,evaluated,0.5,0.0,0.7499999999999999,0.75,0.0,-1.1102230246251565e-16,0.5,0.0,1.0,True,True,
6449016346726527,independent,0.5,evaluated,0.5,0.0,0.7500000000000001,0.7499999999999998,0.0,3.3306690738754696e-16,0.5,0.0,0.5,True,True,
6449016346726527,informative_unused,0.5,evaluated,0.5,0.5,0.75,0.75,0.25,0.0,0.5,0.0,0.0,False,True,
6449016346726527,xor_public,0.5,evaluated,0.0,0.0,1.0,1.0,0.0,0.0,,,,False,True,
6449016346726527,hidden_irrelevant,0.5,evaluated,1.0,0.0,1.0,1.0,0.0,0.0,,,,True,True,
6449016346726527,symmetric_init,0.5,evaluated,0.5,0.0,0.75,0.75,0.0,0.0,0.5,0.0,0.5,True,True,
7660081118366439,identity,0.5,evaluated,0.5,0.5,1.0,0.75,0.25,0.25,0.5,1.0,0.0,False,True,
7660081118366439,noisy,0.5,evaluated,0.5,0.265502203205358,0.9500000000000002,0.75,0.19999999999999996,0.20000000000000018,0.5,0.8,0.18,False,True,
7660081118366439,constant,0.5,evaluated,0.5,0.0,0.75,0.75,0.0,0.0,0.5,0.0,1.0,True,True,
7660081118366439,independent,0.5,evaluated,0.5,0.0,0.7499999999999999,0.75,0.0,-1.1102230246251565e-16,0.5,0.0,0.5,True,True,
7660081118366439,informative_unused,0.5,evaluated,0.5,0.5,0.75,0.75,0.25,0.0,0.5,0.0,0.0,False,True,
7660081118366439,xor_public,0.5,evaluated,0.0,0.0,1.0,1.0,0.0,0.0,,,,True,True,
7660081118366439,hidden_irrelevant,0.5,evaluated,1.0,0.2652462834745692,1.0,1.0,0.0,0.0,,,,False,True,
7660081118366439,symmetric_init,0.5,evaluated,0.5,0.0,0.75,0.75,0.0,0.0,0.5,0.0,0.5,True,True,
8492855670921047,identity,0.5,evaluated,0.5,0.5,1.0,0.7500000000000001,0.25,0.2499999999999999,0.5,1.0,0.0,False,True,
8492855670921047,noisy,0.5,evaluated,0.5,0.265502203205358,0.9500000000000002,0.7500000000000002,0.19999999999999996,0.19999999999999996,0.5,0.8,0.18,False,True,
8492855670921047,constant,0.5,evaluated,0.5,0.0,0.7500000000000001,0.7500000000000001,0.0,0.0,0.5,0.0,1.0,True,True,
8492855670921047,independent,0.5,evaluated,0.5,0.0,0.7500000000000001,0.75,0.0,1.1102230246251565e-16,0.5,0.0,0.5,True,True,
8492855670921047,informative_unused,0.5,evaluated,0.5,0.5,0.75,0.7500000000000001,0.25,-1.1102230246251565e-16,0.5,0.0,0.0,False,True,
8492855670921047,xor_public,0.5,evaluated,0.0,0.0,1.0,1.0,0.0,0.0,,,,False,True,
8492855670921047,hidden_irrelevant,0.5,evaluated,1.0,0.0,1.0,1.0,0.0,0.0,,,,True,True,
8492855670921047,symmetric_init,0.5,evaluated,0.5,0.0,0.75,0.75,0.0,0.0,0.5,0.0,0.5,True,True,
7692840636152672,identity,0.5,evaluated,0.5,0.5,1.0,0.75,0.25,0.25,0.5,1.0,0.0,False,True,
7692840636152672,noisy,0.5,evaluated,0.5,0.265502203205358,0.9500000000000002,0.7499999999999999,0.19999999999999996,0.2000000000000003,0.5,0.8,0.18,False,True,
7692840636152672,constant,0.5,evaluated,0.5,0.0,0.7500000000000001,0.75,0.0,1.1102230246251565e-16,0.5,0.0,1.0,True,True,
7692840636152672,independent,0.5,evaluated,0.5,0.0,0.75,0.7499999999999998,0.0,2.220446049250313e-16,0.5,0.0,0.5,True,True,
7692840636152672,informative_unused,0.5,evaluated,0.5,0.5,0.75,0.75,0.25,0.0,0.5,0.0,0.0,False,True,
7692840636152672,xor_public,0.5,evaluated,0.0,0.0,1.0,1.0,0.0,0.0,,,,False,True,
7692840636152672,hidden_irrelevant,0.5,evaluated,1.0,0.018128704507527335,1.0,1.0,0.0,0.0,,,,False,True,
7692840636152672,symmetric_init,0.5,evaluated,0.5,0.0,0.75,0.75,0.0,0.0,0.5,0.0,0.5,True,True,
5919967917738243,identity,0.5,evaluated,0.5,0.5,1.0,0.7499999999999999,0.25,0.2500000000000001,0.5,1.0,0.0,False,True,
5919967917738243,noisy,0.5,evaluated,0.5,0.265502203205358,0.9500000000000002,0.7500000000000002,0.19999999999999996,0.19999999999999996,0.5,0.8,0.18,False,True,
5919967917738243,constant,0.5,evaluated,0.5,0.0,0.7500000000000001,0.7499999999999999,0.0,2.220446049250313e-16,0.5,0.0,1.0,True,True,
5919967917738243,independent,0.5,evaluated,0.5,0.0,0.7499999999999999,0.7500000000000002,0.0,-3.3306690738754696e-16,0.5,0.0,0.5,True,True,
5919967917738243,informative_unused,0.5,evaluated,0.5,0.5,0.75,0.7499999999999999,0.25,1.1102230246251565e-16,0.5,0.0,0.0,False,True,
5919967917738243,xor_public,0.5,evaluated,0.0,0.0,1.0,1.0,0.0,0.0,,,,True,True,
5919967917738243,hidden_irrelevant,0.5,evaluated,1.0,0.000314916441224276,1.0,1.0,0.0,0.0,,,,False,True,
5919967917738243,symmetric_init,0.5,evaluated,0.5,0.0,0.75,0.75,0.0,0.0,0.5,0.0,0.5,True,True,
6042261771010707,identity,0.5,evaluated,0.5,0.5,1.0,0.75,0.25,0.25,0.5,1.0,0.0,False,True,
6042261771010707,noisy,0.5,evaluated,0.5,0.265502203205358,0.9500000000000002,0.75,0.19999999999999996,0.20000000000000018,0.5,0.8,0.18,False,True,
6042261771010707,constant,0.5,evaluated,0.5,0.0,0.75,0.75,0.0,0.0,0.5,0.0,1.0,True,True,
6042261771010707,independent,0.5,evaluated,0.5,0.0,0.75,0.75,0.0,0.0,0.5,0.0,0.5,True,True,
6042261771010707,informative_unused,0.5,evaluated,0.5,0.5,0.75,0.75,0.25,0.0,0.5,0.0,0.0,False,True,
6042261771010707,xor_public,0.5,evaluated,0.0,0.0,1.0,1.0,0.0,0.0,,,,False,True,
6042261771010707,hidden_irrelevant,0.5,evaluated,1.0,0.18345643207518997,1.0,1.0,0.0,0.0,,,,False,True,
6042261771010707,symmetric_init,0.5,evaluated,0.5,0.0,0.75,0.75,0.0,0.0,0.5,0.0,0.5,True,True,
8914635232222093,identity,0.5,evaluated,0.5,0.5,1.0,0.75,0.25,0.25,0.5,1.0,0.0,False,True,
8914635232222093,noisy,0.5,evaluated,0.5,0.265502203205358,0.9500000000000002,0.7500000000000001,0.19999999999999996,0.20000000000000007,0.5,0.8,0.18,False,True,
8914635232222093,constant,0.5,evaluated,0.5,0.0,0.7500000000000001,0.75,0.0,1.1102230246251565e-16,0.5,0.0,1.0,True,True,
8914635232222093,independent,0.5,evaluated,0.5,0.0,0.7500000000000001,0.75,0.0,1.1102230246251565e-16,0.5,0.0,0.5,True,True,
8914635232222093,informative_unused,0.5,evaluated,0.5,0.5,0.75,0.75,0.25,0.0,0.5,0.0,0.0,False,True,
8914635232222093,xor_public,0.5,evaluated,0.0,0.0,1.0,1.0,0.0,0.0,,,,False,True,
8914635232222093,hidden_irrelevant,0.5,evaluated,1.0,0.0017651569132751401,1.0,1.0,-1.1102230246251565e-16,0.0,,,,False,True,
8914635232222093,symmetric_init,0.5,evaluated,0.5,0.0,0.75,0.75,0.0,0.0,0.5,0.0,0.5,True,True,
6128102443285161,identity,0.5,evaluated,0.5,0.5,1.0,0.75,0.25,0.25,0.5,1.0,0.0,False,True,
6128102443285161,noisy,0.5,evaluated,0.5,0.265502203205358,0.9500000000000002,0.75,0.19999999999999996,0.20000000000000018,0.5,0.8,0.18,False,True,
6128102443285161,constant,0.5,evaluated,0.5,0.0,0.75,0.75,0.0,0.0,0.5,0.0,1.0,True,True,
6128102443285161,independent,0.5,evaluated,0.5,0.0,0.7500000000000001,0.75,0.0,1.1102230246251565e-16,0.5,0.0,0.5,True,True,
6128102443285161,informative_unused,0.5,evaluated,0.5,0.5,0.75,0.75,0.25,0.0,0.5,0.0,0.0,False,True,
6128102443285161,xor_public,0.5,evaluated,0.0,0.0,1.0,1.0,0.0,0.0,,,,False,True,
6128102443285161,hidden_irrelevant,0.5,evaluated,1.0,0.0014680852404115145,1.0,1.0,0.0,0.0,,,,False,True,
6128102443285161,symmetric_init,0.5,evaluated,0.5,0.0,0.75,0.75,0.0,0.0,0.5,0.0,0.5,True,True,
5366874339062860,identity,0.5,evaluated,0.5,0.5,1.0,0.7499999999999999,0.25,0.2500000000000001,0.5,1.0,0.0,False,True,
5366874339062860,noisy,0.5,evaluated,0.5,0.265502203205358,0.9500000000000002,0.7500000000000003,0.19999999999999996,0.19999999999999984,0.5,0.8,0.18,False,True,
5366874339062860,constant,0.5,evaluated,0.5,0.0,0.75,0.7499999999999999,0.0,1.1102230246251565e-16,0.5,0.0,1.0,True,True,
5366874339062860,independent,0.5,evaluated,0.5,0.0,0.75,0.75,0.0,0.0,0.5,0.0,0.5,True,True,
5366874339062860,informative_unused,0.5,evaluated,0.5,0.5,0.75,0.7499999999999999,0.25,1.1102230246251565e-16,0.5,0.0,0.0,False,True,
5366874339062860,xor_public,0.5,evaluated,0.0,0.0,1.0,1.0,0.0,0.0,,,,False,True,
5366874339062860,hidden_irrelevant,0.5,evaluated,1.0,0.057514548456307886,1.0,1.0,0.0,0.0,,,,False,True,
5366874339062860,symmetric_init,0.5,evaluated,0.5,0.0,0.75,0.75,0.0,0.0,0.5,0.0,0.5,True,True,
6651376192194871,identity,0.5,evaluated,0.5,0.5,1.0,0.75,0.25,0.25,0.5,1.0,0.0,False,True,
6651376192194871,noisy,0.5,evaluated,0.5,0.265502203205358,0.9500000000000002,0.7500000000000001,0.19999999999999996,0.20000000000000007,0.5,0.8,0.18,False,True,
6651376192194871,constant,0.5,evaluated,0.5,0.0,0.75,0.75,0.0,0.0,0.5,0.0,1.0,True,True,
6651376192194871,independent,0.5,evaluated,0.5,0.0,0.75,0.7499999999999998,0.0,2.220446049250313e-16,0.5,0.0,0.5,True,True,
6651376192194871,informative_unused,0.5,evaluated,0.5,0.5,0.75,0.75,0.25,0.0,0.5,0.0,0.0,False,True,
6651376192194871,xor_public,0.5,evaluated,0.0,0.0,1.0,1.0,0.0,0.0,,,,False,True,
6651376192194871,hidden_irrelevant,0.5,evaluated,1.0,0.12401081510023568,1.0,1.0,0.0,0.0,,,,False,True,
6651376192194871,symmetric_init,0.5,evaluated,0.5,0.0,0.75,0.75,0.0,0.0,0.5,0.0,0.5,True,True,
7575052237601924,identity,0.5,evaluated,0.5,0.5,1.0,0.7500000000000001,0.25,0.2499999999999999,0.5,1.0,0.0,False,True,
7575052237601924,noisy,0.5,evaluated,0.5,0.265502203205358,0.9500000000000002,0.7500000000000001,0.19999999999999996,0.20000000000000007,0.5,0.8,0.18,False,True,
7575052237601924,constant,0.5,evaluated,0.5,0.0,0.75,0.7500000000000001,0.0,-1.1102230246251565e-16,0.5,0.0,1.0,True,True,
7575052237601924,independent,0.5,evaluated,0.5,0.0,0.75,0.7499999999999998,0.0,2.220446049250313e-16,0.5,0.0,0.5,True,True,
7575052237601924,informative_unused,0.5,evaluated,0.5,0.5,0.75,0.7500000000000001,0.25,-1.1102230246251565e-16,0.5,0.0,0.0,False,True,
7575052237601924,xor_public,0.5,evaluated,0.0,0.0,1.0,1.0,0.0,0.0,,,,True,True,
7575052237601924,hidden_irrelevant,0.5,evaluated,1.0,0.0012789865394176366,1.0,1.0,0.0,0.0,,,,False,True,
7575052237601924,symmetric_init,0.5,evaluated,0.5,0.0,0.75,0.75,0.0,0.0,0.5,0.0,0.5,True,True,
6528146329238441,identity,0.5,evaluated,0.5,0.5,1.0,0.75,0.25,0.25,0.5,1.0,0.0,False,True,
6528146329238441,noisy,0.5,evaluated,0.5,0.265502203205358,0.9500000000000002,0.7500000000000001,0.19999999999999996,0.20000000000000007,0.5,0.8,0.18,False,True,
6528146329238441,constant,0.5,evaluated,0.5,0.0,0.75,0.75,0.0,0.0,0.5,0.0,1.0,True,True,
6528146329238441,independent,0.5,evaluated,0.5,0.0,0.7500000000000001,0.7499999999999998,0.0,3.3306690738754696e-16,0.5,0.0,0.5,True,True,
6528146329238441,informative_unused,0.5,evaluated,0.5,0.5,0.75,0.75,0.25,0.0,0.5,0.0,0.0,False,True,
6528146329238441,xor_public,0.5,evaluated,0.0,0.0,1.0,1.0,0.0,0.0,,,,False,True,
6528146329238441,hidden_irrelevant,0.5,evaluated,1.0,0.05395397880514487,1.0,1.0,0.0,0.0,,,,False,True,
6528146329238441,symmetric_init,0.5,evaluated,0.5,0.0,0.75,0.75,0.0,0.0,0.5,0.0,0.5,True,True,
8981225325718682,identity,0.5,evaluated,0.5,0.5,1.0,0.75,0.25,0.25,0.5,1.0,0.0,False,True,
8981225325718682,noisy,0.5,evaluated,0.5,0.265502203205358,0.9500000000000002,0.75,0.19999999999999996,0.20000000000000018,0.5,0.8,0.18,False,True,
8981225325718682,constant,0.5,evaluated,0.5,0.0,0.75,0.75,0.0,0.0,0.5,0.0,1.0,True,True,
8981225325718682,independent,0.5,evaluated,0.5,0.0,0.7499999999999999,0.75,0.0,-1.1102230246251565e-16,0.5,0.0,0.5,True,True,
8981225325718682,informative_unused,0.5,evaluated,0.5,0.5,0.75,0.75,0.25,0.0,0.5,0.0,0.0,False,True,
8981225325718682,xor_public,0.5,evaluated,0.0,0.0,1.0,1.0,0.0,0.0,,,,False,True,
8981225325718682,hidden_irrelevant,0.5,evaluated,1.0,0.19461964999954787,1.0,1.0,0.0,0.0,,,,False,True,
8981225325718682,symmetric_init,0.5,evaluated,0.5,0.0,0.75,0.75,0.0,0.0,0.5,0.0,0.5,True,True,
4918016010068010,identity,0.5,evaluated,0.5,0.5,1.0,0.75,0.25,0.25,0.5,1.0,0.0,False,True,
4918016010068010,noisy,0.5,evaluated,0.5,0.265502203205358,0.9500000000000002,0.7500000000000002,0.19999999999999996,0.19999999999999996,0.5,0.8,0.18,False,True,
4918016010068010,constant,0.5,evaluated,0.5,0.0,0.7499999999999999,0.75,0.0,-1.1102230246251565e-16,0.5,0.0,1.0,True,True,
4918016010068010,independent,0.5,evaluated,0.5,0.0,0.75,0.75,0.0,0.0,0.5,0.0,0.5,True,True,
4918016010068010,informative_unused,0.5,evaluated,0.5,0.5,0.75,0.75,0.25,0.0,0.5,0.0,0.0,False,True,
4918016010068010,xor_public,0.5,evaluated,0.0,0.0,1.0,1.0,0.0,0.0,,,,False,True,
4918016010068010,hidden_irrelevant,0.5,evaluated,1.0,0.10441960824364227,1.0,1.0,0.0,0.0,,,,False,True,
4918016010068010,symmetric_init,0.5,evaluated,0.5,0.0,0.75,0.75,0.0,0.0,0.5,0.0,0.5,True,True,
4712851502488203,identity,0.5,evaluated,0.5,0.5,1.0,0.75,0.25,0.25,0.5,1.0,0.0,False,True,
4712851502488203,noisy,0.5,evaluated,0.5,0.265502203205358,0.9500000000000002,0.7500000000000001,0.19999999999999996,0.20000000000000007,0.5,0.8,0.18,False,True,
4712851502488203,constant,0.5,evaluated,0.5,0.0,0.7499999999999999,0.75,0.0,-1.1102230246251565e-16,0.5,0.0,1.0,True,True,
4712851502488203,independent,0.5,evaluated,0.5,0.0,0.7500000000000001,0.75,0.0,1.1102230246251565e-16,0.5,0.0,0.5,True,True,
4712851502488203,informative_unused,0.5,evaluated,0.5,0.5,0.75,0.75,0.25,0.0,0.5,0.0,0.0,False,True,
4712851502488203,xor_public,0.5,evaluated,0.0,0.0,1.0,1.0,0.0,0.0,,,,True,True,
4712851502488203,hidden_irrelevant,0.5,evaluated,1.0,0.05739442904522486,1.0,1.0,0.0,0.0,,,,False,True,
4712851502488203,symmetric_init,0.5,evaluated,0.5,0.0,0.75,0.75,0.0,0.0,0.5,0.0,0.5,True,True,
6184705027385005,identity,0.5,evaluated,0.5,0.5,1.0,0.7499999999999999,0.25,0.2500000000000001,0.5,1.0,0.0,False,True,
6184705027385005,noisy,0.5,evaluated,0.5,0.265502203205358,0.9500000000000002,0.75,0.19999999999999996,0.20000000000000018,0.5,0.8,0.18,False,True,
6184705027385005,constant,0.5,evaluated,0.5,0.0,0.75,0.7499999999999999,0.0,1.1102230246251565e-16,0.5,0.0,1.0,True,True,
6184705027385005,independent,0.5,evaluated,0.5,0.0,0.75,0.75,0.0,0.0,0.5,0.0,0.5,True,True,
6184705027385005,informative_unused,0.5,evaluated,0.5,0.5,0.75,0.7499999999999999,0.25,1.1102230246251565e-16,0.5,0.0,0.0,False,True,
6184705027385005,xor_public,0.5,evaluated,0.0,0.0,1.0,1.0,0.0,0.0,,,,False,True,
6184705027385005,hidden_irrelevant,0.5,evaluated,1.0,0.001951707985040716,1.0,1.0,0.0,0.0,,,,False,True,
6184705027385005,symmetric_init,0.5,evaluated,0.5,0.0,0.75,0.75,0.0,0.0,0.5,0.0,0.5,True,True,
8045086457858585,identity,0.5,evaluated,0.5,0.5,1.0,0.75,0.25,0.25,0.5,1.0,0.0,False,True,
8045086457858585,noisy,0.5,evaluated,0.5,0.265502203205358,0.9500000000000002,0.7499999999999999,0.19999999999999996,0.2000000000000003,0.5,0.8,0.18,False,True,
8045086457858585,constant,0.5,evaluated,0.5,0.0,0.75,0.75,0.0,0.0,0.5,0.0,1.0,True,True,
8045086457858585,independent,0.5,evaluated,0.5,0.0,0.75,0.75,0.0,0.0,0.5,0.0,0.5,True,True,
8045086457858585,informative_unused,0.5,evaluated,0.5,0.5,0.75,0.75,0.25,0.0,0.5,0.0,0.0,False,True,
8045086457858585,xor_public,0.5,evaluated,0.0,0.0,1.0,1.0,0.0,0.0,,,,True,True,
8045086457858585,hidden_irrelevant,0.5,evaluated,1.0,0.0,1.0,1.0,0.0,0.0,,,,True,True,
8045086457858585,symmetric_init,0.5,evaluated,0.5,0.0,0.75,0.75,0.0,0.0,0.5,0.0,0.5,True,True,
8693596012911916,identity,0.5,evaluated,0.5,0.5,1.0,0.7499999999999999,0.25,0.2500000000000001,0.5,1.0,0.0,False,True,
8693596012911916,noisy,0.5,evaluated,0.5,0.265502203205358,0.9500000000000002,0.75,0.19999999999999996,0.20000000000000018,0.5,0.8,0.18,False,True,
8693596012911916,constant,0.5,evaluated,0.5,0.0,0.75,0.7499999999999999,0.0,1.1102230246251565e-16,0.5,0.0,1.0,True,True,
8693596012911916,independent,0.5,evaluated,0.5,0.0,0.75,0.75,0.0,0.0,0.5,0.0,0.5,True,True,
8693596012911916,informative_unused,0.5,evaluated,0.5,0.5,0.75,0.7499999999999999,0.25,1.1102230246251565e-16,0.5,0.0,0.0,False,True,
8693596012911916,xor_public,0.5,evaluated,0.0,0.0,1.0,1.0,0.0,0.0,,,,True,True,
8693596012911916,hidden_irrelevant,0.5,evaluated,1.0,0.036336200519063964,0.9999999999999999,0.9999999999999999,0.0,0.0,,,,False,True,
8693596012911916,symmetric_init,0.5,evaluated,0.5,0.0,0.75,0.75,0.0,0.0,0.5,0.0,0.5,True,True,
5091599517038787,identity,0.5,evaluated,0.5,0.5,1.0,0.75,0.25,0.25,0.5,1.0,0.0,False,True,
5091599517038787,noisy,0.5,evaluated,0.5,0.265502203205358,0.9500000000000002,0.75,0.19999999999999996,0.20000000000000018,0.5,0.8,0.18,False,True,
5091599517038787,constant,0.5,evaluated,0.5,0.0,0.7500000000000001,0.75,0.0,1.1102230246251565e-16,0.5,0.0,1.0,True,True,
5091599517038787,independent,0.5,evaluated,0.5,0.0,0.7499999999999998,0.7499999999999998,0.0,0.0,0.5,0.0,0.5,True,True,
5091599517038787,informative_unused,0.5,evaluated,0.5,0.5,0.75,0.75,0.25,0.0,0.5,0.0,0.0,False,True,
5091599517038787,xor_public,0.5,evaluated,0.0,0.0,1.0,1.0,0.0,0.0,,,,False,True,
5091599517038787,hidden_irrelevant,0.5,evaluated,1.0,0.06086860964110203,1.0,1.0,0.0,0.0,,,,False,True,
5091599517038787,symmetric_init,0.5,evaluated,0.5,0.0,0.75,0.75,0.0,0.0,0.5,0.0,0.5,True,True,
6098459643596342,identity,0.5,evaluated,0.5,0.5,1.0,0.7499999999999999,0.25,0.2500000000000001,0.5,1.0,0.0,False,True,
6098459643596342,noisy,0.5,evaluated,0.5,0.265502203205358,0.9500000000000002,0.75,0.19999999999999996,0.20000000000000018,0.5,0.8,0.18,False,True,
6098459643596342,constant,0.5,evaluated,0.5,0.0,0.75,0.7499999999999999,0.0,1.1102230246251565e-16,0.5,0.0,1.0,True,True,
6098459643596342,independent,0.5,evaluated,0.5,0.0,0.75,0.75,0.0,0.0,0.5,0.0,0.5,True,True,
6098459643596342,informative_unused,0.5,evaluated,0.5,0.5,0.75,0.7499999999999999,0.25,1.1102230246251565e-16,0.5,0.0,0.0,False,True,
6098459643596342,xor_public,0.5,evaluated,0.0,0.0,1.0,1.0,0.0,0.0,,,,False,True,
6098459643596342,hidden_irrelevant,0.5,evaluated,1.0,0.0,1.0,1.0,0.0,0.0,,,,True,True,
6098459643596342,symmetric_init,0.5,evaluated,0.5,0.0,0.75,0.75,0.0,0.0,0.5,0.0,0.5,True,True,
6696142462644017,identity,0.5,evaluated,0.5,0.5,1.0,0.75,0.25,0.25,0.5,1.0,0.0,False,True,
6696142462644017,noisy,0.5,evaluated,0.5,0.265502203205358,0.9500000000000002,0.7500000000000002,0.19999999999999996,0.19999999999999996,0.5,0.8,0.18,False,True,
6696142462644017,constant,0.5,evaluated,0.5,0.0,0.7499999999999999,0.75,0.0,-1.1102230246251565e-16,0.5,0.0,1.0,True,True,
6696142462644017,independent,0.5,evaluated,0.5,0.0,0.7500000000000001,0.7499999999999998,0.0,3.3306690738754696e-16,0.5,0.0,0.5,True,True,
6696142462644017,informative_unused,0.5,evaluated,0.5,0.5,0.75,0.75,0.25,0.0,0.5,0.0,0.0,False,True,
6696142462644017,xor_public,0.5,evaluated,0.0,0.0,1.0,1.0,0.0,0.0,,,,False,True,
6696142462644017,hidden_irrelevant,0.5,evaluated,1.0,0.07664123364741778,1.0,1.0,0.0,0.0,,,,False,True,
6696142462644017,symmetric_init,0.5,evaluated,0.5,0.0,0.75,0.75,0.0,0.0,0.5,0.0,0.5,True,True,
4629627118589389,identity,0.5,evaluated,0.5,0.5,1.0,0.75,0.25,0.25,0.5,1.0,0.0,False,True,
4629627118589389,noisy,0.5,evaluated,0.5,0.265502203205358,0.9500000000000002,0.75,0.19999999999999996,0.20000000000000018,0.5,0.8,0.18,False,True,
4629627118589389,constant,0.5,evaluated,0.5,0.0,0.75,0.75,0.0,0.0,0.5,0.0,1.0,True,True,
4629627118589389,independent,0.5,evaluated,0.5,0.0,0.75,0.75,0.0,0.0,0.5,0.0,0.5,True,True,
4629627118589389,informative_unused,0.5,evaluated,0.5,0.5,0.75,0.75,0.25,0.0,0.5,0.0,0.0,False,True,
4629627118589389,xor_public,0.5,evaluated,0.0,0.0,1.0,1.0,0.0,0.0,,,,True,True,
4629627118589389,hidden_irrelevant,0.5,evaluated,1.0,0.0024369521688548616,1.0,1.0,0.0,0.0,,,,False,True,
4629627118589389,symmetric_init,0.5,evaluated,0.5,0.0,0.75,0.75,0.0,0.0,0.5,0.0,0.5,True,True,
5824854416582710,identity,0.5,evaluated,0.5,0.5,1.0,0.75,0.25,0.25,0.5,1.0,0.0,False,True,
5824854416582710,noisy,0.5,evaluated,0.5,0.265502203205358,0.9500000000000002,0.7500000000000001,0.19999999999999996,0.20000000000000007,0.5,0.8,0.18,False,True,
5824854416582710,constant,0.5,evaluated,0.5,0.0,0.7499999999999999,0.75,0.0,-1.1102230246251565e-16,0.5,0.0,1.0,True,True,
5824854416582710,independent,0.5,evaluated,0.5,0.0,0.7500000000000001,0.75,0.0,1.1102230246251565e-16,0.5,0.0,0.5,True,True,
5824854416582710,informative_unused,0.5,evaluated,0.5,0.5,0.75,0.75,0.25,0.0,0.5,0.0,0.0,False,True,
5824854416582710,xor_public,0.5,evaluated,0.0,0.0,1.0,1.0,0.0,0.0,,,,False,True,
5824854416582710,hidden_irrelevant,0.5,evaluated,1.0,0.0,1.0,1.0,0.0,0.0,,,,True,True,
5824854416582710,symmetric_init,0.5,evaluated,0.5,0.0,0.75,0.75,0.0,0.0,0.5,0.0,0.5,True,True,
5917940348557718,identity,0.5,evaluated,0.5,0.5,1.0,0.75,0.25,0.25,0.5,1.0,0.0,False,True,
5917940348557718,noisy,0.5,evaluated,0.5,0.265502203205358,0.9500000000000002,0.7500000000000001,0.19999999999999996,0.20000000000000007,0.5,0.8,0.18,False,True,
5917940348557718,constant,0.5,evaluated,0.5,0.0,0.75,0.75,0.0,0.0,0.5,0.0,1.0,True,True,
5917940348557718,independent,0.5,evaluated,0.5,0.0,0.7499999999999999,0.75,0.0,-1.1102230246251565e-16,0.5,0.0,0.5,True,True,
5917940348557718,informative_unused,0.5,evaluated,0.5,0.5,0.75,0.75,0.25,0.0,0.5,0.0,0.0,False,True,
5917940348557718,xor_public,0.5,evaluated,0.0,0.0,1.0,1.0,0.0,0.0,,,,False,True,
5917940348557718,hidden_irrelevant,0.5,evaluated,1.0,0.0,1.0,1.0,0.0,0.0,,,,True,True,
5917940348557718,symmetric_init,0.5,evaluated,0.5,0.0,0.75,0.75,0.0,0.0,0.5,0.0,0.5,True,True,
6613754911146823,identity,0.5,evaluated,0.5,0.5,1.0,0.75,0.25,0.25,0.5,1.0,0.0,False,True,
6613754911146823,noisy,0.5,evaluated,0.5,0.265502203205358,0.9500000000000002,0.7499999999999999,0.19999999999999996,0.2000000000000003,0.5,0.8,0.18,False,True,
6613754911146823,constant,0.5,evaluated,0.5,0.0,0.7499999999999999,0.75,0.0,-1.1102230246251565e-16,0.5,0.0,1.0,True,True,
6613754911146823,independent,0.5,evaluated,0.5,0.0,0.75,0.7500000000000002,0.0,-2.220446049250313e-16,0.5,0.0,0.5,True,True,
6613754911146823,informative_unused,0.5,evaluated,0.5,0.5,0.75,0.75,0.25,0.0,0.5,0.0,0.0,False,True,
6613754911146823,xor_public,0.5,evaluated,0.0,0.0,1.0,1.0,0.0,0.0,,,,False,True,
6613754911146823,hidden_irrelevant,0.5,evaluated,1.0,0.022890505878593564,1.0,1.0,0.0,0.0,,,,False,True,
6613754911146823,symmetric_init,0.5,evaluated,0.5,0.0,0.75,0.75,0.0,0.0,0.5,0.0,0.5,True,True,
6124425059368783,identity,0.5,evaluated,0.5,0.5,1.0,0.75,0.25,0.25,0.5,1.0,0.0,False,True,
6124425059368783,noisy,0.5,evaluated,0.5,0.265502203205358,0.9500000000000002,0.75,0.19999999999999996,0.20000000000000018,0.5,0.8,0.18,False,True,
6124425059368783,constant,0.5,evaluated,0.5,0.0,0.7499999999999999,0.75,0.0,-1.1102230246251565e-16,0.5,0.0,1.0,True,True,
6124425059368783,independent,0.5,evaluated,0.5,0.0,0.7500000000000002,0.75,0.0,2.220446049250313e-16,0.5,0.0,0.5,True,True,
6124425059368783,informative_unused,0.5,evaluated,0.5,0.5,0.75,0.75,0.25,0.0,0.5,0.0,0.0,False,True,
6124425059368783,xor_public,0.5,evaluated,0.0,0.0,1.0,1.0,0.0,0.0,,,,False,True,
6124425059368783,hidden_irrelevant,0.5,evaluated,1.0,0.01215368595097266,1.0,1.0,0.0,0.0,,,,False,True,
6124425059368783,symmetric_init,0.5,evaluated,0.5,0.0,0.75,0.75,0.0,0.0,0.5,0.0,0.5,True,True,
7875607243634638,identity,0.5,evaluated,0.5,0.5,1.0,0.75,0.25,0.25,0.5,1.0,0.0,False,True,
7875607243634638,noisy,0.5,evaluated,0.5,0.265502203205358,0.9500000000000002,0.7500000000000002,0.19999999999999996,0.19999999999999996,0.5,0.8,0.18,False,True,
7875607243634638,constant,0.5,evaluated,0.5,0.0,0.75,0.75,0.0,0.0,0.5,0.0,1.0,True,True,
7875607243634638,independent,0.5,evaluated,0.5,0.0,0.7500000000000002,0.75,0.0,2.220446049250313e-16,0.5,0.0,0.5,True,True,
7875607243634638,informative_unused,0.5,evaluated,0.5,0.5,0.75,0.75,0.25,0.0,0.5,0.0,0.0,False,True,
7875607243634638,xor_public,0.5,evaluated,0.0,0.0,1.0,1.0,0.0,0.0,,,,False,True,
7875607243634638,hidden_irrelevant,0.5,evaluated,1.0,0.013189004287536374,1.0,1.0,0.0,0.0,,,,False,True,
7875607243634638,symmetric_init,0.5,evaluated,0.5,0.0,0.75,0.75,0.0,0.0,0.5,0.0,0.5,True,True,
4594338425848593,identity,0.5,evaluated,0.5,0.5,1.0,0.75,0.25,0.25,0.5,1.0,0.0,False,True,
4594338425848593,noisy,0.5,evaluated,0.5,0.265502203205358,0.9500000000000002,0.75,0.19999999999999996,0.20000000000000018,0.5,0.8,0.18,False,True,
4594338425848593,constant,0.5,evaluated,0.5,0.0,0.7500000000000001,0.75,0.0,1.1102230246251565e-16,0.5,0.0,1.0,True,True,
4594338425848593,independent,0.5,evaluated,0.5,0.0,0.7500000000000001,0.7500000000000002,0.0,-1.1102230246251565e-16,0.5,0.0,0.5,True,True,
4594338425848593,informative_unused,0.5,evaluated,0.5,0.5,0.75,0.75,0.25,0.0,0.5,0.0,0.0,False,True,
4594338425848593,xor_public,0.5,evaluated,0.0,0.0,1.0,1.0,0.0,0.0,,,,False,True,
4594338425848593,hidden_irrelevant,0.5,evaluated,1.0,0.16055286971343202,1.0,1.0,0.0,0.0,,,,False,True,
4594338425848593,symmetric_init,0.5,evaluated,0.5,0.0,0.75,0.75,0.0,0.0,0.5,0.0,0.5,True,True,
7469180851094856,identity,0.5,evaluated,0.5,0.5,1.0,0.7499999999999999,0.25,0.2500000000000001,0.5,1.0,0.0,False,True,
7469180851094856,noisy,0.5,evaluated,0.5,0.265502203205358,0.9500000000000002,0.7500000000000002,0.19999999999999996,0.19999999999999996,0.5,0.8,0.18,False,True,
7469180851094856,constant,0.5,evaluated,0.5,0.0,0.75,0.7499999999999999,0.0,1.1102230246251565e-16,0.5,0.0,1.0,True,True,
7469180851094856,independent,0.5,evaluated,0.5,0.0,0.7499999999999999,0.7500000000000002,0.0,-3.3306690738754696e-16,0.5,0.0,0.5,True,True,
7469180851094856,informative_unused,0.5,evaluated,0.5,0.5,0.75,0.7499999999999999,0.25,1.1102230246251565e-16,0.5,0.0,0.0,False,True,
7469180851094856,xor_public,0.5,evaluated,0.0,0.0,1.0,1.0,0.0,0.0,,,,True,True,
7469180851094856,hidden_irrelevant,0.5,evaluated,1.0,0.02694878773198706,1.0,1.0,0.0,0.0,,,,False,True,
7469180851094856,symmetric_init,0.5,evaluated,0.5,0.0,0.75,0.75,0.0,0.0,0.5,0.0,0.5,True,True,
7535078614042505,identity,0.5,evaluated,0.5,0.5,1.0,0.75,0.25,0.25,0.5,1.0,0.0,False,True,
7535078614042505,noisy,0.5,evaluated,0.5,0.265502203205358,0.9500000000000002,0.75,0.19999999999999996,0.20000000000000018,0.5,0.8,0.18,False,True,
7535078614042505,constant,0.5,evaluated,0.5,0.0,0.75,0.75,0.0,0.0,0.5,0.0,1.0,True,True,
7535078614042505,independent,0.5,evaluated,0.5,0.0,0.7500000000000001,0.7499999999999998,0.0,3.3306690738754696e-16,0.5,0.0,0.5,True,True,
7535078614042505,informative_unused,0.5,evaluated,0.5,0.5,0.75,0.75,0.25,0.0,0.5,0.0,0.0,False,True,
7535078614042505,xor_public,0.5,evaluated,0.0,0.0,1.0,1.0,0.0,0.0,,,,False,True,
7535078614042505,hidden_irrelevant,0.5,evaluated,1.0,0.0834887096319761,1.0,1.0,0.0,0.0,,,,False,True,
7535078614042505,symmetric_init,0.5,evaluated,0.5,0.0,0.75,0.75,0.0,0.0,0.5,0.0,0.5,True,True,
6314225794604677,identity,0.5,evaluated,0.5,0.5,1.0,0.75,0.25,0.25,0.5,1.0,0.0,False,True,
6314225794604677,noisy,0.5,evaluated,0.5,0.265502203205358,0.9500000000000002,0.7499999999999999,0.19999999999999996,0.2000000000000003,0.5,0.8,0.18,False,True,
6314225794604677,constant,0.5,evaluated,0.5,0.0,0.75,0.75,0.0,0.0,0.5,0.0,1.0,True,True,
6314225794604677,independent,0.5,evaluated,0.5,0.0,0.7499999999999999,0.75,0.0,-1.1102230246251565e-16,0.5,0.0,0.5,True,True,
6314225794604677,informative_unused,0.5,evaluated,0.5,0.5,0.75,0.75,0.25,0.0,0.5,0.0,0.0,False,True,
6314225794604677,xor_public,0.5,evaluated,0.0,0.0,1.0,1.0,0.0,0.0,,,,False,True,
6314225794604677,hidden_irrelevant,0.5,evaluated,1.0,0.0,1.0,1.0,0.0,0.0,,,,True,True,
6314225794604677,symmetric_init,0.5,evaluated,0.5,0.0,0.75,0.75,0.0,0.0,0.5,0.0,0.5,True,True,
8196230303617103,identity,0.5,evaluated,0.5,0.5,1.0,0.75,0.25,0.25,0.5,1.0,0.0,False,True,
8196230303617103,noisy,0.5,evaluated,0.5,0.265502203205358,0.9500000000000002,0.7500000000000001,0.19999999999999996,0.20000000000000007,0.5,0.8,0.18,False,True,
8196230303617103,constant,0.5,evaluated,0.5,0.0,0.7499999999999999,0.75,0.0,-1.1102230246251565e-16,0.5,0.0,1.0,True,True,
8196230303617103,independent,0.5,evaluated,0.5,0.0,0.7500000000000001,0.75,0.0,1.1102230246251565e-16,0.5,0.0,0.5,True,True,
8196230303617103,informative_unused,0.5,evaluated,0.5,0.5,0.75,0.75,0.25,0.0,0.5,0.0,0.0,False,True,
8196230303617103,xor_public,0.5,evaluated,0.0,0.0,1.0,1.0,0.0,0.0,,,,False,True,
8196230303617103,hidden_irrelevant,0.5,evaluated,1.0,0.22757592922377712,1.0,1.0,0.0,0.0,,,,False,True,
8196230303617103,symmetric_init,0.5,evaluated,0.5,0.0,0.75,0.75,0.0,0.0,0.5,0.0,0.5,True,True,
7310360112239757,identity,0.5,evaluated,0.5,0.5,1.0,0.75,0.25,0.25,0.5,1.0,0.0,False,True,
7310360112239757,noisy,0.5,evaluated,0.5,0.265502203205358,0.9500000000000002,0.7499999999999999,0.19999999999999996,0.2000000000000003,0.5,0.8,0.18,False,True,
7310360112239757,constant,0.5,evaluated,0.5,0.0,0.75,0.75,0.0,0.0,0.5,0.0,1.0,True,True,
7310360112239757,independent,0.5,evaluated,0.5,0.0,0.75,0.7500000000000002,0.0,-2.220446049250313e-16,0.5,0.0,0.5,True,True,
7310360112239757,informative_unused,0.5,evaluated,0.5,0.5,0.75,0.75,0.25,0.0,0.5,0.0,0.0,False,True,
7310360112239757,xor_public,0.5,evaluated,0.0,0.0,1.0,1.0,0.0,0.0,,,,True,True,
7310360112239757,hidden_irrelevant,0.5,evaluated,1.0,0.22380207995359674,1.0,1.0,0.0,0.0,,,,False,True,
7310360112239757,symmetric_init,0.5,evaluated,0.5,0.0,0.75,0.75,0.0,0.0,0.5,0.0,0.5,True,True,
4791724329847319,identity,0.5,evaluated,0.5,0.5,1.0,0.75,0.25,0.25,0.5,1.0,0.0,False,True,
4791724329847319,noisy,0.5,evaluated,0.5,0.265502203205358,0.9500000000000002,0.75,0.19999999999999996,0.20000000000000018,0.5,0.8,0.18,False,True,
4791724329847319,constant,0.5,evaluated,0.5,0.0,0.7500000000000001,0.75,0.0,1.1102230246251565e-16,0.5,0.0,1.0,True,True,
4791724329847319,independent,0.5,evaluated,0.5,0.0,0.75,0.75,0.0,0.0,0.5,0.0,0.5,True,True,
4791724329847319,informative_unused,0.5,evaluated,0.5,0.5,0.75,0.75,0.25,0.0,0.5,0.0,0.0,False,True,
4791724329847319,xor_public,0.5,evaluated,0.0,0.0,1.0,1.0,0.0,0.0,,,,False,True,
4791724329847319,hidden_irrelevant,0.5,evaluated,1.0,0.046705178815858076,1.0,1.0,0.0,0.0,,,,False,True,
4791724329847319,symmetric_init,0.5,evaluated,0.5,0.0,0.75,0.75,0.0,0.0,0.5,0.0,0.5,True,True,
7877723381095828,identity,0.5,evaluated,0.5,0.5,1.0,0.7500000000000001,0.25,0.2499999999999999,0.5,1.0,0.0,False,True,
7877723381095828,noisy,0.5,evaluated,0.5,0.265502203205358,0.9500000000000002,0.7499999999999999,0.19999999999999996,0.2000000000000003,0.5,0.8,0.18,False,True,
7877723381095828,constant,0.5,evaluated,0.5,0.0,0.75,0.7500000000000001,0.0,-1.1102230246251565e-16,0.5,0.0,1.0,True,True,
7877723381095828,independent,0.5,evaluated,0.5,0.0,0.75,0.7499999999999998,0.0,2.220446049250313e-16,0.5,0.0,0.5,True,True,
7877723381095828,informative_unused,0.5,evaluated,0.5,0.5,0.75,0.7500000000000001,0.25,-1.1102230246251565e-16,0.5,0.0,0.0,False,True,
7877723381095828,xor_public,0.5,evaluated,0.0,0.0,1.0,1.0,0.0,0.0,,,,False,True,
7877723381095828,hidden_irrelevant,0.5,evaluated,1.0,0.3134259381176701,1.0,1.0,0.0,0.0,,,,False,True,
7877723381095828,symmetric_init,0.5,evaluated,0.5,0.0,0.75,0.75,0.0,0.0,0.5,0.0,0.5,True,True,
8214037411905940,identity,0.5,evaluated,0.5,0.5,1.0,0.7499999999999999,0.25,0.2500000000000001,0.5,1.0,0.0,False,True,
8214037411905940,noisy,0.5,evaluated,0.5,0.265502203205358,0.9500000000000002,0.7500000000000002,0.19999999999999996,0.19999999999999996,0.5,0.8,0.18,False,True,
8214037411905940,constant,0.5,evaluated,0.5,0.0,0.75,0.7499999999999999,0.0,1.1102230246251565e-16,0.5,0.0,1.0,True,True,
8214037411905940,independent,0.5,evaluated,0.5,0.0,0.75,0.7500000000000002,0.0,-2.220446049250313e-16,0.5,0.0,0.5,True,True,
8214037411905940,informative_unused,0.5,evaluated,0.5,0.5,0.75,0.7499999999999999,0.25,1.1102230246251565e-16,0.5,0.0,0.0,False,True,
8214037411905940,xor_public,0.5,evaluated,0.0,0.0,1.0,1.0,0.0,0.0,,,,False,True,
8214037411905940,hidden_irrelevant,0.5,evaluated,1.0,0.26376980676376993,1.0,1.0,0.0,0.0,,,,False,True,
8214037411905940,symmetric_init,0.5,evaluated,0.5,0.0,0.75,0.75,0.0,0.0,0.5,0.0,0.5,True,True,
5025403984679708,identity,0.5,evaluated,0.5,0.5,1.0,0.75,0.25,0.25,0.5,1.0,0.0,False,True,
5025403984679708,noisy,0.5,evaluated,0.5,0.265502203205358,0.9500000000000002,0.7500000000000001,0.19999999999999996,0.20000000000000007,0.5,0.8,0.18,False,True,
5025403984679708,constant,0.5,evaluated,0.5,0.0,0.7500000000000001,0.75,0.0,1.1102230246251565e-16,0.5,0.0,1.0,True,True,
5025403984679708,independent,0.5,evaluated,0.5,0.0,0.75,0.75,0.0,0.0,0.5,0.0,0.5,True,True,
5025403984679708,informative_unused,0.5,evaluated,0.5,0.5,0.75,0.75,0.25,0.0,0.5,0.0,0.0,False,True,
5025403984679708,xor_public,0.5,evaluated,0.0,0.0,1.0,1.0,0.0,0.0,,,,False,True,
5025403984679708,hidden_irrelevant,0.5,evaluated,1.0,0.010686168398762793,1.0,1.0,0.0,0.0,,,,False,True,
5025403984679708,symmetric_init,0.5,evaluated,0.5,0.0,0.75,0.75,0.0,0.0,0.5,0.0,0.5,True,True,
5235678119041157,identity,0.5,evaluated,0.5,0.5,1.0,0.7499999999999999,0.25,0.2500000000000001,0.5,1.0,0.0,False,True,
5235678119041157,noisy,0.5,evaluated,0.5,0.265502203205358,0.9500000000000002,0.7500000000000002,0.19999999999999996,0.19999999999999996,0.5,0.8,0.18,False,True,
5235678119041157,constant,0.5,evaluated,0.5,0.0,0.75,0.7499999999999999,0.0,1.1102230246251565e-16,0.5,0.0,1.0,True,True,
5235678119041157,independent,0.5,evaluated,0.5,0.0,0.75,0.75,0.0,0.0,0.5,0.0,0.5,True,True,
5235678119041157,informative_unused,0.5,evaluated,0.5,0.5,0.75,0.7499999999999999,0.25,1.1102230246251565e-16,0.5,0.0,0.0,False,True,
5235678119041157,xor_public,0.5,evaluated,0.0,0.0,1.0,1.0,0.0,0.0,,,,False,True,
5235678119041157,hidden_irrelevant,0.5,evaluated,1.0,0.07633476960175656,1.0,1.0,0.0,0.0,,,,False,True,
5235678119041157,symmetric_init,0.5,evaluated,0.5,0.0,0.75,0.75,0.0,0.0,0.5,0.0,0.5,True,True,
8225999108192853,identity,0.5,evaluated,0.5,0.5,1.0,0.75,0.25,0.25,0.5,1.0,0.0,False,True,
8225999108192853,noisy,0.5,evaluated,0.5,0.265502203205358,0.9500000000000002,0.7500000000000003,0.19999999999999996,0.19999999999999984,0.5,0.8,0.18,False,True,
8225999108192853,constant,0.5,evaluated,0.5,0.0,0.75,0.75,0.0,0.0,0.5,0.0,1.0,True,True,
8225999108192853,independent,0.5,evaluated,0.5,0.0,0.7499999999999999,0.7500000000000002,0.0,-3.3306690738754696e-16,0.5,0.0,0.5,True,True,
8225999108192853,informative_unused,0.5,evaluated,0.5,0.5,0.75,0.75,0.25,0.0,0.5,0.0,0.0,False,True,
8225999108192853,xor_public,0.5,evaluated,0.0,0.0,1.0,1.0,0.0,0.0,,,,True,True,
8225999108192853,hidden_irrelevant,0.5,evaluated,1.0,0.029236659198966897,1.0,1.0,0.0,0.0,,,,False,True,
8225999108192853,symmetric_init,0.5,evaluated,0.5,0.0,0.75,0.75,0.0,0.0,0.5,0.0,0.5,True,True,
6667315998835931,identity,0.5,evaluated,0.5,0.5,1.0,0.75,0.25,0.25,0.5,1.0,0.0,False,True,
6667315998835931,noisy,0.5,evaluated,0.5,0.265502203205358,0.9500000000000002,0.7500000000000001,0.19999999999999996,0.20000000000000007,0.5,0.8,0.18,False,True,
6667315998835931,constant,0.5,evaluated,0.5,0.0,0.75,0.75,0.0,0.0,0.5,0.0,1.0,True,True,
6667315998835931,independent,0.5,evaluated,0.5,0.0,0.7500000000000002,0.7499999999999998,0.0,4.440892098500626e-16,0.5,0.0,0.5,True,True,
6667315998835931,informative_unused,0.5,evaluated,0.5,0.5,0.75,0.75,0.25,0.0,0.5,0.0,0.0,False,True,
6667315998835931,xor_public,0.5,evaluated,0.0,0.0,1.0,1.0,0.0,0.0,,,,False,True,
6667315998835931,hidden_irrelevant,0.5,evaluated,1.0,0.013536549566909292,1.0,1.0,0.0,0.0,,,,False,True,
6667315998835931,symmetric_init,0.5,evaluated,0.5,0.0,0.75,0.75,0.0,0.0,0.5,0.0,0.5,True,True,
5237288132460382,identity,0.5,evaluated,0.5,0.5,1.0,0.7499999999999999,0.25,0.2500000000000001,0.5,1.0,0.0,False,True,
5237288132460382,noisy,0.5,evaluated,0.5,0.265502203205358,0.9500000000000002,0.75,0.19999999999999996,0.20000000000000018,0.5,0.8,0.18,False,True,
5237288132460382,constant,0.5,evaluated,0.5,0.0,0.75,0.7499999999999999,0.0,1.1102230246251565e-16,0.5,0.0,1.0,True,True,
5237288132460382,independent,0.5,evaluated,0.5,0.0,0.75,0.75,0.0,0.0,0.5,0.0,0.5,True,True,
5237288132460382,informative_unused,0.5,evaluated,0.5,0.5,0.75,0.7499999999999999,0.25,1.1102230246251565e-16,0.5,0.0,0.0,False,True,
5237288132460382,xor_public,0.5,evaluated,0.0,0.0,1.0,1.0,0.0,0.0,,,,False,True,
5237288132460382,hidden_irrelevant,0.5,evaluated,1.0,0.0,1.0,1.0,0.0,0.0,,,,True,True,
5237288132460382,symmetric_init,0.5,evaluated,0.5,0.0,0.75,0.75,0.0,0.0,0.5,0.0,0.5,True,True,
5614019080642791,identity,0.5,evaluated,0.5,0.5,1.0,0.7499999999999999,0.25,0.2500000000000001,0.5,1.0,0.0,False,True,
5614019080642791,noisy,0.5,evaluated,0.5,0.265502203205358,0.9500000000000002,0.7500000000000002,0.19999999999999996,0.19999999999999996,0.5,0.8,0.18,False,True,
5614019080642791,constant,0.5,evaluated,0.5,0.0,0.75,0.7499999999999999,0.0,1.1102230246251565e-16,0.5,0.0,1.0,True,True,
5614019080642791,independent,0.5,evaluated,0.5,0.0,0.7500000000000001,0.7500000000000002,0.0,-1.1102230246251565e-16,0.5,0.0,0.5,True,True,
5614019080642791,informative_unused,0.5,evaluated,0.5,0.5,0.75,0.7499999999999999,0.25,1.1102230246251565e-16,0.5,0.0,0.0,False,True,
5614019080642791,xor_public,0.5,evaluated,0.0,0.0,1.0,1.0,0.0,0.0,,,,False,True,
5614019080642791,hidden_irrelevant,0.5,evaluated,1.0,0.0,1.0,1.0,0.0,0.0,,,,True,True,
5614019080642791,symmetric_init,0.5,evaluated,0.5,0.0,0.75,0.75,0.0,0.0,0.5,0.0,0.5,True,True,
4934384933071958,identity,0.5,evaluated,0.5,0.5,1.0,0.7499999999999999,0.25,0.2500000000000001,0.5,1.0,0.0,False,True,
4934384933071958,noisy,0.5,evaluated,0.5,0.265502203205358,0.9500000000000002,0.7499999999999999,0.19999999999999996,0.2000000000000003,0.5,0.8,0.18,False,True,
4934384933071958,constant,0.5,evaluated,0.5,0.0,0.75,0.7499999999999999,0.0,1.1102230246251565e-16,0.5,0.0,1.0,True,True,
4934384933071958,independent,0.5,evaluated,0.5,0.0,0.75,0.75,0.0,0.0,0.5,0.0,0.5,True,True,
4934384933071958,informative_unused,0.5,evaluated,0.5,0.5,0.75,0.7499999999999999,0.25,1.1102230246251565e-16,0.5,0.0,0.0,False,True,
4934384933071958,xor_public,0.5,evaluated,0.0,0.0,1.0,1.0,0.0,0.0,,,,False,True,
4934384933071958,hidden_irrelevant,0.5,evaluated,1.0,0.3977841961423403,1.0,1.0,0.0,0.0,,,,False,True,
4934384933071958,symmetric_init,0.5,evaluated,0.5,0.0,0.75,0.75,0.0,0.0,0.5,0.0,0.5,True,True,
4790840323324970,identity,0.5,evaluated,0.5,0.5,1.0,0.75,0.25,0.25,0.5,1.0,0.0,False,True,
4790840323324970,noisy,0.5,evaluated,0.5,0.265502203205358,0.9500000000000002,0.7499999999999999,0.19999999999999996,0.2000000000000003,0.5,0.8,0.18,False,True,
4790840323324970,constant,0.5,evaluated,0.5,0.0,0.75,0.75,0.0,0.0,0.5,0.0,1.0,True,True,
4790840323324970,independent,0.5,evaluated,0.5,0.0,0.7500000000000001,0.75,0.0,1.1102230246251565e-16,0.5,0.0,0.5,True,True,
4790840323324970,informative_unused,0.5,evaluated,0.5,0.5,0.75,0.75,0.25,0.0,0.5,0.0,0.0,False,True,
4790840323324970,xor_public,0.5,evaluated,0.0,0.0,1.0,1.0,0.0,0.0,,,,True,True,
4790840323324970,hidden_irrelevant,0.5,evaluated,1.0,0.10742291042223018,1.0,1.0,0.0,0.0,,,,False,True,
4790840323324970,symmetric_init,0.5,evaluated,0.5,0.0,0.75,0.75,0.0,0.0,0.5,0.0,0.5,True,True,
8562323083606038,identity,0.5,evaluated,0.5,0.5,1.0,0.7500000000000001,0.25,0.2499999999999999,0.5,1.0,0.0,False,True,
8562323083606038,noisy,0.5,evaluated,0.5,0.265502203205358,0.9500000000000002,0.75,0.19999999999999996,0.20000000000000018,0.5,0.8,0.18,False,True,
8562323083606038,constant,0.5,evaluated,0.5,0.0,0.75,0.7500000000000001,0.0,-1.1102230246251565e-16,0.5,0.0,1.0,True,True,
8562323083606038,independent,0.5,evaluated,0.5,0.0,0.75,0.7499999999999998,0.0,2.220446049250313e-16,0.5,0.0,0.5,True,True,
8562323083606038,informative_unused,0.5,evaluated,0.5,0.5,0.75,0.7500000000000001,0.25,-1.1102230246251565e-16,0.5,0.0,0.0,False,True,
8562323083606038,xor_public,0.5,evaluated,0.0,0.0,1.0,1.0,0.0,0.0,,,,False,True,
8562323083606038,hidden_irrelevant,0.5,evaluated,1.0,0.0,1.0,1.0,0.0,0.0,,,,True,True,
8562323083606038,symmetric_init,0.5,evaluated,0.5,0.0,0.75,0.75,0.0,0.0,0.5,0.0,0.5,True,True,
6875954861080751,identity,0.5,evaluated,0.5,0.5,1.0,0.75,0.25,0.25,0.5,1.0,0.0,False,True,
6875954861080751,noisy,0.5,evaluated,0.5,0.265502203205358,0.9500000000000002,0.7500000000000001,0.19999999999999996,0.20000000000000007,0.5,0.8,0.18,False,True,
6875954861080751,constant,0.5,evaluated,0.5,0.0,0.7500000000000001,0.75,0.0,1.1102230246251565e-16,0.5,0.0,1.0,True,True,
6875954861080751,independent,0.5,evaluated,0.5,0.0,0.7499999999999999,0.75,0.0,-1.1102230246251565e-16,0.5,0.0,0.5,True,True,
6875954861080751,informative_unused,0.5,evaluated,0.5,0.5,0.75,0.75,0.25,0.0,0.5,0.0,0.0,False,True,
6875954861080751,xor_public,0.5,evaluated,0.0,0.0,1.0,1.0,0.0,0.0,,,,False,True,
6875954861080751,hidden_irrelevant,0.5,evaluated,1.0,0.19674634188481022,1.0,1.0,0.0,0.0,,,,False,True,
6875954861080751,symmetric_init,0.5,evaluated,0.5,0.0,0.75,0.75,0.0,0.0,0.5,0.0,0.5,True,True,
6420239234672243,identity,0.5,evaluated,0.5,0.5,1.0,0.75,0.25,0.25,0.5,1.0,0.0,False,True,
6420239234672243,noisy,0.5,evaluated,0.5,0.265502203205358,0.9500000000000002,0.7499999999999998,0.19999999999999996,0.2000000000000004,0.5,0.8,0.18,False,True,
6420239234672243,constant,0.5,evaluated,0.5,0.0,0.7500000000000001,0.75,0.0,1.1102230246251565e-16,0.5,0.0,1.0,True,True,
6420239234672243,independent,0.5,evaluated,0.5,0.0,0.7499999999999998,0.75,0.0,-2.220446049250313e-16,0.5,0.0,0.5,True,True,
6420239234672243,informative_unused,0.5,evaluated,0.5,0.5,0.75,0.75,0.25,0.0,0.5,0.0,0.0,False,True,
6420239234672243,xor_public,0.5,evaluated,0.0,0.0,1.0,1.0,0.0,0.0,,,,True,True,
6420239234672243,hidden_irrelevant,0.5,evaluated,1.0,1.1198047875295766e-05,1.0,1.0,0.0,0.0,,,,False,True,
6420239234672243,symmetric_init,0.5,evaluated,0.5,0.0,0.75,0.75,0.0,0.0,0.5,0.0,0.5,True,True,
6353591651743977,identity,0.5,evaluated,0.5,0.5,1.0,0.75,0.25,0.25,0.5,1.0,0.0,False,True,
6353591651743977,noisy,0.5,evaluated,0.5,0.265502203205358,0.9500000000000002,0.75,0.19999999999999996,0.20000000000000018,0.5,0.8,0.18,False,True,
6353591651743977,constant,0.5,evaluated,0.5,0.0,0.75,0.75,0.0,0.0,0.5,0.0,1.0,True,True,
6353591651743977,independent,0.5,evaluated,0.5,0.0,0.7499999999999999,0.75,0.0,-1.1102230246251565e-16,0.5,0.0,0.5,True,True,
6353591651743977,informative_unused,0.5,evaluated,0.5,0.5,0.75,0.75,0.25,0.0,0.5,0.0,0.0,False,True,
6353591651743977,xor_public,0.5,evaluated,0.0,0.0,1.0,1.0,0.0,0.0,,,,False,True,
6353591651743977,hidden_irrelevant,0.5,evaluated,1.0,0.0,1.0,1.0,0.0,0.0,,,,True,True,
6353591651743977,symmetric_init,0.5,evaluated,0.5,0.0,0.75,0.75,0.0,0.0,0.5,0.0,0.5,True,True,
4818320969196558,identity,0.5,evaluated,0.5,0.5,1.0,0.75,0.25,0.25,0.5,1.0,0.0,False,True,
4818320969196558,noisy,0.5,evaluated,0.5,0.265502203205358,0.9500000000000002,0.75,0.19999999999999996,0.20000000000000018,0.5,0.8,0.18,False,True,
4818320969196558,constant,0.5,evaluated,0.5,0.0,0.75,0.75,0.0,0.0,0.5,0.0,1.0,True,True,
4818320969196558,independent,0.5,evaluated,0.5,0.0,0.75,0.7500000000000002,0.0,-2.220446049250313e-16,0.5,0.0,0.5,True,True,
4818320969196558,informative_unused,0.5,evaluated,0.5,0.5,0.75,0.75,0.25,0.0,0.5,0.0,0.0,False,True,
4818320969196558,xor_public,0.5,evaluated,0.0,0.0,1.0,1.0,0.0,0.0,,,,False,True,
4818320969196558,hidden_irrelevant,0.5,evaluated,1.0,0.02614815586674043,1.0,1.0,-1.1102230246251565e-16,0.0,,,,False,True,
4818320969196558,symmetric_init,0.5,evaluated,0.5,0.0,0.75,0.75,0.0,0.0,0.5,0.0,0.5,True,True,
7606915053474295,identity,0.5,evaluated,0.5,0.5,1.0,0.7500000000000001,0.25,0.2499999999999999,0.5,1.0,0.0,False,True,
7606915053474295,noisy,0.5,evaluated,0.5,0.265502203205358,0.9500000000000002,0.7500000000000002,0.19999999999999996,0.19999999999999996,0.5,0.8,0.18,False,True,
7606915053474295,constant,0.5,evaluated,0.5,0.0,0.75,0.7500000000000001,0.0,-1.1102230246251565e-16,0.5,0.0,1.0,True,True,
7606915053474295,independent,0.5,evaluated,0.5,0.0,0.7499999999999999,0.75,0.0,-1.1102230246251565e-16,0.5,0.0,0.5,True,True,
7606915053474295,informative_unused,0.5,evaluated,0.5,0.5,0.75,0.7500000000000001,0.25,-1.1102230246251565e-16,0.5,0.0,0.0,False,True,
7606915053474295,xor_public,0.5,evaluated,0.0,0.0,1.0,1.0,0.0,0.0,,,,False,True,
7606915053474295,hidden_irrelevant,0.5,evaluated,1.0,0.0,1.0,1.0,0.0,0.0,,,,True,True,
7606915053474295,symmetric_init,0.5,evaluated,0.5,0.0,0.75,0.75,0.0,0.0,0.5,0.0,0.5,True,True,
5142173618644287,identity,0.5,evaluated,0.5,0.5,1.0,0.75,0.25,0.25,0.5,1.0,0.0,False,True,
5142173618644287,noisy,0.5,evaluated,0.5,0.265502203205358,0.9500000000000002,0.75,0.19999999999999996,0.20000000000000018,0.5,0.8,0.18,False,True,
5142173618644287,constant,0.5,evaluated,0.5,0.0,0.75,0.75,0.0,0.0,0.5,0.0,1.0,True,True,
5142173618644287,independent,0.5,evaluated,0.5,0.0,0.7499999999999999,0.7499999999999998,0.0,1.1102230246251565e-16,0.5,0.0,0.5,True,True,
5142173618644287,informative_unused,0.5,evaluated,0.5,0.5,0.75,0.75,0.25,0.0,0.5,0.0,0.0,False,True,
5142173618644287,xor_public,0.5,evaluated,0.0,0.0,1.0,1.0,0.0,0.0,,,,False,True,
5142173618644287,hidden_irrelevant,0.5,evaluated,1.0,0.21765462805799685,1.0,1.0,0.0,0.0,,,,False,True,
5142173618644287,symmetric_init,0.5,evaluated,0.5,0.0,0.75,0.75,0.0,0.0,0.5,0.0,0.5,True,True,
6884596317159359,identity,0.5,evaluated,0.5,0.5,1.0,0.75,0.25,0.25,0.5,1.0,0.0,False,True,
6884596317159359,noisy,0.5,evaluated,0.5,0.265502203205358,0.9500000000000002,0.7499999999999998,0.19999999999999996,0.2000000000000004,0.5,0.8,0.18,False,True,
6884596317159359,constant,0.5,evaluated,0.5,0.0,0.7500000000000001,0.75,0.0,1.1102230246251565e-16,0.5,0.0,1.0,True,True,
6884596317159359,independent,0.5,evaluated,0.5,0.0,0.75,0.75,0.0,0.0,0.5,0.0,0.5,True,True,
6884596317159359,informative_unused,0.5,evaluated,0.5,0.5,0.75,0.75,0.25,0.0,0.5,0.0,0.0,False,True,
6884596317159359,xor_public,0.5,evaluated,0.0,0.0,1.0,1.0,0.0,0.0,,,,False,True,
6884596317159359,hidden_irrelevant,0.5,evaluated,1.0,0.0,1.0,1.0,0.0,0.0,,,,True,True,
6884596317159359,symmetric_init,0.5,evaluated,0.5,0.0,0.75,0.75,0.0,0.0,0.5,0.0,0.5,True,True,
6270304174084236,identity,0.5,evaluated,0.5,0.5,1.0,0.7500000000000001,0.25,0.2499999999999999,0.5,1.0,0.0,False,True,
6270304174084236,noisy,0.5,evaluated,0.5,0.265502203205358,0.9500000000000002,0.7500000000000001,0.19999999999999996,0.20000000000000007,0.5,0.8,0.18,False,True,
6270304174084236,constant,0.5,evaluated,0.5,0.0,0.75,0.7500000000000001,0.0,-1.1102230246251565e-16,0.5,0.0,1.0,True,True,
6270304174084236,independent,0.5,evaluated,0.5,0.0,0.75,0.7499999999999998,0.0,2.220446049250313e-16,0.5,0.0,0.5,True,True,
6270304174084236,informative_unused,0.5,evaluated,0.5,0.5,0.75,0.7500000000000001,0.25,-1.1102230246251565e-16,0.5,0.0,0.0,False,True,
6270304174084236,xor_public,0.5,evaluated,0.0,0.0,1.0,1.0,0.0,0.0,,,,True,True,
6270304174084236,hidden_irrelevant,0.5,evaluated,1.0,0.04861210851435249,1.0,1.0,0.0,0.0,,,,False,True,
6270304174084236,symmetric_init,0.5,evaluated,0.5,0.0,0.75,0.75,0.0,0.0,0.5,0.0,0.5,True,True,
7481451381440495,identity,0.5,evaluated,0.5,0.5,1.0,0.7499999999999999,0.25,0.2500000000000001,0.5,1.0,0.0,False,True,
7481451381440495,noisy,0.5,evaluated,0.5,0.265502203205358,0.9500000000000002,0.7500000000000002,0.19999999999999996,0.19999999999999996,0.5,0.8,0.18,False,True,
7481451381440495,constant,0.5,evaluated,0.5,0.0,0.7500000000000001,0.7499999999999999,0.0,2.220446049250313e-16,0.5,0.0,1.0,True,True,
7481451381440495,independent,0.5,evaluated,0.5,0.0,0.75,0.7500000000000002,0.0,-2.220446049250313e-16,0.5,0.0,0.5,True,True,
7481451381440495,informative_unused,0.5,evaluated,0.5,0.5,0.75,0.7499999999999999,0.25,1.1102230246251565e-16,0.5,0.0,0.0,False,True,
7481451381440495,xor_public,0.5,evaluated,0.0,0.0,1.0,1.0,0.0,0.0,,,,False,True,
7481451381440495,hidden_irrelevant,0.5,evaluated,1.0,0.1781388623853296,1.0,1.0,0.0,0.0,,,,False,True,
7481451381440495,symmetric_init,0.5,evaluated,0.5,0.0,0.75,0.75,0.0,0.0,0.5,0.0,0.5,True,True,
8452055675080983,identity,0.5,evaluated,0.5,0.5,1.0,0.75,0.25,0.25,0.5,1.0,0.0,False,True,
8452055675080983,noisy,0.5,evaluated,0.5,0.265502203205358,0.9500000000000002,0.75,0.19999999999999996,0.20000000000000018,0.5,0.8,0.18,False,True,
8452055675080983,constant,0.5,evaluated,0.5,0.0,0.7499999999999999,0.75,0.0,-1.1102230246251565e-16,0.5,0.0,1.0,True,True,
8452055675080983,independent,0.5,evaluated,0.5,0.0,0.7499999999999999,0.7499999999999998,0.0,1.1102230246251565e-16,0.5,0.0,0.5,True,True,
8452055675080983,informative_unused,0.5,evaluated,0.5,0.5,0.75,0.75,0.25,0.0,0.5,0.0,0.0,False,True,
8452055675080983,xor_public,0.5,evaluated,0.0,0.0,1.0,1.0,0.0,0.0,,,,False,True,
8452055675080983,hidden_irrelevant,0.5,evaluated,1.0,0.20348770656878992,1.0,1.0,0.0,0.0,,,,False,True,
8452055675080983,symmetric_init,0.5,evaluated,0.5,0.0,0.75,0.75,0.0,0.0,0.5,0.0,0.5,True,True,
6964425690145252,identity,0.5,evaluated,0.5,0.5,1.0,0.75,0.25,0.25,0.5,1.0,0.0,False,True,
6964425690145252,noisy,0.5,evaluated,0.5,0.265502203205358,0.9500000000000002,0.7499999999999999,0.19999999999999996,0.2000000000000003,0.5,0.8,0.18,False,True,
6964425690145252,constant,0.5,evaluated,0.5,0.0,0.75,0.75,0.0,0.0,0.5,0.0,1.0,True,True,
6964425690145252,independent,0.5,evaluated,0.5,0.0,0.7499999999999999,0.75,0.0,-1.1102230246251565e-16,0.5,0.0,0.5,True,True,
6964425690145252,informative_unused,0.5,evaluated,0.5,0.5,0.75,0.75,0.25,0.0,0.5,0.0,0.0,False,True,
6964425690145252,xor_public,0.5,evaluated,0.0,0.0,1.0,1.0,0.0,0.0,,,,False,True,
6964425690145252,hidden_irrelevant,0.5,evaluated,1.0,0.0,1.0,1.0,0.0,0.0,,,,True,True,
6964425690145252,symmetric_init,0.5,evaluated,0.5,0.0,0.75,0.75,0.0,0.0,0.5,0.0,0.5,True,True,
5750132055120275,identity,0.5,evaluated,0.5,0.5,1.0,0.7499999999999999,0.25,0.2500000000000001,0.5,1.0,0.0,False,True,
5750132055120275,noisy,0.5,evaluated,0.5,0.265502203205358,0.9500000000000002,0.7499999999999999,0.19999999999999996,0.2000000000000003,0.5,0.8,0.18,False,True,
5750132055120275,constant,0.5,evaluated,0.5,0.0,0.7500000000000001,0.7499999999999999,0.0,2.220446049250313e-16,0.5,0.0,1.0,True,True,
5750132055120275,independent,0.5,evaluated,0.5,0.0,0.7499999999999999,0.75,0.0,-1.1102230246251565e-16,0.5,0.0,0.5,True,True,
5750132055120275,informative_unused,0.5,evaluated,0.5,0.5,0.75,0.7499999999999999,0.25,1.1102230246251565e-16,0.5,0.0,0.0,False,True,
5750132055120275,xor_public,0.5,evaluated,0.0,0.0,1.0,1.0,0.0,0.0,,,,False,True,
5750132055120275,hidden_irrelevant,0.5,evaluated,1.0,0.1567580443738567,1.0,1.0,0.0,0.0,,,,False,True,
5750132055120275,symmetric_init,0.5,evaluated,0.5,0.0,0.75,0.75,0.0,0.0,0.5,0.0,0.5,True,True,
6333791567046995,identity,0.5,evaluated,0.5,0.5,1.0,0.7500000000000001,0.25,0.2499999999999999,0.5,1.0,0.0,False,True,
6333791567046995,noisy,0.5,evaluated,0.5,0.265502203205358,0.9500000000000002,0.7500000000000002,0.19999999999999996,0.19999999999999996,0.5,0.8,0.18,False,True,
6333791567046995,constant,0.5,evaluated,0.5,0.0,0.75,0.7500000000000001,0.0,-1.1102230246251565e-16,0.5,0.0,1.0,True,True,
6333791567046995,independent,0.5,evaluated,0.5,0.0,0.75,0.7499999999999998,0.0,2.220446049250313e-16,0.5,0.0,0.5,True,True,
6333791567046995,informative_unused,0.5,evaluated,0.5,0.5,0.75,0.7500000000000001,0.25,-1.1102230246251565e-16,0.5,0.0,0.0,False,True,
6333791567046995,xor_public,0.5,evaluated,0.0,0.0,1.0,1.0,0.0,0.0,,,,False,True,
6333791567046995,hidden_irrelevant,0.5,evaluated,1.0,0.0,1.0,1.0,0.0,0.0,,,,True,True,
6333791567046995,symmetric_init,0.5,evaluated,0.5,0.0,0.75,0.75,0.0,0.0,0.5,0.0,0.5,True,True,
7641433606823482,identity,0.5,evaluated,0.5,0.5,1.0,0.75,0.25,0.25,0.5,1.0,0.0,False,True,
7641433606823482,noisy,0.5,evaluated,0.5,0.265502203205358,0.9500000000000002,0.75,0.19999999999999996,0.20000000000000018,0.5,0.8,0.18,False,True,
7641433606823482,constant,0.5,evaluated,0.5,0.0,0.7499999999999999,0.75,0.0,-1.1102230246251565e-16,0.5,0.0,1.0,True,True,
7641433606823482,independent,0.5,evaluated,0.5,0.0,0.7499999999999999,0.75,0.0,-1.1102230246251565e-16,0.5,0.0,0.5,True,True,
7641433606823482,informative_unused,0.5,evaluated,0.5,0.5,0.75,0.75,0.25,0.0,0.5,0.0,0.0,False,True,
7641433606823482,xor_public,0.5,evaluated,0.0,0.0,1.0,1.0,0.0,0.0,,,,False,True,
7641433606823482,hidden_irrelevant,0.5,evaluated,1.0,0.23931691195543575,1.0,1.0,0.0,0.0,,,,False,True,
7641433606823482,symmetric_init,0.5,evaluated,0.5,0.0,0.75,0.75,0.0,0.0,0.5,0.0,0.5,True,True,
4698310190310158,identity,0.5,evaluated,0.5,0.5,1.0,0.75,0.25,0.25,0.5,1.0,0.0,False,True,
4698310190310158,noisy,0.5,evaluated,0.5,0.265502203205358,0.9500000000000002,0.7500000000000001,0.19999999999999996,0.20000000000000007,0.5,0.8,0.18,False,True,
4698310190310158,constant,0.5,evaluated,0.5,0.0,0.75,0.75,0.0,0.0,0.5,0.0,1.0,True,True,
4698310190310158,independent,0.5,evaluated,0.5,0.0,0.7500000000000001,0.75,0.0,1.1102230246251565e-16,0.5,0.0,0.5,True,True,
4698310190310158,informative_unused,0.5,evaluated,0.5,0.5,0.75,0.75,0.25,0.0,0.5,0.0,0.0,False,True,
4698310190310158,xor_public,0.5,evaluated,0.0,0.0,1.0,1.0,0.0,0.0,,,,False,True,
4698310190310158,hidden_irrelevant,0.5,evaluated,1.0,0.0,1.0,1.0,0.0,0.0,,,,True,True,
4698310190310158,symmetric_init,0.5,evaluated,0.5,0.0,0.75,0.75,0.0,0.0,0.5,0.0,0.5,True,True,
7094412891744514,identity,0.5,evaluated,0.5,0.5,1.0,0.75,0.25,0.25,0.5,1.0,0.0,False,True,
7094412891744514,noisy,0.5,evaluated,0.5,0.265502203205358,0.9500000000000002,0.7500000000000002,0.19999999999999996,0.19999999999999996,0.5,0.8,0.18,False,True,
7094412891744514,constant,0.5,evaluated,0.5,0.0,0.75,0.75,0.0,0.0,0.5,0.0,1.0,True,True,
7094412891744514,independent,0.5,evaluated,0.5,0.0,0.75,0.75,0.0,0.0,0.5,0.0,0.5,True,True,
7094412891744514,informative_unused,0.5,evaluated,0.5,0.5,0.75,0.75,0.25,0.0,0.5,0.0,0.0,False,True,
7094412891744514,xor_public,0.5,evaluated,0.0,0.0,1.0,1.0,0.0,0.0,,,,False,True,
7094412891744514,hidden_irrelevant,0.5,evaluated,1.0,0.2039522473874829,1.0,1.0,0.0,0.0,,,,False,True,
7094412891744514,symmetric_init,0.5,evaluated,0.5,0.0,0.75,0.75,0.0,0.0,0.5,0.0,0.5,True,True,
7860141675666047,identity,0.5,evaluated,0.5,0.5,1.0,0.75,0.25,0.25,0.5,1.0,0.0,False,True,
7860141675666047,noisy,0.5,evaluated,0.5,0.265502203205358,0.9500000000000002,0.75,0.19999999999999996,0.20000000000000018,0.5,0.8,0.18,False,True,
7860141675666047,constant,0.5,evaluated,0.5,0.0,0.75,0.75,0.0,0.0,0.5,0.0,1.0,True,True,
7860141675666047,independent,0.5,evaluated,0.5,0.0,0.75,0.75,0.0,0.0,0.5,0.0,0.5,True,True,
7860141675666047,informative_unused,0.5,evaluated,0.5,0.5,0.75,0.75,0.25,0.0,0.5,0.0,0.0,False,True,
7860141675666047,xor_public,0.5,evaluated,0.0,0.0,1.0,1.0,0.0,0.0,,,,False,True,
7860141675666047,hidden_irrelevant,0.5,evaluated,1.0,0.054371838978160184,1.0,1.0,0.0,0.0,,,,False,True,
7860141675666047,symmetric_init,0.5,evaluated,0.5,0.0,0.75,0.75,0.0,0.0,0.5,0.0,0.5,True,True,
6772378719318241,identity,0.5,evaluated,0.5,0.5,1.0,0.75,0.25,0.25,0.5,1.0,0.0,False,True,
6772378719318241,noisy,0.5,evaluated,0.5,0.265502203205358,0.9500000000000002,0.75,0.19999999999999996,0.20000000000000018,0.5,0.8,0.18,False,True,
6772378719318241,constant,0.5,evaluated,0.5,0.0,0.75,0.75,0.0,0.0,0.5,0.0,1.0,True,True,
6772378719318241,independent,0.5,evaluated,0.5,0.0,0.7500000000000001,0.7499999999999998,0.0,3.3306690738754696e-16,0.5,0.0,0.5,True,True,
6772378719318241,informative_unused,0.5,evaluated,0.5,0.5,0.75,0.75,0.25,0.0,0.5,0.0,0.0,False,True,
6772378719318241,xor_public,0.5,evaluated,0.0,0.0,1.0,1.0,0.0,0.0,,,,True,True,
6772378719318241,hidden_irrelevant,0.5,evaluated,1.0,0.0,1.0,1.0,0.0,0.0,,,,True,True,
6772378719318241,symmetric_init,0.5,evaluated,0.5,0.0,0.75,0.75,0.0,0.0,0.5,0.0,0.5,True,True,
8768594457502673,identity,0.5,evaluated,0.5,0.5,1.0,0.75,0.25,0.25,0.5,1.0,0.0,False,True,
8768594457502673,noisy,0.5,evaluated,0.5,0.265502203205358,0.9500000000000002,0.7499999999999999,0.19999999999999996,0.2000000000000003,0.5,0.8,0.18,False,True,
8768594457502673,constant,0.5,evaluated,0.5,0.0,0.75,0.75,0.0,0.0,0.5,0.0,1.0,True,True,
8768594457502673,independent,0.5,evaluated,0.5,0.0,0.75,0.75,0.0,0.0,0.5,0.0,0.5,True,True,
8768594457502673,informative_unused,0.5,evaluated,0.5,0.5,0.75,0.75,0.25,0.0,0.5,0.0,0.0,False,True,
8768594457502673,xor_public,0.5,evaluated,0.0,0.0,1.0,1.0,0.0,0.0,,,,True,True,
8768594457502673,hidden_irrelevant,0.5,evaluated,1.0,0.01837470547418995,1.0,1.0,0.0,0.0,,,,False,True,
8768594457502673,symmetric_init,0.5,evaluated,0.5,0.0,0.75,0.75,0.0,0.0,0.5,0.0,0.5,True,True,
5692464517576902,identity,0.5,evaluated,0.5,0.5,1.0,0.75,0.25,0.25,0.5,1.0,0.0,False,True,
5692464517576902,noisy,0.5,evaluated,0.5,0.265502203205358,0.9500000000000002,0.7500000000000002,0.19999999999999996,0.19999999999999996,0.5,0.8,0.18,False,True,
5692464517576902,constant,0.5,evaluated,0.5,0.0,0.75,0.75,0.0,0.0,0.5,0.0,1.0,True,True,
5692464517576902,independent,0.5,evaluated,0.5,0.0,0.7499999999999998,0.7500000000000002,0.0,-4.440892098500626e-16,0.5,0.0,0.5,True,True,
5692464517576902,informative_unused,0.5,evaluated,0.5,0.5,0.75,0.75,0.25,0.0,0.5,0.0,0.0,False,True,
5692464517576902,xor_public,0.5,evaluated,0.0,0.0,1.0,1.0,0.0,0.0,,,,False,True,
5692464517576902,hidden_irrelevant,0.5,evaluated,1.0,0.04859020696218457,1.0,1.0,0.0,0.0,,,,False,True,
5692464517576902,symmetric_init,0.5,evaluated,0.5,0.0,0.75,0.75,0.0,0.0,0.5,0.0,0.5,True,True,
7159977888392605,identity,0.5,evaluated,0.5,0.5,1.0,0.75,0.25,0.25,0.5,1.0,0.0,False,True,
7159977888392605,noisy,0.5,evaluated,0.5,0.265502203205358,0.9500000000000002,0.7500000000000001,0.19999999999999996,0.20000000000000007,0.5,0.8,0.18,False,True,
7159977888392605,constant,0.5,evaluated,0.5,0.0,0.75,0.75,0.0,0.0,0.5,0.0,1.0,True,True,
7159977888392605,independent,0.5,evaluated,0.5,0.0,0.75,0.7499999999999998,0.0,2.220446049250313e-16,0.5,0.0,0.5,True,True,
7159977888392605,informative_unused,0.5,evaluated,0.5,0.5,0.75,0.75,0.25,0.0,0.5,0.0,0.0,False,True,
7159977888392605,xor_public,0.5,evaluated,0.0,0.0,1.0,1.0,0.0,0.0,,,,True,True,
7159977888392605,hidden_irrelevant,0.5,evaluated,1.0,0.0,1.0,1.0,0.0,0.0,,,,True,True,
7159977888392605,symmetric_init,0.5,evaluated,0.5,0.0,0.75,0.75,0.0,0.0,0.5,0.0,0.5,True,True,
7991443594238758,identity,0.5,evaluated,0.5,0.5,1.0,0.75,0.25,0.25,0.5,1.0,0.0,False,True,
7991443594238758,noisy,0.5,evaluated,0.5,0.265502203205358,0.9500000000000002,0.7500000000000001,0.19999999999999996,0.20000000000000007,0.5,0.8,0.18,False,True,
7991443594238758,constant,0.5,evaluated,0.5,0.0,0.75,0.75,0.0,0.0,0.5,0.0,1.0,True,True,
7991443594238758,independent,0.5,evaluated,0.5,0.0,0.75,0.75,0.0,0.0,0.5,0.0,0.5,True,True,
7991443594238758,informative_unused,0.5,evaluated,0.5,0.5,0.75,0.75,0.25,0.0,0.5,0.0,0.0,False,True,
7991443594238758,xor_public,0.5,evaluated,0.0,0.0,1.0,1.0,0.0,0.0,,,,False,True,
7991443594238758,hidden_irrelevant,0.5,evaluated,1.0,0.17659029421168465,1.0,1.0,0.0,0.0,,,,False,True,
7991443594238758,symmetric_init,0.5,evaluated,0.5,0.0,0.75,0.75,0.0,0.0,0.5,0.0,0.5,True,True,
6520411146449079,identity,0.5,evaluated,0.5,0.5,1.0,0.75,0.25,0.25,0.5,1.0,0.0,False,True,
6520411146449079,noisy,0.5,evaluated,0.5,0.265502203205358,0.9500000000000002,0.7500000000000002,0.19999999999999996,0.19999999999999996,0.5,0.8,0.18,False,True,
6520411146449079,constant,0.5,evaluated,0.5,0.0,0.75,0.75,0.0,0.0,0.5,0.0,1.0,True,True,
6520411146449079,independent,0.5,evaluated,0.5,0.0,0.75,0.75,0.0,0.0,0.5,0.0,0.5,True,True,
6520411146449079,informative_unused,0.5,evaluated,0.5,0.5,0.75,0.75,0.25,0.0,0.5,0.0,0.0,False,True,
6520411146449079,xor_public,0.5,evaluated,0.0,0.0,1.0,1.0,0.0,0.0,,,,False,True,
6520411146449079,hidden_irrelevant,0.5,evaluated,1.0,0.002536707822965105,1.0,1.0,0.0,0.0,,,,False,True,
6520411146449079,symmetric_init,0.5,evaluated,0.5,0.0,0.75,0.75,0.0,0.0,0.5,0.0,0.5,True,True,
8217813976253901,identity,0.5,evaluated,0.5,0.5,1.0,0.7500000000000001,0.25,0.2499999999999999,0.5,1.0,0.0,False,True,
8217813976253901,noisy,0.5,evaluated,0.5,0.265502203205358,0.9500000000000002,0.7500000000000002,0.19999999999999996,0.19999999999999996,0.5,0.8,0.18,False,True,
8217813976253901,constant,0.5,evaluated,0.5,0.0,0.75,0.7500000000000001,0.0,-1.1102230246251565e-16,0.5,0.0,1.0,True,True,
8217813976253901,independent,0.5,evaluated,0.5,0.0,0.75,0.7499999999999998,0.0,2.220446049250313e-16,0.5,0.0,0.5,True,True,
8217813976253901,informative_unused,0.5,evaluated,0.5,0.5,0.75,0.7500000000000001,0.25,-1.1102230246251565e-16,0.5,0.0,0.0,False,True,
8217813976253901,xor_public,0.5,evaluated,0.0,0.0,1.0,1.0,0.0,0.0,,,,False,True,
8217813976253901,hidden_irrelevant,0.5,evaluated,1.0,0.10770000574149366,1.0,1.0,0.0,0.0,,,,False,True,
8217813976253901,symmetric_init,0.5,evaluated,0.5,0.0,0.75,0.75,0.0,0.0,0.5,0.0,0.5,True,True,
5414212147330063,identity,0.5,evaluated,0.5,0.5,1.0,0.75,0.25,0.25,0.5,1.0,0.0,False,True,
5414212147330063,noisy,0.5,evaluated,0.5,0.265502203205358,0.9500000000000002,0.75,0.19999999999999996,0.20000000000000018,0.5,0.8,0.18,False,True,
5414212147330063,constant,0.5,evaluated,0.5,0.0,0.75,0.75,0.0,0.0,0.5,0.0,1.0,True,True,
5414212147330063,independent,0.5,evaluated,0.5,0.0,0.7500000000000001,0.75,0.0,1.1102230246251565e-16,0.5,0.0,0.5,True,True,
5414212147330063,informative_unused,0.5,evaluated,0.5,0.5,0.75,0.75,0.25,0.0,0.5,0.0,0.0,False,True,
5414212147330063,xor_public,0.5,evaluated,0.0,0.0,1.0,1.0,0.0,0.0,,,,True,True,
5414212147330063,hidden_irrelevant,0.5,evaluated,1.0,0.040478224599055555,1.0,1.0,0.0,0.0,,,,False,True,
5414212147330063,symmetric_init,0.5,evaluated,0.5,0.0,0.75,0.75,0.0,0.0,0.5,0.0,0.5,True,True,
5848428021678382,identity,0.5,evaluated,0.5,0.5,1.0,0.75,0.25,0.25,0.5,1.0,0.0,False,True,
5848428021678382,noisy,0.5,evaluated,0.5,0.265502203205358,0.9500000000000002,0.7499999999999999,0.19999999999999996,0.2000000000000003,0.5,0.8,0.18,False,True,
5848428021678382,constant,0.5,evaluated,0.5,0.0,0.75,0.75,0.0,0.0,0.5,0.0,1.0,True,True,
5848428021678382,independent,0.5,evaluated,0.5,0.0,0.7499999999999998,0.7500000000000002,0.0,-4.440892098500626e-16,0.5,0.0,0.5,True,True,
5848428021678382,informative_unused,0.5,evaluated,0.5,0.5,0.75,0.75,0.25,0.0,0.5,0.0,0.0,False,True,
5848428021678382,xor_public,0.5,evaluated,0.0,0.0,1.0,1.0,0.0,0.0,,,,False,True,
5848428021678382,hidden_irrelevant,0.5,evaluated,1.0,0.14696086651788298,1.0,1.0,0.0,0.0,,,,False,True,
5848428021678382,symmetric_init,0.5,evaluated,0.5,0.0,0.75,0.75,0.0,0.0,0.5,0.0,0.5,True,True,
5943619528915862,identity,0.5,evaluated,0.5,0.5,1.0,0.7500000000000001,0.25,0.2499999999999999,0.5,1.0,0.0,False,True,
5943619528915862,noisy,0.5,evaluated,0.5,0.265502203205358,0.9500000000000002,0.7500000000000002,0.19999999999999996,0.19999999999999996,0.5,0.8,0.18,False,True,
5943619528915862,constant,0.5,evaluated,0.5,0.0,0.75,0.7500000000000001,0.0,-1.1102230246251565e-16,0.5,0.0,1.0,True,True,
5943619528915862,independent,0.5,evaluated,0.5,0.0,0.7500000000000002,0.75,0.0,2.220446049250313e-16,0.5,0.0,0.5,True,True,
5943619528915862,informative_unused,0.5,evaluated,0.5,0.5,0.75,0.7500000000000001,0.25,-1.1102230246251565e-16,0.5,0.0,0.0,False,True,
5943619528915862,xor_public,0.5,evaluated,0.0,0.0,1.0,1.0,0.0,0.0,,,,False,True,
5943619528915862,hidden_irrelevant,0.5,evaluated,1.0,0.015575706649531847,1.0,1.0,0.0,0.0,,,,False,True,
5943619528915862,symmetric_init,0.5,evaluated,0.5,0.0,0.75,0.75,0.0,0.0,0.5,0.0,0.5,True,True,
6481769790158853,identity,0.5,evaluated,0.5,0.5,1.0,0.7499999999999999,0.25,0.2500000000000001,0.5,1.0,0.0,False,True,
6481769790158853,noisy,0.5,evaluated,0.5,0.265502203205358,0.9500000000000002,0.7500000000000001,0.19999999999999996,0.20000000000000007,0.5,0.8,0.18,False,True,
6481769790158853,constant,0.5,evaluated,0.5,0.0,0.75,0.7499999999999999,0.0,1.1102230246251565e-16,0.5,0.0,1.0,True,True,
6481769790158853,independent,0.5,evaluated,0.5,0.0,0.7500000000000001,0.7500000000000002,0.0,-1.1102230246251565e-16,0.5,0.0,0.5,True,True,
6481769790158853,informative_unused,0.5,evaluated,0.5,0.5,0.75,0.7499999999999999,0.25,1.1102230246251565e-16,0.5,0.0,0.0,False,True,
6481769790158853,xor_public,0.5,evaluated,0.0,0.0,1.0,1.0,0.0,0.0,,,,False,True,
6481769790158853,hidden_irrelevant,0.5,evaluated,1.0,0.13322767991067985,1.0,1.0,-1.1102230246251565e-16,0.0,,,,False,True,
6481769790158853,symmetric_init,0.5,evaluated,0.5,0.0,0.75,0.75,0.0,0.0,0.5,0.0,0.5,True,True,
6387549873733718,identity,0.5,evaluated,0.5,0.5,1.0,0.75,0.25,0.25,0.5,1.0,0.0,False,True,
6387549873733718,noisy,0.5,evaluated,0.5,0.265502203205358,0.9500000000000002,0.7500000000000001,0.19999999999999996,0.20000000000000007,0.5,0.8,0.18,False,True,
6387549873733718,constant,0.5,evaluated,0.5,0.0,0.75,0.75,0.0,0.0,0.5,0.0,1.0,True,True,
6387549873733718,independent,0.5,evaluated,0.5,0.0,0.75,0.75,0.0,0.0,0.5,0.0,0.5,True,True,
6387549873733718,informative_unused,0.5,evaluated,0.5,0.5,0.75,0.75,0.25,0.0,0.5,0.0,0.0,False,True,
6387549873733718,xor_public,0.5,evaluated,0.0,0.0,1.0,1.0,0.0,0.0,,,,False,True,
6387549873733718,hidden_irrelevant,0.5,evaluated,1.0,0.08159109134237769,1.0,1.0,0.0,0.0,,,,False,True,
6387549873733718,symmetric_init,0.5,evaluated,0.5,0.0,0.75,0.75,0.0,0.0,0.5,0.0,0.5,True,True,
5673474216335170,identity,0.5,evaluated,0.5,0.5,1.0,0.75,0.25,0.25,0.5,1.0,0.0,False,True,
5673474216335170,noisy,0.5,evaluated,0.5,0.265502203205358,0.9500000000000002,0.7500000000000002,0.19999999999999996,0.19999999999999996,0.5,0.8,0.18,False,True,
5673474216335170,constant,0.5,evaluated,0.5,0.0,0.75,0.75,0.0,0.0,0.5,0.0,1.0,True,True,
5673474216335170,independent,0.5,evaluated,0.5,0.0,0.7499999999999998,0.7499999999999998,0.0,0.0,0.5,0.0,0.5,True,True,
5673474216335170,informative_unused,0.5,evaluated,0.5,0.5,0.75,0.75,0.25,0.0,0.5,0.0,0.0,False,True,
5673474216335170,xor_public,0.5,evaluated,0.0,0.0,1.0,1.0,0.0,0.0,,,,False,True,
5673474216335170,hidden_irrelevant,0.5,evaluated,1.0,0.34261828132639804,1.0,1.0,0.0,0.0,,,,False,True,
5673474216335170,symmetric_init,0.5,evaluated,0.5,0.0,0.75,0.75,0.0,0.0,0.5,0.0,0.5,True,True,
7629253261357608,identity,0.5,evaluated,0.5,0.5,1.0,0.75,0.25,0.25,0.5,1.0,0.0,False,True,
7629253261357608,noisy,0.5,evaluated,0.5,0.265502203205358,0.9500000000000002,0.75,0.19999999999999996,0.20000000000000018,0.5,0.8,0.18,False,True,
7629253261357608,constant,0.5,evaluated,0.5,0.0,0.75,0.75,0.0,0.0,0.5,0.0,1.0,True,True,
7629253261357608,independent,0.5,evaluated,0.5,0.0,0.75,0.75,0.0,0.0,0.5,0.0,0.5,True,True,
7629253261357608,informative_unused,0.5,evaluated,0.5,0.5,0.75,0.75,0.25,0.0,0.5,0.0,0.0,False,True,
7629253261357608,xor_public,0.5,evaluated,0.0,0.0,1.0,1.0,0.0,0.0,,,,False,True,
7629253261357608,hidden_irrelevant,0.5,evaluated,1.0,0.0661984772385941,1.0,1.0,0.0,0.0,,,,False,True,
7629253261357608,symmetric_init,0.5,evaluated,0.5,0.0,0.75,0.75,0.0,0.0,0.5,0.0,0.5,True,True,
6655473910103985,identity,0.5,evaluated,0.5,0.5,1.0,0.7500000000000001,0.25,0.2499999999999999,0.5,1.0,0.0,False,True,
6655473910103985,noisy,0.5,evaluated,0.5,0.265502203205358,0.9500000000000002,0.75,0.19999999999999996,0.20000000000000018,0.5,0.8,0.18,False,True,
6655473910103985,constant,0.5,evaluated,0.5,0.0,0.75,0.7500000000000001,0.0,-1.1102230246251565e-16,0.5,0.0,1.0,True,True,
6655473910103985,independent,0.5,evaluated,0.5,0.0,0.75,0.7499999999999998,0.0,2.220446049250313e-16,0.5,0.0,0.5,True,True,
6655473910103985,informative_unused,0.5,evaluated,0.5,0.5,0.75,0.7500000000000001,0.25,-1.1102230246251565e-16,0.5,0.0,0.0,False,True,
6655473910103985,xor_public,0.5,evaluated,0.0,0.0,1.0,1.0,0.0,0.0,,,,False,True,
6655473910103985,hidden_irrelevant,0.5,evaluated,1.0,0.011265055305951358,1.0,1.0,0.0,0.0,,,,False,True,
6655473910103985,symmetric_init,0.5,evaluated,0.5,0.0,0.75,0.75,0.0,0.0,0.5,0.0,0.5,True,True,
5520618229191877,identity,0.5,evaluated,0.5,0.5,1.0,0.7500000000000001,0.25,0.2499999999999999,0.5,1.0,0.0,False,True,
5520618229191877,noisy,0.5,evaluated,0.5,0.265502203205358,0.9500000000000002,0.7500000000000001,0.19999999999999996,0.20000000000000007,0.5,0.8,0.18,False,True,
5520618229191877,constant,0.5,evaluated,0.5,0.0,0.75,0.7500000000000001,0.0,-1.1102230246251565e-16,0.5,0.0,1.0,True,True,
5520618229191877,independent,0.5,evaluated,0.5,0.0,0.75,0.7499999999999998,0.0,2.220446049250313e-16,0.5,0.0,0.5,True,True,
5520618229191877,informative_unused,0.5,evaluated,0.5,0.5,0.75,0.7500000000000001,0.25,-1.1102230246251565e-16,0.5,0.0,0.0,False,True,
5520618229191877,xor_public,0.5,evaluated,0.0,0.0,1.0,1.0,0.0,0.0,,,,False,True,
5520618229191877,hidden_irrelevant,0.5,evaluated,1.0,6.049655974341194e-06,1.0,1.0,0.0,0.0,,,,False,True,
5520618229191877,symmetric_init,0.5,evaluated,0.5,0.0,0.75,0.75,0.0,0.0,0.5,0.0,0.5,True,True,
4694475426462073,identity,0.5,evaluated,0.5,0.5,1.0,0.7500000000000001,0.25,0.2499999999999999,0.5,1.0,0.0,False,True,
4694475426462073,noisy,0.5,evaluated,0.5,0.265502203205358,0.9500000000000002,0.7499999999999999,0.19999999999999996,0.2000000000000003,0.5,0.8,0.18,False,True,
4694475426462073,constant,0.5,evaluated,0.5,0.0,0.75,0.7500000000000001,0.0,-1.1102230246251565e-16,0.5,0.0,1.0,True,True,
4694475426462073,independent,0.5,evaluated,0.5,0.0,0.7500000000000001,0.7499999999999998,0.0,3.3306690738754696e-16,0.5,0.0,0.5,True,True,
4694475426462073,informative_unused,0.5,evaluated,0.5,0.5,0.75,0.7500000000000001,0.25,-1.1102230246251565e-16,0.5,0.0,0.0,False,True,
4694475426462073,xor_public,0.5,evaluated,0.0,0.0,1.0,1.0,0.0,0.0,,,,False,True,
4694475426462073,hidden_irrelevant,0.5,evaluated,1.0,0.07626291517609676,1.0,1.0,0.0,0.0,,,,False,True,
4694475426462073,symmetric_init,0.5,evaluated,0.5,0.0,0.75,0.75,0.0,0.0,0.5,0.0,0.5,True,True,
6110420089429457,identity,0.5,evaluated,0.5,0.5,1.0,0.75,0.25,0.25,0.5,1.0,0.0,False,True,
6110420089429457,noisy,0.5,evaluated,0.5,0.265502203205358,0.9500000000000002,0.7500000000000001,0.19999999999999996,0.20000000000000007,0.5,0.8,0.18,False,True,
6110420089429457,constant,0.5,evaluated,0.5,0.0,0.75,0.75,0.0,0.0,0.5,0.0,1.0,True,True,
6110420089429457,independent,0.5,evaluated,0.5,0.0,0.75,0.75,0.0,0.0,0.5,0.0,0.5,True,True,
6110420089429457,informative_unused,0.5,evaluated,0.5,0.5,0.75,0.75,0.25,0.0,0.5,0.0,0.0,False,True,
6110420089429457,xor_public,0.5,evaluated,0.0,0.0,1.0,1.0,0.0,0.0,,,,True,True,
6110420089429457,hidden_irrelevant,0.5,evaluated,1.0,5.624689231338315e-06,1.0,1.0,0.0,0.0,,,,False,True,
6110420089429457,symmetric_init,0.5,evaluated,0.5,0.0,0.75,0.75,0.0,0.0,0.5,0.0,0.5,True,True,
7994176069948949,identity,0.5,evaluated,0.5,0.5,1.0,0.75,0.25,0.25,0.5,1.0,0.0,False,True,
7994176069948949,noisy,0.5,evaluated,0.5,0.265502203205358,0.9500000000000002,0.7499999999999998,0.19999999999999996,0.2000000000000004,0.5,0.8,0.18,False,True,
7994176069948949,constant,0.5,evaluated,0.5,0.0,0.75,0.75,0.0,0.0,0.5,0.0,1.0,True,True,
7994176069948949,independent,0.5,evaluated,0.5,0.0,0.75,0.75,0.0,0.0,0.5,0.0,0.5,True,True,
7994176069948949,informative_unused,0.5,evaluated,0.5,0.5,0.75,0.75,0.25,0.0,0.5,0.0,0.0,False,True,
7994176069948949,xor_public,0.5,evaluated,0.0,0.0,1.0,1.0,0.0,0.0,,,,False,True,
7994176069948949,hidden_irrelevant,0.5,evaluated,1.0,0.02298375253881163,1.0,1.0,0.0,0.0,,,,False,True,
7994176069948949,symmetric_init,0.5,evaluated,0.5,0.0,0.75,0.75,0.0,0.0,0.5,0.0,0.5,True,True,
6284178634504888,identity,0.5,evaluated,0.5,0.5,1.0,0.7499999999999999,0.25,0.2500000000000001,0.5,1.0,0.0,False,True,
6284178634504888,noisy,0.5,evaluated,0.5,0.265502203205358,0.9500000000000002,0.75,0.19999999999999996,0.20000000000000018,0.5,0.8,0.18,False,True,
6284178634504888,constant,0.5,evaluated,0.5,0.0,0.75,0.7499999999999999,0.0,1.1102230246251565e-16,0.5,0.0,1.0,True,True,
6284178634504888,independent,0.5,evaluated,0.5,0.0,0.7500000000000002,0.75,0.0,2.220446049250313e-16,0.5,0.0,0.5,True,True,
6284178634504888,informative_unused,0.5,evaluated,0.5,0.5,0.75,0.7499999999999999,0.25,1.1102230246251565e-16,0.5,0.0,0.0,False,True,
6284178634504888,xor_public,0.5,evaluated,0.0,0.0,1.0,1.0,0.0,0.0,,,,False,True,
6284178634504888,hidden_irrelevant,0.5,evaluated,1.0,0.3731761376922724,1.0,1.0,0.0,0.0,,,,False,True,
6284178634504888,symmetric_init,0.5,evaluated,0.5,0.0,0.75,0.75,0.0,0.0,0.5,0.0,0.5,True,True,
5785000697446952,identity,0.5,evaluated,0.5,0.5,1.0,0.75,0.25,0.25,0.5,1.0,0.0,False,True,
5785000697446952,noisy,0.5,evaluated,0.5,0.265502203205358,0.9500000000000002,0.75,0.19999999999999996,0.20000000000000018,0.5,0.8,0.18,False,True,
5785000697446952,constant,0.5,evaluated,0.5,0.0,0.75,0.75,0.0,0.0,0.5,0.0,1.0,True,True,
5785000697446952,independent,0.5,evaluated,0.5,0.0,0.75,0.7500000000000002,0.0,-2.220446049250313e-16,0.5,0.0,0.5,True,True,
5785000697446952,informative_unused,0.5,evaluated,0.5,0.5,0.75,0.75,0.25,0.0,0.5,0.0,0.0,False,True,
5785000697446952,xor_public,0.5,evaluated,0.0,0.0,1.0,1.0,0.0,0.0,,,,False,True,
5785000697446952,hidden_irrelevant,0.5,evaluated,1.0,0.13681035925257848,1.0,1.0,0.0,0.0,,,,False,True,
5785000697446952,symmetric_init,0.5,evaluated,0.5,0.0,0.75,0.75,0.0,0.0,0.5,0.0,0.5,True,True,
6461638153917512,identity,0.5,evaluated,0.5,0.5,1.0,0.75,0.25,0.25,0.5,1.0,0.0,False,True,
6461638153917512,noisy,0.5,evaluated,0.5,0.265502203205358,0.9500000000000002,0.7499999999999999,0.19999999999999996,0.2000000000000003,0.5,0.8,0.18,False,True,
6461638153917512,constant,0.5,evaluated,0.5,0.0,0.75,0.75,0.0,0.0,0.5,0.0,1.0,True,True,
6461638153917512,independent,0.5,evaluated,0.5,0.0,0.7500000000000001,0.75,0.0,1.1102230246251565e-16,0.5,0.0,0.5,True,True,
6461638153917512,informative_unused,0.5,evaluated,0.5,0.5,0.75,0.75,0.25,0.0,0.5,0.0,0.0,False,True,
6461638153917512,xor_public,0.5,evaluated,0.0,0.0,1.0,1.0,0.0,0.0,,,,False,True,
6461638153917512,hidden_irrelevant,0.5,evaluated,1.0,0.09510829274749283,1.0,1.0,0.0,0.0,,,,False,True,
6461638153917512,symmetric_init,0.5,evaluated,0.5,0.0,0.75,0.75,0.0,0.0,0.5,0.0,0.5,True,True,
6986018626100690,identity,0.5,evaluated,0.5,0.5,1.0,0.75,0.25,0.25,0.5,1.0,0.0,False,True,
6986018626100690,noisy,0.5,evaluated,0.5,0.265502203205358,0.9500000000000002,0.75,0.19999999999999996,0.20000000000000018,0.5,0.8,0.18,False,True,
6986018626100690,constant,0.5,evaluated,0.5,0.0,0.75,0.75,0.0,0.0,0.5,0.0,1.0,True,True,
6986018626100690,independent,0.5,evaluated,0.5,0.0,0.7500000000000001,0.75,0.0,1.1102230246251565e-16,0.5,0.0,0.5,True,True,
6986018626100690,informative_unused,0.5,evaluated,0.5,0.5,0.75,0.75,0.25,0.0,0.5,0.0,0.0,False,True,
6986018626100690,xor_public,0.5,evaluated,0.0,0.0,1.0,1.0,0.0,0.0,,,,True,True,
6986018626100690,hidden_irrelevant,0.5,evaluated,1.0,0.006206905552025611,1.0,1.0,0.0,0.0,,,,False,True,
6986018626100690,symmetric_init,0.5,evaluated,0.5,0.0,0.75,0.75,0.0,0.0,0.5,0.0,0.5,True,True,
7537474338073472,identity,0.5,evaluated,0.5,0.5,1.0,0.75,0.25,0.25,0.5,1.0,0.0,False,True,
7537474338073472,noisy,0.5,evaluated,0.5,0.265502203205358,0.9500000000000002,0.7500000000000001,0.19999999999999996,0.20000000000000007,0.5,0.8,0.18,False,True,
7537474338073472,constant,0.5,evaluated,0.5,0.0,0.75,0.75,0.0,0.0,0.5,0.0,1.0,True,True,
7537474338073472,independent,0.5,evaluated,0.5,0.0,0.7499999999999999,0.75,0.0,-1.1102230246251565e-16,0.5,0.0,0.5,True,True,
7537474338073472,informative_unused,0.5,evaluated,0.5,0.5,0.75,0.75,0.25,0.0,0.5,0.0,0.0,False,True,
7537474338073472,xor_public,0.5,evaluated,0.0,0.0,1.0,1.0,0.0,0.0,,,,True,True,
7537474338073472,hidden_irrelevant,0.5,evaluated,1.0,0.009533683716590219,1.0,1.0,0.0,0.0,,,,False,True,
7537474338073472,symmetric_init,0.5,evaluated,0.5,0.0,0.75,0.75,0.0,0.0,0.5,0.0,0.5,True,True,
8133749289185706,identity,0.5,evaluated,0.5,0.5,1.0,0.75,0.25,0.25,0.5,1.0,0.0,False,True,
8133749289185706,noisy,0.5,evaluated,0.5,0.265502203205358,0.9500000000000002,0.7500000000000003,0.19999999999999996,0.19999999999999984,0.5,0.8,0.18,False,True,
8133749289185706,constant,0.5,evaluated,0.5,0.0,0.75,0.75,0.0,0.0,0.5,0.0,1.0,True,True,
8133749289185706,independent,0.5,evaluated,0.5,0.0,0.75,0.75,0.0,0.0,0.5,0.0,0.5,True,True,
8133749289185706,informative_unused,0.5,evaluated,0.5,0.5,0.75,0.75,0.25,0.0,0.5,0.0,0.0,False,True,
8133749289185706,xor_public,0.5,evaluated,0.0,0.0,1.0,1.0,0.0,0.0,,,,False,True,
8133749289185706,hidden_irrelevant,0.5,evaluated,1.0,0.0,1.0,1.0,0.0,0.0,,,,True,True,
8133749289185706,symmetric_init,0.5,evaluated,0.5,0.0,0.75,0.75,0.0,0.0,0.5,0.0,0.5,True,True,
7225903038053257,identity,0.5,evaluated,0.5,0.5,1.0,0.7500000000000001,0.25,0.2499999999999999,0.5,1.0,0.0,False,True,
7225903038053257,noisy,0.5,evaluated,0.5,0.265502203205358,0.9500000000000002,0.7500000000000001,0.19999999999999996,0.20000000000000007,0.5,0.8,0.18,False,True,
7225903038053257,constant,0.5,evaluated,0.5,0.0,0.75,0.7500000000000001,0.0,-1.1102230246251565e-16,0.5,0.0,1.0,True,True,
7225903038053257,independent,0.5,evaluated,0.5,0.0,0.7499999999999999,0.75,0.0,-1.1102230246251565e-16,0.5,0.0,0.5,True,True,
7225903038053257,informative_unused,0.5,evaluated,0.5,0.5,0.75,0.7500000000000001,0.25,-1.1102230246251565e-16,0.5,0.0,0.0,False,True,
7225903038053257,xor_public,0.5,evaluated,0.0,0.0,1.0,1.0,0.0,0.0,,,,False,True,
7225903038053257,hidden_irrelevant,0.5,evaluated,1.0,0.03217246161454618,1.0,1.0,0.0,0.0,,,,False,True,
7225903038053257,symmetric_init,0.5,evaluated,0.5,0.0,0.75,0.75,0.0,0.0,0.5,0.0,0.5,True,True,
7616144123036775,identity,0.5,evaluated,0.5,0.5,1.0,0.7499999999999999,0.25,0.2500000000000001,0.5,1.0,0.0,False,True,
7616144123036775,noisy,0.5,evaluated,0.5,0.265502203205358,0.9500000000000002,0.75,0.19999999999999996,0.20000000000000018,0.5,0.8,0.18,False,True,
7616144123036775,constant,0.5,evaluated,0.5,0.0,0.75,0.7499999999999999,0.0,1.1102230246251565e-16,0.5,0.0,1.0,True,True,
7616144123036775,independent,0.5,evaluated,0.5,0.0,0.75,0.75,0.0,0.0,0.5,0.0,0.5,True,True,
7616144123036775,informative_unused,0.5,evaluated,0.5,0.5,0.75,0.7499999999999999,0.25,1.1102230246251565e-16,0.5,0.0,0.0,False,True,
7616144123036775,xor_public,0.5,evaluated,0.0,0.0,1.0,1.0,0.0,0.0,,,,False,True,
7616144123036775,hidden_irrelevant,0.5,evaluated,1.0,0.22361093846596558,1.0,1.0,0.0,0.0,,,,False,True,
7616144123036775,symmetric_init,0.5,evaluated,0.5,0.0,0.75,0.75,0.0,0.0,0.5,0.0,0.5,True,True,
5421981705728584,identity,0.5,evaluated,0.5,0.5,1.0,0.75,0.25,0.25,0.5,1.0,0.0,False,True,
5421981705728584,noisy,0.5,evaluated,0.5,0.265502203205358,0.9500000000000002,0.7500000000000002,0.19999999999999996,0.19999999999999996,0.5,0.8,0.18,False,True,
5421981705728584,constant,0.5,evaluated,0.5,0.0,0.7499999999999999,0.75,0.0,-1.1102230246251565e-16,0.5,0.0,1.0,True,True,
5421981705728584,independent,0.5,evaluated,0.5,0.0,0.7500000000000001,0.7499999999999998,0.0,3.3306690738754696e-16,0.5,0.0,0.5,True,True,
5421981705728584,informative_unused,0.5,evaluated,0.5,0.5,0.75,0.75,0.25,0.0,0.5,0.0,0.0,False,True,
5421981705728584,xor_public,0.5,evaluated,0.0,0.0,1.0,1.0,0.0,0.0,,,,False,True,
5421981705728584,hidden_irrelevant,0.5,evaluated,1.0,0.0,1.0,1.0,0.0,0.0,,,,True,True,
5421981705728584,symmetric_init,0.5,evaluated,0.5,0.0,0.75,0.75,0.0,0.0,0.5,0.0,0.5,True,True,
8352221582645894,identity,0.5,evaluated,0.5,0.5,1.0,0.7500000000000001,0.25,0.2499999999999999,0.5,1.0,0.0,False,True,
8352221582645894,noisy,0.5,evaluated,0.5,0.265502203205358,0.9500000000000002,0.7500000000000002,0.19999999999999996,0.19999999999999996,0.5,0.8,0.18,False,True,
8352221582645894,constant,0.5,evaluated,0.5,0.0,0.75,0.7500000000000001,0.0,-1.1102230246251565e-16,0.5,0.0,1.0,True,True,
8352221582645894,independent,0.5,evaluated,0.5,0.0,0.75,0.7499999999999998,0.0,2.220446049250313e-16,0.5,0.0,0.5,True,True,
8352221582645894,informative_unused,0.5,evaluated,0.5,0.5,0.75,0.7500000000000001,0.25,-1.1102230246251565e-16,0.5,0.0,0.0,False,True,
8352221582645894,xor_public,0.5,evaluated,0.0,0.0,1.0,1.0,0.0,0.0,,,,True,True,
8352221582645894,hidden_irrelevant,0.5,evaluated,1.0,0.029263065896616217,1.0,1.0,0.0,0.0,,,,False,True,
8352221582645894,symmetric_init,0.5,evaluated,0.5,0.0,0.75,0.75,0.0,0.0,0.5,0.0,0.5,True,True,
8141008107437894,identity,0.5,evaluated,0.5,0.5,1.0,0.75,0.25,0.25,0.5,1.0,0.0,False,True,
8141008107437894,noisy,0.5,evaluated,0.5,0.265502203205358,0.9500000000000002,0.7500000000000002,0.19999999999999996,0.19999999999999996,0.5,0.8,0.18,False,True,
8141008107437894,constant,0.5,evaluated,0.5,0.0,0.75,0.75,0.0,0.0,0.5,0.0,1.0,True,True,
8141008107437894,independent,0.5,evaluated,0.5,0.0,0.7499999999999998,0.7499999999999998,0.0,0.0,0.5,0.0,0.5,True,True,
8141008107437894,informative_unused,0.5,evaluated,0.5,0.5,0.75,0.75,0.25,0.0,0.5,0.0,0.0,False,True,
8141008107437894,xor_public,0.5,evaluated,0.0,0.0,1.0,1.0,0.0,0.0,,,,False,True,
8141008107437894,hidden_irrelevant,0.5,evaluated,1.0,0.0,1.0,1.0,0.0,0.0,,,,True,True,
8141008107437894,symmetric_init,0.5,evaluated,0.5,0.0,0.75,0.75,0.0,0.0,0.5,0.0,0.5,True,True,
5658778575802981,identity,0.5,evaluated,0.5,0.5,1.0,0.75,0.25,0.25,0.5,1.0,0.0,False,True,
5658778575802981,noisy,0.5,evaluated,0.5,0.265502203205358,0.9500000000000002,0.75,0.19999999999999996,0.20000000000000018,0.5,0.8,0.18,False,True,
5658778575802981,constant,0.5,evaluated,0.5,0.0,0.7499999999999999,0.75,0.0,-1.1102230246251565e-16,0.5,0.0,1.0,True,True,
5658778575802981,independent,0.5,evaluated,0.5,0.0,0.75,0.7500000000000002,0.0,-2.220446049250313e-16,0.5,0.0,0.5,True,True,
5658778575802981,informative_unused,0.5,evaluated,0.5,0.5,0.75,0.75,0.25,0.0,0.5,0.0,0.0,False,True,
5658778575802981,xor_public,0.5,evaluated,0.0,0.0,1.0,1.0,0.0,0.0,,,,False,True,
5658778575802981,hidden_irrelevant,0.5,evaluated,1.0,0.007961859462139988,1.0,1.0,0.0,0.0,,,,False,True,
5658778575802981,symmetric_init,0.5,evaluated,0.5,0.0,0.75,0.75,0.0,0.0,0.5,0.0,0.5,True,True,
5188100307696330,identity,0.5,evaluated,0.5,0.5,1.0,0.75,0.25,0.25,0.5,1.0,0.0,False,True,
5188100307696330,noisy,0.5,evaluated,0.5,0.265502203205358,0.9500000000000002,0.7499999999999999,0.19999999999999996,0.2000000000000003,0.5,0.8,0.18,False,True,
5188100307696330,constant,0.5,evaluated,0.5,0.0,0.75,0.75,0.0,0.0,0.5,0.0,1.0,True,True,
5188100307696330,independent,0.5,evaluated,0.5,0.0,0.7500000000000001,0.7499999999999998,0.0,3.3306690738754696e-16,0.5,0.0,0.5,True,True,
5188100307696330,informative_unused,0.5,evaluated,0.5,0.5,0.75,0.75,0.25,0.0,0.5,0.0,0.0,False,True,
5188100307696330,xor_public,0.5,evaluated,0.0,0.0,1.0,1.0,0.0,0.0,,,,True,True,
5188100307696330,hidden_irrelevant,0.5,evaluated,1.0,0.005009540155607358,1.0,1.0,0.0,0.0,,,,False,True,
5188100307696330,symmetric_init,0.5,evaluated,0.5,0.0,0.75,0.75,0.0,0.0,0.5,0.0,0.5,True,True,
5349697034682247,identity,0.5,evaluated,0.5,0.5,1.0,0.75,0.25,0.25,0.5,1.0,0.0,False,True,
5349697034682247,noisy,0.5,evaluated,0.5,0.265502203205358,0.9500000000000002,0.75,0.19999999999999996,0.20000000000000018,0.5,0.8,0.18,False,True,
5349697034682247,constant,0.5,evaluated,0.5,0.0,0.75,0.75,0.0,0.0,0.5,0.0,1.0,True,True,
5349697034682247,independent,0.5,evaluated,0.5,0.0,0.7500000000000001,0.75,0.0,1.1102230246251565e-16,0.5,0.0,0.5,True,True,
5349697034682247,informative_unused,0.5,evaluated,0.5,0.5,0.75,0.75,0.25,0.0,0.5,0.0,0.0,False,True,
5349697034682247,xor_public,0.5,evaluated,0.0,0.0,1.0,1.0,0.0,0.0,,,,False,True,
5349697034682247,hidden_irrelevant,0.5,evaluated,1.0,0.048771081060090406,1.0,1.0,0.0,0.0,,,,False,True,
5349697034682247,symmetric_init,0.5,evaluated,0.5,0.0,0.75,0.75,0.0,0.0,0.5,0.0,0.5,True,True,
5892023910564976,identity,0.5,evaluated,0.5,0.5,1.0,0.75,0.25,0.25,0.5,1.0,0.0,False,True,
5892023910564976,noisy,0.5,evaluated,0.5,0.265502203205358,0.9500000000000002,0.7499999999999998,0.19999999999999996,0.2000000000000004,0.5,0.8,0.18,False,True,
5892023910564976,constant,0.5,evaluated,0.5,0.0,0.7499999999999999,0.75,0.0,-1.1102230246251565e-16,0.5,0.0,1.0,True,True,
5892023910564976,independent,0.5,evaluated,0.5,0.0,0.7500000000000002,0.7499999999999998,0.0,4.440892098500626e-16,0.5,0.0,0.5,True,True,
5892023910564976,informative_unused,0.5,evaluated,0.5,0.5,0.75,0.75,0.25,0.0,0.5,0.0,0.0,False,True,
5892023910564976,xor_public,0.5,evaluated,0.0,0.0,1.0,1.0,0.0,0.0,,,,False,True,
5892023910564976,hidden_irrelevant,0.5,evaluated,1.0,0.015375577218941467,1.0,1.0,0.0,0.0,,,,False,True,
5892023910564976,symmetric_init,0.5,evaluated,0.5,0.0,0.75,0.75,0.0,0.0,0.5,0.0,0.5,True,True,
4719006494246471,identity,0.5,evaluated,0.5,0.5,1.0,0.7500000000000001,0.25,0.2499999999999999,0.5,1.0,0.0,False,True,
4719006494246471,noisy,0.5,evaluated,0.5,0.265502203205358,0.9500000000000002,0.7499999999999998,0.19999999999999996,0.2000000000000004,0.5,0.8,0.18,False,True,
4719006494246471,constant,0.5,evaluated,0.5,0.0,0.75,0.7500000000000001,0.0,-1.1102230246251565e-16,0.5,0.0,1.0,True,True,
4719006494246471,independent,0.5,evaluated,0.5,0.0,0.7500000000000001,0.7499999999999998,0.0,3.3306690738754696e-16,0.5,0.0,0.5,True,True,
4719006494246471,informative_unused,0.5,evaluated,0.5,0.5,0.75,0.7500000000000001,0.25,-1.1102230246251565e-16,0.5,0.0,0.0,False,True,
4719006494246471,xor_public,0.5,evaluated,0.0,0.0,1.0,1.0,0.0,0.0,,,,True,True,
4719006494246471,hidden_irrelevant,0.5,evaluated,1.0,0.003457432053177888,1.0,1.0,0.0,0.0,,,,False,True,
4719006494246471,symmetric_init,0.5,evaluated,0.5,0.0,0.75,0.75,0.0,0.0,0.5,0.0,0.5,True,True,
7480338078927329,identity,0.5,evaluated,0.5,0.5,1.0,0.75,0.25,0.25,0.5,1.0,0.0,False,True,
7480338078927329,noisy,0.5,evaluated,0.5,0.265502203205358,0.9500000000000002,0.7500000000000001,0.19999999999999996,0.20000000000000007,0.5,0.8,0.18,False,True,
7480338078927329,constant,0.5,evaluated,0.5,0.0,0.75,0.75,0.0,0.0,0.5,0.0,1.0,True,True,
7480338078927329,independent,0.5,evaluated,0.5,0.0,0.7499999999999999,0.75,0.0,-1.1102230246251565e-16,0.5,0.0,0.5,True,True,
7480338078927329,informative_unused,0.5,evaluated,0.5,0.5,0.75,0.75,0.25,0.0,0.5,0.0,0.0,False,True,
7480338078927329,xor_public,0.5,evaluated,0.0,0.0,1.0,1.0,0.0,0.0,,,,True,True,
7480338078927329,hidden_irrelevant,0.5,evaluated,1.0,0.06009974602205064,1.0,1.0,0.0,0.0,,,,False,True,
7480338078927329,symmetric_init,0.5,evaluated,0.5,0.0,0.75,0.75,0.0,0.0,0.5,0.0,0.5,True,True,
5682435300199440,identity,0.5,evaluated,0.5,0.5,1.0,0.75,0.25,0.25,0.5,1.0,0.0,False,True,
5682435300199440,noisy,0.5,evaluated,0.5,0.265502203205358,0.9500000000000002,0.75,0.19999999999999996,0.20000000000000018,0.5,0.8,0.18,False,True,
5682435300199440,constant,0.5,evaluated,0.5,0.0,0.75,0.75,0.0,0.0,0.5,0.0,1.0,True,True,
5682435300199440,independent,0.5,evaluated,0.5,0.0,0.75,0.75,0.0,0.0,0.5,0.0,0.5,True,True,
5682435300199440,informative_unused,0.5,evaluated,0.5,0.5,0.75,0.75,0.25,0.0,0.5,0.0,0.0,False,True,
5682435300199440,xor_public,0.5,evaluated,0.0,0.0,1.0,1.0,0.0,0.0,,,,False,True,
5682435300199440,hidden_irrelevant,0.5,evaluated,1.0,0.0,1.0,1.0,0.0,0.0,,,,True,True,
5682435300199440,symmetric_init,0.5,evaluated,0.5,0.0,0.75,0.75,0.0,0.0,0.5,0.0,0.5,True,True,
5715234090722304,identity,0.5,evaluated,0.5,0.5,1.0,0.75,0.25,0.25,0.5,1.0,0.0,False,True,
5715234090722304,noisy,0.5,evaluated,0.5,0.265502203205358,0.9500000000000002,0.7500000000000001,0.19999999999999996,0.20000000000000007,0.5,0.8,0.18,False,True,
5715234090722304,constant,0.5,evaluated,0.5,0.0,0.75,0.75,0.0,0.0,0.5,0.0,1.0,True,True,
5715234090722304,independent,0.5,evaluated,0.5,0.0,0.75,0.7499999999999998,0.0,2.220446049250313e-16,0.5,0.0,0.5,True,True,
5715234090722304,informative_unused,0.5,evaluated,0.5,0.5,0.75,0.75,0.25,0.0,0.5,0.0,0.0,False,True,
5715234090722304,xor_public,0.5,evaluated,0.0,0.0,1.0,1.0,0.0,0.0,,,,False,True,
5715234090722304,hidden_irrelevant,0.5,evaluated,1.0,0.14574378283331155,1.0,1.0,0.0,0.0,,,,False,True,
5715234090722304,symmetric_init,0.5,evaluated,0.5,0.0,0.75,0.75,0.0,0.0,0.5,0.0,0.5,True,True,
8043276488878416,identity,0.5,evaluated,0.5,0.5,1.0,0.75,0.25,0.25,0.5,1.0,0.0,False,True,
8043276488878416,noisy,0.5,evaluated,0.5,0.265502203205358,0.9500000000000002,0.75,0.19999999999999996,0.20000000000000018,0.5,0.8,0.18,False,True,
8043276488878416,constant,0.5,evaluated,0.5,0.0,0.7500000000000001,0.75,0.0,1.1102230246251565e-16,0.5,0.0,1.0,True,True,
8043276488878416,independent,0.5,evaluated,0.5,0.0,0.75,0.7499999999999998,0.0,2.220446049250313e-16,0.5,0.0,0.5,True,True,
8043276488878416,informative_unused,0.5,evaluated,0.5,0.5,0.75,0.75,0.25,0.0,0.5,0.0,0.0,False,True,
8043276488878416,xor_public,0.5,evaluated,0.0,0.0,1.0,1.0,0.0,0.0,,,,False,True,
8043276488878416,hidden_irrelevant,0.5,evaluated,1.0,0.0,1.0,1.0,0.0,0.0,,,,True,True,
8043276488878416,symmetric_init,0.5,evaluated,0.5,0.0,0.75,0.75,0.0,0.0,0.5,0.0,0.5,True,True,
5493137066848468,identity,0.5,evaluated,0.5,0.5,1.0,0.7499999999999999,0.25,0.2500000000000001,0.5,1.0,0.0,False,True,
5493137066848468,noisy,0.5,evaluated,0.5,0.265502203205358,0.9500000000000002,0.75,0.19999999999999996,0.20000000000000018,0.5,0.8,0.18,False,True,
5493137066848468,constant,0.5,evaluated,0.5,0.0,0.7500000000000001,0.7499999999999999,0.0,2.220446049250313e-16,0.5,0.0,1.0,True,True,
5493137066848468,independent,0.5,evaluated,0.5,0.0,0.75,0.7500000000000002,0.0,-2.220446049250313e-16,0.5,0.0,0.5,True,True,
5493137066848468,informative_unused,0.5,evaluated,0.5,0.5,0.75,0.7499999999999999,0.25,1.1102230246251565e-16,0.5,0.0,0.0,False,True,
5493137066848468,xor_public,0.5,evaluated,0.0,0.0,1.0,1.0,0.0,0.0,,,,False,True,
5493137066848468,hidden_irrelevant,0.5,evaluated,1.0,0.250118361309849,1.0,1.0,0.0,0.0,,,,False,True,
5493137066848468,symmetric_init,0.5,evaluated,0.5,0.0,0.75,0.75,0.0,0.0,0.5,0.0,0.5,True,True,
5722911223097290,identity,0.5,evaluated,0.5,0.5,1.0,0.7499999999999999,0.25,0.2500000000000001,0.5,1.0,0.0,False,True,
5722911223097290,noisy,0.5,evaluated,0.5,0.265502203205358,0.9500000000000002,0.7500000000000003,0.19999999999999996,0.19999999999999984,0.5,0.8,0.18,False,True,
5722911223097290,constant,0.5,evaluated,0.5,0.0,0.75,0.7499999999999999,0.0,1.1102230246251565e-16,0.5,0.0,1.0,True,True,
5722911223097290,independent,0.5,evaluated,0.5,0.0,0.7499999999999999,0.75,0.0,-1.1102230246251565e-16,0.5,0.0,0.5,True,True,
5722911223097290,informative_unused,0.5,evaluated,0.5,0.5,0.75,0.7499999999999999,0.25,1.1102230246251565e-16,0.5,0.0,0.0,False,True,
5722911223097290,xor_public,0.5,evaluated,0.0,0.0,1.0,1.0,0.0,0.0,,,,False,True,
5722911223097290,hidden_irrelevant,0.5,evaluated,1.0,0.00492206695938778,1.0,1.0,-2.220446049250313e-16,0.0,,,,False,True,
5722911223097290,symmetric_init,0.5,evaluated,0.5,0.0,0.75,0.75,0.0,0.0,0.5,0.0,0.5,True,True,
8091329465763644,identity,0.5,evaluated,0.5,0.5,1.0,0.75,0.25,0.25,0.5,1.0,0.0,False,True,
8091329465763644,noisy,0.5,evaluated,0.5,0.265502203205358,0.9500000000000002,0.7500000000000001,0.19999999999999996,0.20000000000000007,0.5,0.8,0.18,False,True,
8091329465763644,constant,0.5,evaluated,0.5,0.0,0.7500000000000001,0.75,0.0,1.1102230246251565e-16,0.5,0.0,1.0,True,True,
8091329465763644,independent,0.5,evaluated,0.5,0.0,0.75,0.75,0.0,0.0,0.5,0.0,0.5,True,True,
8091329465763644,informative_unused,0.5,evaluated,0.5,0.5,0.75,0.75,0.25,0.0,0.5,0.0,0.0,False,True,
8091329465763644,xor_public,0.5,evaluated,0.0,0.0,1.0,1.0,0.0,0.0,,,,True,True,
8091329465763644,hidden_irrelevant,0.5,evaluated,1.0,0.23875735178560215,1.0,1.0,0.0,0.0,,,,False,True,
8091329465763644,symmetric_init,0.5,evaluated,0.5,0.0,0.75,0.75,0.0,0.0,0.5,0.0,0.5,True,True,
8785937066158564,identity,0.5,evaluated,0.5,0.5,1.0,0.75,0.25,0.25,0.5,1.0,0.0,False,True,
8785937066158564,noisy,0.5,evaluated,0.5,0.265502203205358,0.9500000000000002,0.75,0.19999999999999996,0.20000000000000018,0.5,0.8,0.18,False,True,
8785937066158564,constant,0.5,evaluated,0.5,0.0,0.75,0.75,0.0,0.0,0.5,0.0,1.0,True,True,
8785937066158564,independent,0.5,evaluated,0.5,0.0,0.7499999999999998,0.75,0.0,-2.220446049250313e-16,0.5,0.0,0.5,True,True,
8785937066158564,informative_unused,0.5,evaluated,0.5,0.5,0.75,0.75,0.25,0.0,0.5,0.0,0.0,False,True,
8785937066158564,xor_public,0.5,evaluated,0.0,0.0,1.0,1.0,0.0,0.0,,,,False,True,
8785937066158564,hidden_irrelevant,0.5,evaluated,1.0,0.2308517739459621,1.0,1.0,0.0,0.0,,,,False,True,
8785937066158564,symmetric_init,0.5,evaluated,0.5,0.0,0.75,0.75,0.0,0.0,0.5,0.0,0.5,True,True,
8336954698201394,identity,0.5,evaluated,0.5,0.5,1.0,0.75,0.25,0.25,0.5,1.0,0.0,False,True,
8336954698201394,noisy,0.5,evaluated,0.5,0.265502203205358,0.9500000000000002,0.75,0.19999999999999996,0.20000000000000018,0.5,0.8,0.18,False,True,
8336954698201394,constant,0.5,evaluated,0.5,0.0,0.75,0.75,0.0,0.0,0.5,0.0,1.0,True,True,
8336954698201394,independent,0.5,evaluated,0.5,0.0,0.7500000000000001,0.7499999999999998,0.0,3.3306690738754696e-16,0.5,0.0,0.5,True,True,
8336954698201394,informative_unused,0.5,evaluated,0.5,0.5,0.75,0.75,0.25,0.0,0.5,0.0,0.0,False,True,
8336954698201394,xor_public,0.5,evaluated,0.0,0.0,1.0,1.0,0.0,0.0,,,,False,True,
8336954698201394,hidden_irrelevant,0.5,evaluated,1.0,0.0,1.0,1.0,0.0,0.0,,,,True,True,
8336954698201394,symmetric_init,0.5,evaluated,0.5,0.0,0.75,0.75,0.0,0.0,0.5,0.0,0.5,True,True,
6200393380417407,identity,0.5,evaluated,0.5,0.5,1.0,0.7500000000000001,0.25,0.2499999999999999,0.5,1.0,0.0,False,True,
6200393380417407,noisy,0.5,evaluated,0.5,0.265502203205358,0.9500000000000002,0.7500000000000001,0.19999999999999996,0.20000000000000007,0.5,0.8,0.18,False,True,
6200393380417407,constant,0.5,evaluated,0.5,0.0,0.75,0.7500000000000001,0.0,-1.1102230246251565e-16,0.5,0.0,1.0,True,True,
6200393380417407,independent,0.5,evaluated,0.5,0.0,0.75,0.7499999999999998,0.0,2.220446049250313e-16,0.5,0.0,0.5,True,True,
6200393380417407,informative_unused,0.5,evaluated,0.5,0.5,0.75,0.7500000000000001,0.25,-1.1102230246251565e-16,0.5,0.0,0.0,False,True,
6200393380417407,xor_public,0.5,evaluated,0.0,0.0,1.0,1.0,0.0,0.0,,,,False,True,
6200393380417407,hidden_irrelevant,0.5,evaluated,1.0,0.10406021541199226,1.0,1.0,-2.220446049250313e-16,0.0,,,,False,True,
6200393380417407,symmetric_init,0.5,evaluated,0.5,0.0,0.75,0.75,0.0,0.0,0.5,0.0,0.5,True,True,
8092181021544952,identity,0.5,evaluated,0.5,0.5,1.0,0.75,0.25,0.25,0.5,1.0,0.0,False,True,
8092181021544952,noisy,0.5,evaluated,0.5,0.265502203205358,0.9500000000000002,0.7500000000000001,0.19999999999999996,0.20000000000000007,0.5,0.8,0.18,False,True,
8092181021544952,constant,0.5,evaluated,0.5,0.0,0.75,0.75,0.0,0.0,0.5,0.0,1.0,True,True,
8092181021544952,independent,0.5,evaluated,0.5,0.0,0.7500000000000001,0.75,0.0,1.1102230246251565e-16,0.5,0.0,0.5,True,True,
8092181021544952,informative_unused,0.5,evaluated,0.5,0.5,0.75,0.75,0.25,0.0,0.5,0.0,0.0,False,True,
8092181021544952,xor_public,0.5,evaluated,0.0,0.0,1.0,1.0,0.0,0.0,,,,False,True,
8092181021544952,hidden_irrelevant,0.5,evaluated,1.0,0.0,1.0,1.0,0.0,0.0,,,,True,True,
8092181021544952,symmetric_init,0.5,evaluated,0.5,0.0,0.75,0.75,0.0,0.0,0.5,0.0,0.5,True,True,
5449837502654621,identity,0.5,evaluated,0.5,0.5,1.0,0.75,0.25,0.25,0.5,1.0,0.0,False,True,
5449837502654621,noisy,0.5,evaluated,0.5,0.265502203205358,0.9500000000000002,0.75,0.19999999999999996,0.20000000000000018,0.5,0.8,0.18,False,True,
5449837502654621,constant,0.5,evaluated,0.5,0.0,0.75,0.75,0.0,0.0,0.5,0.0,1.0,True,True,
5449837502654621,independent,0.5,evaluated,0.5,0.0,0.7500000000000001,0.7500000000000002,0.0,-1.1102230246251565e-16,0.5,0.0,0.5,True,True,
5449837502654621,informative_unused,0.5,evaluated,0.5,0.5,0.75,0.75,0.25,0.0,0.5,0.0,0.0,False,True,
5449837502654621,xor_public,0.5,evaluated,0.0,0.0,1.0,1.0,0.0,0.0,,,,True,True,
5449837502654621,hidden_irrelevant,0.5,evaluated,1.0,0.0,1.0,1.0,0.0,0.0,,,,True,True,
5449837502654621,symmetric_init,0.5,evaluated,0.5,0.0,0.75,0.75,0.0,0.0,0.5,0.0,0.5,True,True,
6746412394737936,identity,0.5,evaluated,0.5,0.5,1.0,0.75,0.25,0.25,0.5,1.0,0.0,False,True,
6746412394737936,noisy,0.5,evaluated,0.5,0.265502203205358,0.9500000000000002,0.75,0.19999999999999996,0.20000000000000018,0.5,0.8,0.18,False,True,
6746412394737936,constant,0.5,evaluated,0.5,0.0,0.7499999999999999,0.75,0.0,-1.1102230246251565e-16,0.5,0.0,1.0,True,True,
6746412394737936,independent,0.5,evaluated,0.5,0.0,0.75,0.75,0.0,0.0,0.5,0.0,0.5,True,True,
6746412394737936,informative_unused,0.5,evaluated,0.5,0.5,0.75,0.75,0.25,0.0,0.5,0.0,0.0,False,True,
6746412394737936,xor_public,0.5,evaluated,0.0,0.0,1.0,1.0,0.0,0.0,,,,False,True,
6746412394737936,hidden_irrelevant,0.5,evaluated,1.0,0.4515902268568773,1.0,1.0,0.0,0.0,,,,False,True,
6746412394737936,symmetric_init,0.5,evaluated,0.5,0.0,0.75,0.75,0.0,0.0,0.5,0.0,0.5,True,True,
7332115690241677,identity,0.5,evaluated,0.5,0.5,1.0,0.75,0.25,0.25,0.5,1.0,0.0,False,True,
7332115690241677,noisy,0.5,evaluated,0.5,0.265502203205358,0.9500000000000002,0.7499999999999998,0.19999999999999996,0.2000000000000004,0.5,0.8,0.18,False,True,
7332115690241677,constant,0.5,evaluated,0.5,0.0,0.7499999999999999,0.75,0.0,-1.1102230246251565e-16,0.5,0.0,1.0,True,True,
7332115690241677,independent,0.5,evaluated,0.5,0.0,0.7500000000000001,0.75,0.0,1.1102230246251565e-16,0.5,0.0,0.5,True,True,
7332115690241677,informative_unused,0.5,evaluated,0.5,0.5,0.75,0.75,0.25,0.0,0.5,0.0,0.0,False,True,
7332115690241677,xor_public,0.5,evaluated,0.0,0.0,1.0,1.0,0.0,0.0,,,,False,True,
7332115690241677,hidden_irrelevant,0.5,evaluated,1.0,0.25985994434626447,1.0,1.0,0.0,0.0,,,,False,True,
7332115690241677,symmetric_init,0.5,evaluated,0.5,0.0,0.75,0.75,0.0,0.0,0.5,0.0,0.5,True,True,
7277311281215479,identity,0.5,evaluated,0.5,0.5,1.0,0.75,0.25,0.25,0.5,1.0,0.0,False,True,
7277311281215479,noisy,0.5,evaluated,0.5,0.265502203205358,0.9500000000000002,0.75,0.19999999999999996,0.20000000000000018,0.5,0.8,0.18,False,True,
7277311281215479,constant,0.5,evaluated,0.5,0.0,0.75,0.75,0.0,0.0,0.5,0.0,1.0,True,True,
7277311281215479,independent,0.5,evaluated,0.5,0.0,0.7499999999999999,0.75,0.0,-1.1102230246251565e-16,0.5,0.0,0.5,True,True,
7277311281215479,informative_unused,0.5,evaluated,0.5,0.5,0.75,0.75,0.25,0.0,0.5,0.0,0.0,False,True,
7277311281215479,xor_public,0.5,evaluated,0.0,0.0,1.0,1.0,0.0,0.0,,,,False,True,
7277311281215479,hidden_irrelevant,0.5,evaluated,1.0,0.0,1.0,1.0,0.0,0.0,,,,True,True,
7277311281215479,symmetric_init,0.5,evaluated,0.5,0.0,0.75,0.75,0.0,0.0,0.5,0.0,0.5,True,True,
8994117894674010,identity,0.5,evaluated,0.5,0.5,1.0,0.75,0.25,0.25,0.5,1.0,0.0,False,True,
8994117894674010,noisy,0.5,evaluated,0.5,0.265502203205358,0.9500000000000002,0.7500000000000001,0.19999999999999996,0.20000000000000007,0.5,0.8,0.18,False,True,
8994117894674010,constant,0.5,evaluated,0.5,0.0,0.75,0.75,0.0,0.0,0.5,0.0,1.0,True,True,
8994117894674010,independent,0.5,evaluated,0.5,0.0,0.75,0.7499999999999998,0.0,2.220446049250313e-16,0.5,0.0,0.5,True,True,
8994117894674010,informative_unused,0.5,evaluated,0.5,0.5,0.75,0.75,0.25,0.0,0.5,0.0,0.0,False,True,
8994117894674010,xor_public,0.5,evaluated,0.0,0.0,1.0,1.0,0.0,0.0,,,,True,True,
8994117894674010,hidden_irrelevant,0.5,evaluated,1.0,0.3058688703794369,1.0,1.0,0.0,0.0,,,,False,True,
8994117894674010,symmetric_init,0.5,evaluated,0.5,0.0,0.75,0.75,0.0,0.0,0.5,0.0,0.5,True,True,
7770920191232852,identity,0.5,evaluated,0.5,0.5,1.0,0.7500000000000001,0.25,0.2499999999999999,0.5,1.0,0.0,False,True,
7770920191232852,noisy,0.5,evaluated,0.5,0.265502203205358,0.9500000000000002,0.7500000000000001,0.19999999999999996,0.20000000000000007,0.5,0.8,0.18,False,True,
7770920191232852,constant,0.5,evaluated,0.5,0.0,0.75,0.7500000000000001,0.0,-1.1102230246251565e-16,0.5,0.0,1.0,True,True,
7770920191232852,independent,0.5,evaluated,0.5,0.0,0.75,0.75,0.0,0.0,0.5,0.0,0.5,True,True,
7770920191232852,informative_unused,0.5,evaluated,0.5,0.5,0.75,0.7500000000000001,0.25,-1.1102230246251565e-16,0.5,0.0,0.0,False,True,
7770920191232852,xor_public,0.5,evaluated,0.0,0.0,1.0,1.0,0.0,0.0,,,,False,True,
7770920191232852,hidden_irrelevant,0.5,evaluated,1.0,0.0,1.0,1.0,0.0,0.0,,,,True,True,
7770920191232852,symmetric_init,0.5,evaluated,0.5,0.0,0.75,0.75,0.0,0.0,0.5,0.0,0.5,True,True,
5943127109914898,identity,0.5,evaluated,0.5,0.5,1.0,0.75,0.25,0.25,0.5,1.0,0.0,False,True,
5943127109914898,noisy,0.5,evaluated,0.5,0.265502203205358,0.9500000000000002,0.7499999999999998,0.19999999999999996,0.2000000000000004,0.5,0.8,0.18,False,True,
5943127109914898,constant,0.5,evaluated,0.5,0.0,0.75,0.75,0.0,0.0,0.5,0.0,1.0,True,True,
5943127109914898,independent,0.5,evaluated,0.5,0.0,0.7499999999999998,0.7499999999999998,0.0,0.0,0.5,0.0,0.5,True,True,
5943127109914898,informative_unused,0.5,evaluated,0.5,0.5,0.75,0.75,0.25,0.0,0.5,0.0,0.0,False,True,
5943127109914898,xor_public,0.5,evaluated,0.0,0.0,1.0,1.0,0.0,0.0,,,,False,True,
5943127109914898,hidden_irrelevant,0.5,evaluated,1.0,0.028472245935208817,1.0,1.0,0.0,0.0,,,,False,True,
5943127109914898,symmetric_init,0.5,evaluated,0.5,0.0,0.75,0.75,0.0,0.0,0.5,0.0,0.5,True,True,
4696976784094615,identity,0.5,evaluated,0.5,0.5,1.0,0.7499999999999999,0.25,0.2500000000000001,0.5,1.0,0.0,False,True,
4696976784094615,noisy,0.5,evaluated,0.5,0.265502203205358,0.9500000000000002,0.7500000000000002,0.19999999999999996,0.19999999999999996,0.5,0.8,0.18,False,True,
4696976784094615,constant,0.5,evaluated,0.5,0.0,0.75,0.7499999999999999,0.0,1.1102230246251565e-16,0.5,0.0,1.0,True,True,
4696976784094615,independent,0.5,evaluated,0.5,0.0,0.7500000000000002,0.7500000000000002,0.0,0.0,0.5,0.0,0.5,True,True,
4696976784094615,informative_unused,0.5,evaluated,0.5,0.5,0.75,0.7499999999999999,0.25,1.1102230246251565e-16,0.5,0.0,0.0,False,True,
4696976784094615,xor_public,0.5,evaluated,0.0,0.0,1.0,1.0,0.0,0.0,,,,True,True,
4696976784094615,hidden_irrelevant,0.5,evaluated,1.0,0.3277890830811992,1.0,1.0,0.0,0.0,,,,False,True,
4696976784094615,symmetric_init,0.5,evaluated,0.5,0.0,0.75,0.75,0.0,0.0,0.5,0.0,0.5,True,True,
5829194700104408,identity,0.5,evaluated,0.5,0.5,1.0,0.75,0.25,0.25,0.5,1.0,0.0,False,True,
5829194700104408,noisy,0.5,evaluated,0.5,0.265502203205358,0.9500000000000002,0.7500000000000002,0.19999999999999996,0.19999999999999996,0.5,0.8,0.18,False,True,
5829194700104408,constant,0.5,evaluated,0.5,0.0,0.75,0.75,0.0,0.0,0.5,0.0,1.0,True,True,
5829194700104408,independent,0.5,evaluated,0.5,0.0,0.7499999999999999,0.7500000000000002,0.0,-3.3306690738754696e-16,0.5,0.0,0.5,True,True,
5829194700104408,informative_unused,0.5,evaluated,0.5,0.5,0.75,0.75,0.25,0.0,0.5,0.0,0.0,False,True,
5829194700104408,xor_public,0.5,evaluated,0.0,0.0,1.0,1.0,0.0,0.0,,,,False,True,
5829194700104408,hidden_irrelevant,0.5,evaluated,1.0,0.05381704380991993,1.0,1.0,0.0,0.0,,,,False,True,
5829194700104408,symmetric_init,0.5,evaluated,0.5,0.0,0.75,0.75,0.0,0.0,0.5,0.0,0.5,True,True,
4605880942018644,identity,0.5,evaluated,0.5,0.5,1.0,0.7500000000000001,0.25,0.2499999999999999,0.5,1.0,0.0,False,True,
4605880942018644,noisy,0.5,evaluated,0.5,0.265502203205358,0.9500000000000002,0.75,0.19999999999999996,0.20000000000000018,0.5,0.8,0.18,False,True,
4605880942018644,constant,0.5,evaluated,0.5,0.0,0.75,0.7500000000000001,0.0,-1.1102230246251565e-16,0.5,0.0,1.0,True,True,
4605880942018644,independent,0.5,evaluated,0.5,0.0,0.7500000000000001,0.7499999999999998,0.0,3.3306690738754696e-16,0.5,0.0,0.5,True,True,
4605880942018644,informative_unused,0.5,evaluated,0.5,0.5,0.75,0.7500000000000001,0.25,-1.1102230246251565e-16,0.5,0.0,0.0,False,True,
4605880942018644,xor_public,0.5,evaluated,0.0,0.0,1.0,1.0,0.0,0.0,,,,False,True,
4605880942018644,hidden_irrelevant,0.5,evaluated,1.0,0.00872832394235206,1.0,1.0,0.0,0.0,,,,False,True,
4605880942018644,symmetric_init,0.5,evaluated,0.5,0.0,0.75,0.75,0.0,0.0,0.5,0.0,0.5,True,True,
6508771656368819,identity,0.5,evaluated,0.5,0.5,1.0,0.75,0.25,0.25,0.5,1.0,0.0,False,True,
6508771656368819,noisy,0.5,evaluated,0.5,0.265502203205358,0.9500000000000002,0.7500000000000002,0.19999999999999996,0.19999999999999996,0.5,0.8,0.18,False,True,
6508771656368819,constant,0.5,evaluated,0.5,0.0,0.75,0.75,0.0,0.0,0.5,0.0,1.0,True,True,
6508771656368819,independent,0.5,evaluated,0.5,0.0,0.7500000000000001,0.75,0.0,1.1102230246251565e-16,0.5,0.0,0.5,True,True,
6508771656368819,informative_unused,0.5,evaluated,0.5,0.5,0.75,0.75,0.25,0.0,0.5,0.0,0.0,False,True,
6508771656368819,xor_public,0.5,evaluated,0.0,0.0,1.0,1.0,0.0,0.0,,,,True,True,
6508771656368819,hidden_irrelevant,0.5,evaluated,1.0,0.007686981496998473,1.0,1.0,0.0,0.0,,,,False,True,
6508771656368819,symmetric_init,0.5,evaluated,0.5,0.0,0.75,0.75,0.0,0.0,0.5,0.0,0.5,True,True,
7069838543709154,identity,0.5,evaluated,0.5,0.5,1.0,0.75,0.25,0.25,0.5,1.0,0.0,False,True,
7069838543709154,noisy,0.5,evaluated,0.5,0.265502203205358,0.9500000000000002,0.7500000000000002,0.19999999999999996,0.19999999999999996,0.5,0.8,0.18,False,True,
7069838543709154,constant,0.5,evaluated,0.5,0.0,0.75,0.75,0.0,0.0,0.5,0.0,1.0,True,True,
7069838543709154,independent,0.5,evaluated,0.5,0.0,0.75,0.7499999999999998,0.0,2.220446049250313e-16,0.5,0.0,0.5,True,True,
7069838543709154,informative_unused,0.5,evaluated,0.5,0.5,0.75,0.75,0.25,0.0,0.5,0.0,0.0,False,True,
7069838543709154,xor_public,0.5,evaluated,0.0,0.0,1.0,1.0,0.0,0.0,,,,False,True,
7069838543709154,hidden_irrelevant,0.5,evaluated,1.0,0.049846463008916174,1.0,1.0,0.0,0.0,,,,False,True,
7069838543709154,symmetric_init,0.5,evaluated,0.5,0.0,0.75,0.75,0.0,0.0,0.5,0.0,0.5,True,True,
7345837512639296,identity,0.5,evaluated,0.5,0.5,1.0,0.75,0.25,0.25,0.5,1.0,0.0,False,True,
7345837512639296,noisy,0.5,evaluated,0.5,0.265502203205358,0.9500000000000002,0.7500000000000002,0.19999999999999996,0.19999999999999996,0.5,0.8,0.18,False,True,
7345837512639296,constant,0.5,evaluated,0.5,0.0,0.75,0.75,0.0,0.0,0.5,0.0,1.0,True,True,
7345837512639296,independent,0.5,evaluated,0.5,0.0,0.7500000000000002,0.75,0.0,2.220446049250313e-16,0.5,0.0,0.5,True,True,
7345837512639296,informative_unused,0.5,evaluated,0.5,0.5,0.75,0.75,0.25,0.0,0.5,0.0,0.0,False,True,
7345837512639296,xor_public,0.5,evaluated,0.0,0.0,1.0,1.0,0.0,0.0,,,,True,True,
7345837512639296,hidden_irrelevant,0.5,evaluated,1.0,0.2774921439753475,1.0,1.0,0.0,0.0,,,,False,True,
7345837512639296,symmetric_init,0.5,evaluated,0.5,0.0,0.75,0.75,0.0,0.0,0.5,0.0,0.5,True,True,
6325969686110776,identity,0.5,evaluated,0.5,0.5,1.0,0.7499999999999999,0.25,0.2500000000000001,0.5,1.0,0.0,False,True,
6325969686110776,noisy,0.5,evaluated,0.5,0.265502203205358,0.9500000000000002,0.75,0.19999999999999996,0.20000000000000018,0.5,0.8,0.18,False,True,
6325969686110776,constant,0.5,evaluated,0.5,0.0,0.75,0.7499999999999999,0.0,1.1102230246251565e-16,0.5,0.0,1.0,True,True,
6325969686110776,independent,0.5,evaluated,0.5,0.0,0.7499999999999999,0.75,0.0,-1.1102230246251565e-16,0.5,0.0,0.5,True,True,
6325969686110776,informative_unused,0.5,evaluated,0.5,0.5,0.75,0.7499999999999999,0.25,1.1102230246251565e-16,0.5,0.0,0.0,False,True,
6325969686110776,xor_public,0.5,evaluated,0.0,0.0,1.0,1.0,0.0,0.0,,,,False,True,
6325969686110776,hidden_irrelevant,0.5,evaluated,1.0,0.00275560126318622,1.0,1.0,0.0,0.0,,,,False,True,
6325969686110776,symmetric_init,0.5,evaluated,0.5,0.0,0.75,0.75,0.0,0.0,0.5,0.0,0.5,True,True,
7838619259290720,identity,0.5,evaluated,0.5,0.5,1.0,0.7499999999999999,0.25,0.2500000000000001,0.5,1.0,0.0,False,True,
7838619259290720,noisy,0.5,evaluated,0.5,0.265502203205358,0.9500000000000002,0.7500000000000003,0.19999999999999996,0.19999999999999984,0.5,0.8,0.18,False,True,
7838619259290720,constant,0.5,evaluated,0.5,0.0,0.75,0.7499999999999999,0.0,1.1102230246251565e-16,0.5,0.0,1.0,True,True,
7838619259290720,independent,0.5,evaluated,0.5,0.0,0.7499999999999999,0.75,0.0,-1.1102230246251565e-16,0.5,0.0,0.5,True,True,
7838619259290720,informative_unused,0.5,evaluated,0.5,0.5,0.75,0.7499999999999999,0.25,1.1102230246251565e-16,0.5,0.0,0.0,False,True,
7838619259290720,xor_public,0.5,evaluated,0.0,0.0,1.0,1.0,0.0,0.0,,,,False,True,
7838619259290720,hidden_irrelevant,0.5,evaluated,1.0,0.25737537718567977,1.0,1.0,0.0,0.0,,,,False,True,
7838619259290720,symmetric_init,0.5,evaluated,0.5,0.0,0.75,0.75,0.0,0.0,0.5,0.0,0.5,True,True,
7012711611168942,identity,0.5,evaluated,0.5,0.5,1.0,0.75,0.25,0.25,0.5,1.0,0.0,False,True,
7012711611168942,noisy,0.5,evaluated,0.5,0.265502203205358,0.9500000000000002,0.75,0.19999999999999996,0.20000000000000018,0.5,0.8,0.18,False,True,
7012711611168942,constant,0.5,evaluated,0.5,0.0,0.75,0.75,0.0,0.0,0.5,0.0,1.0,True,True,
7012711611168942,independent,0.5,evaluated,0.5,0.0,0.75,0.7500000000000002,0.0,-2.220446049250313e-16,0.5,0.0,0.5,True,True,
7012711611168942,informative_unused,0.5,evaluated,0.5,0.5,0.75,0.75,0.25,0.0,0.5,0.0,0.0,False,True,
7012711611168942,xor_public,0.5,evaluated,0.0,0.0,1.0,1.0,0.0,0.0,,,,False,True,
7012711611168942,hidden_irrelevant,0.5,evaluated,1.0,0.09386072054177014,1.0,1.0,0.0,0.0,,,,False,True,
7012711611168942,symmetric_init,0.5,evaluated,0.5,0.0,0.75,0.75,0.0,0.0,0.5,0.0,0.5,True,True,
5365287010037329,identity,0.5,evaluated,0.5,0.5,1.0,0.75,0.25,0.25,0.5,1.0,0.0,False,True,
5365287010037329,noisy,0.5,evaluated,0.5,0.265502203205358,0.9500000000000002,0.7500000000000001,0.19999999999999996,0.20000000000000007,0.5,0.8,0.18,False,True,
5365287010037329,constant,0.5,evaluated,0.5,0.0,0.75,0.75,0.0,0.0,0.5,0.0,1.0,True,True,
5365287010037329,independent,0.5,evaluated,0.5,0.0,0.75,0.75,0.0,0.0,0.5,0.0,0.5,True,True,
5365287010037329,informative_unused,0.5,evaluated,0.5,0.5,0.75,0.75,0.25,0.0,0.5,0.0,0.0,False,True,
5365287010037329,xor_public,0.5,evaluated,0.0,0.0,1.0,1.0,0.0,0.0,,,,True,True,
5365287010037329,hidden_irrelevant,0.5,evaluated,1.0,0.0,1.0,1.0,0.0,0.0,,,,True,True,
5365287010037329,symmetric_init,0.5,evaluated,0.5,0.0,0.75,0.75,0.0,0.0,0.5,0.0,0.5,True,True,
5365444157597157,identity,0.5,evaluated,0.5,0.5,1.0,0.75,0.25,0.25,0.5,1.0,0.0,False,True,
5365444157597157,noisy,0.5,evaluated,0.5,0.265502203205358,0.9500000000000002,0.75,0.19999999999999996,0.20000000000000018,0.5,0.8,0.18,False,True,
5365444157597157,constant,0.5,evaluated,0.5,0.0,0.7500000000000001,0.75,0.0,1.1102230246251565e-16,0.5,0.0,1.0,True,True,
5365444157597157,independent,0.5,evaluated,0.5,0.0,0.7499999999999999,0.7500000000000002,0.0,-3.3306690738754696e-16,0.5,0.0,0.5,True,True,
5365444157597157,informative_unused,0.5,evaluated,0.5,0.5,0.75,0.75,0.25,0.0,0.5,0.0,0.0,False,True,
5365444157597157,xor_public,0.5,evaluated,0.0,0.0,1.0,1.0,0.0,0.0,,,,False,True,
5365444157597157,hidden_irrelevant,0.5,evaluated,1.0,0.2296793339343952,1.0,1.0,0.0,0.0,,,,False,True,
5365444157597157,symmetric_init,0.5,evaluated,0.5,0.0,0.75,0.75,0.0,0.0,0.5,0.0,0.5,True,True,
6001223018722123,identity,0.5,evaluated,0.5,0.5,1.0,0.75,0.25,0.25,0.5,1.0,0.0,False,True,
6001223018722123,noisy,0.5,evaluated,0.5,0.265502203205358,0.9500000000000002,0.7500000000000001,0.19999999999999996,0.20000000000000007,0.5,0.8,0.18,False,True,
6001223018722123,constant,0.5,evaluated,0.5,0.0,0.75,0.75,0.0,0.0,0.5,0.0,1.0,True,True,
6001223018722123,independent,0.5,evaluated,0.5,0.0,0.75,0.75,0.0,0.0,0.5,0.0,0.5,True,True,
6001223018722123,informative_unused,0.5,evaluated,0.5,0.5,0.75,0.75,0.25,0.0,0.5,0.0,0.0,False,True,
6001223018722123,xor_public,0.5,evaluated,0.0,0.0,1.0,1.0,0.0,0.0,,,,True,True,
6001223018722123,hidden_irrelevant,0.5,evaluated,1.0,0.19366625541095533,0.9999999999999999,0.9999999999999999,0.0,0.0,,,,False,True,
6001223018722123,symmetric_init,0.5,evaluated,0.5,0.0,0.75,0.75,0.0,0.0,0.5,0.0,0.5,True,True,
8619751047971987,identity,0.5,evaluated,0.5,0.5,1.0,0.75,0.25,0.25,0.5,1.0,0.0,False,True,
8619751047971987,noisy,0.5,evaluated,0.5,0.265502203205358,0.9500000000000002,0.75,0.19999999999999996,0.20000000000000018,0.5,0.8,0.18,False,True,
8619751047971987,constant,0.5,evaluated,0.5,0.0,0.75,0.75,0.0,0.0,0.5,0.0,1.0,True,True,
8619751047971987,independent,0.5,evaluated,0.5,0.0,0.75,0.75,0.0,0.0,0.5,0.0,0.5,True,True,
8619751047971987,informative_unused,0.5,evaluated,0.5,0.5,0.75,0.75,0.25,0.0,0.5,0.0,0.0,False,True,
8619751047971987,xor_public,0.5,evaluated,0.0,0.0,1.0,1.0,0.0,0.0,,,,True,True,
8619751047971987,hidden_irrelevant,0.5,evaluated,1.0,0.25523230685509535,1.0,1.0,0.0,0.0,,,,False,True,
8619751047971987,symmetric_init,0.5,evaluated,0.5,0.0,0.75,0.75,0.0,0.0,0.5,0.0,0.5,True,True,
5457477550572419,identity,0.5,evaluated,0.5,0.5,1.0,0.75,0.25,0.25,0.5,1.0,0.0,False,True,
5457477550572419,noisy,0.5,evaluated,0.5,0.265502203205358,0.9500000000000002,0.7500000000000001,0.19999999999999996,0.20000000000000007,0.5,0.8,0.18,False,True,
5457477550572419,constant,0.5,evaluated,0.5,0.0,0.75,0.75,0.0,0.0,0.5,0.0,1.0,True,True,
5457477550572419,independent,0.5,evaluated,0.5,0.0,0.75,0.7499999999999998,0.0,2.220446049250313e-16,0.5,0.0,0.5,True,True,
5457477550572419,informative_unused,0.5,evaluated,0.5,0.5,0.75,0.75,0.25,0.0,0.5,0.0,0.0,False,True,
5457477550572419,xor_public,0.5,evaluated,0.0,0.0,1.0,1.0,0.0,0.0,,,,True,True,
5457477550572419,hidden_irrelevant,0.5,evaluated,1.0,0.11682899744899089,1.0,1.0,0.0,0.0,,,,False,True,
5457477550572419,symmetric_init,0.5,evaluated,0.5,0.0,0.75,0.75,0.0,0.0,0.5,0.0,0.5,True,True,
4654633649782516,identity,0.5,evaluated,0.5,0.5,1.0,0.7499999999999999,0.25,0.2500000000000001,0.5,1.0,0.0,False,True,
4654633649782516,noisy,0.5,evaluated,0.5,0.265502203205358,0.9500000000000002,0.75,0.19999999999999996,0.20000000000000018,0.5,0.8,0.18,False,True,
4654633649782516,constant,0.5,evaluated,0.5,0.0,0.75,0.7499999999999999,0.0,1.1102230246251565e-16,0.5,0.0,1.0,True,True,
4654633649782516,independent,0.5,evaluated,0.5,0.0,0.7499999999999998,0.7500000000000002,0.0,-4.440892098500626e-16,0.5,0.0,0.5,True,True,
4654633649782516,informative_unused,0.5,evaluated,0.5,0.5,0.75,0.7499999999999999,0.25,1.1102230246251565e-16,0.5,0.0,0.0,False,True,
4654633649782516,xor_public,0.5,evaluated,0.0,0.0,1.0,1.0,0.0,0.0,,,,True,True,
4654633649782516,hidden_irrelevant,0.5,evaluated,1.0,0.04101238960023329,1.0,1.0,0.0,0.0,,,,False,True,
4654633649782516,symmetric_init,0.5,evaluated,0.5,0.0,0.75,0.75,0.0,0.0,0.5,0.0,0.5,True,True,
7249946721753931,identity,0.5,evaluated,0.5,0.5,1.0,0.7500000000000001,0.25,0.2499999999999999,0.5,1.0,0.0,False,True,
7249946721753931,noisy,0.5,evaluated,0.5,0.265502203205358,0.9500000000000002,0.7500000000000001,0.19999999999999996,0.20000000000000007,0.5,0.8,0.18,False,True,
7249946721753931,constant,0.5,evaluated,0.5,0.0,0.75,0.7500000000000001,0.0,-1.1102230246251565e-16,0.5,0.0,1.0,True,True,
7249946721753931,independent,0.5,evaluated,0.5,0.0,0.7500000000000001,0.75,0.0,1.1102230246251565e-16,0.5,0.0,0.5,True,True,
7249946721753931,informative_unused,0.5,evaluated,0.5,0.5,0.75,0.7500000000000001,0.25,-1.1102230246251565e-16,0.5,0.0,0.0,False,True,
7249946721753931,xor_public,0.5,evaluated,0.0,0.0,1.0,1.0,0.0,0.0,,,,False,True,
7249946721753931,hidden_irrelevant,0.5,evaluated,1.0,0.04320100694877688,1.0,1.0,0.0,0.0,,,,False,True,
7249946721753931,symmetric_init,0.5,evaluated,0.5,0.0,0.75,0.75,0.0,0.0,0.5,0.0,0.5,True,True,
5087570748890409,identity,0.5,evaluated,0.5,0.5,1.0,0.75,0.25,0.25,0.5,1.0,0.0,False,True,
5087570748890409,noisy,0.5,evaluated,0.5,0.265502203205358,0.9500000000000002,0.7500000000000001,0.19999999999999996,0.20000000000000007,0.5,0.8,0.18,False,True,
5087570748890409,constant,0.5,evaluated,0.5,0.0,0.75,0.75,0.0,0.0,0.5,0.0,1.0,True,True,
5087570748890409,independent,0.5,evaluated,0.5,0.0,0.7500000000000001,0.75,0.0,1.1102230246251565e-16,0.5,0.0,0.5,True,True,
5087570748890409,informative_unused,0.5,evaluated,0.5,0.5,0.75,0.75,0.25,0.0,0.5,0.0,0.0,False,True,
5087570748890409,xor_public,0.5,evaluated,0.0,0.0,1.0,1.0,0.0,0.0,,,,False,True,
5087570748890409,hidden_irrelevant,0.5,evaluated,1.0,0.0508172255462636,1.0,1.0,0.0,0.0,,,,False,True,
5087570748890409,symmetric_init,0.5,evaluated,0.5,0.0,0.75,0.75,0.0,0.0,0.5,0.0,0.5,True,True,
8856299467146934,identity,0.5,evaluated,0.5,0.5,1.0,0.7499999999999999,0.25,0.2500000000000001,0.5,1.0,0.0,False,True,
8856299467146934,noisy,0.5,evaluated,0.5,0.265502203205358,0.9500000000000002,0.75,0.19999999999999996,0.20000000000000018,0.5,0.8,0.18,False,True,
8856299467146934,constant,0.5,evaluated,0.5,0.0,0.7499999999999999,0.7499999999999999,0.0,0.0,0.5,0.0,1.0,True,True,
8856299467146934,independent,0.5,evaluated,0.5,0.0,0.7499999999999999,0.7500000000000002,0.0,-3.3306690738754696e-16,0.5,0.0,0.5,True,True,
8856299467146934,informative_unused,0.5,evaluated,0.5,0.5,0.75,0.7499999999999999,0.25,1.1102230246251565e-16,0.5,0.0,0.0,False,True,
8856299467146934,xor_public,0.5,evaluated,0.0,0.0,1.0,1.0,0.0,0.0,,,,False,True,
8856299467146934,hidden_irrelevant,0.5,evaluated,1.0,0.04588845081754579,1.0,1.0,0.0,0.0,,,,False,True,
8856299467146934,symmetric_init,0.5,evaluated,0.5,0.0,0.75,0.75,0.0,0.0,0.5,0.0,0.5,True,True,
8991890538260978,identity,0.5,evaluated,0.5,0.5,1.0,0.7499999999999999,0.25,0.2500000000000001,0.5,1.0,0.0,False,True,
8991890538260978,noisy,0.5,evaluated,0.5,0.265502203205358,0.9500000000000002,0.7500000000000002,0.19999999999999996,0.19999999999999996,0.5,0.8,0.18,False,True,
8991890538260978,constant,0.5,evaluated,0.5,0.0,0.75,0.7499999999999999,0.0,1.1102230246251565e-16,0.5,0.0,1.0,True,True,
8991890538260978,independent,0.5,evaluated,0.5,0.0,0.75,0.75,0.0,0.0,0.5,0.0,0.5,True,True,
8991890538260978,informative_unused,0.5,evaluated,0.5,0.5,0.75,0.7499999999999999,0.25,1.1102230246251565e-16,0.5,0.0,0.0,False,True,
8991890538260978,xor_public,0.5,evaluated,0.0,0.0,1.0,1.0,0.0,0.0,,,,True,True,
8991890538260978,hidden_irrelevant,0.5,evaluated,1.0,0.031130849401129347,1.0,1.0,0.0,0.0,,,,False,True,
8991890538260978,symmetric_init,0.5,evaluated,0.5,0.0,0.75,0.75,0.0,0.0,0.5,0.0,0.5,True,True,
6617319835029857,identity,0.5,evaluated,0.5,0.5,1.0,0.75,0.25,0.25,0.5,1.0,0.0,False,True,
6617319835029857,noisy,0.5,evaluated,0.5,0.265502203205358,0.9500000000000002,0.7500000000000001,0.19999999999999996,0.20000000000000007,0.5,0.8,0.18,False,True,
6617319835029857,constant,0.5,evaluated,0.5,0.0,0.7499999999999999,0.75,0.0,-1.1102230246251565e-16,0.5,0.0,1.0,True,True,
6617319835029857,independent,0.5,evaluated,0.5,0.0,0.75,0.75,0.0,0.0,0.5,0.0,0.5,True,True,
6617319835029857,informative_unused,0.5,evaluated,0.5,0.5,0.75,0.75,0.25,0.0,0.5,0.0,0.0,False,True,
6617319835029857,xor_public,0.5,evaluated,0.0,0.0,1.0,1.0,0.0,0.0,,,,False,True,
6617319835029857,hidden_irrelevant,0.5,evaluated,1.0,0.2992809940365949,0.9999999999999999,0.9999999999999999,0.0,0.0,,,,False,True,
6617319835029857,symmetric_init,0.5,evaluated,0.5,0.0,0.75,0.75,0.0,0.0,0.5,0.0,0.5,True,True,
7560358128876182,identity,0.5,evaluated,0.5,0.5,1.0,0.75,0.25,0.25,0.5,1.0,0.0,False,True,
7560358128876182,noisy,0.5,evaluated,0.5,0.265502203205358,0.9500000000000002,0.75,0.19999999999999996,0.20000000000000018,0.5,0.8,0.18,False,True,
7560358128876182,constant,0.5,evaluated,0.5,0.0,0.75,0.75,0.0,0.0,0.5,0.0,1.0,True,True,
7560358128876182,independent,0.5,evaluated,0.5,0.0,0.7500000000000001,0.7500000000000002,0.0,-1.1102230246251565e-16,0.5,0.0,0.5,True,True,
7560358128876182,informative_unused,0.5,evaluated,0.5,0.5,0.75,0.75,0.25,0.0,0.5,0.0,0.0,False,True,
7560358128876182,xor_public,0.5,evaluated,0.0,0.0,1.0,1.0,0.0,0.0,,,,True,True,
7560358128876182,hidden_irrelevant,0.5,evaluated,1.0,0.0,1.0,1.0,0.0,0.0,,,,True,True,
7560358128876182,symmetric_init,0.5,evaluated,0.5,0.0,0.75,0.75,0.0,0.0,0.5,0.0,0.5,True,True,
7854113503392730,identity,0.5,evaluated,0.5,0.5,1.0,0.75,0.25,0.25,0.5,1.0,0.0,False,True,
7854113503392730,noisy,0.5,evaluated,0.5,0.265502203205358,0.9500000000000002,0.75,0.19999999999999996,0.20000000000000018,0.5,0.8,0.18,False,True,
7854113503392730,constant,0.5,evaluated,0.5,0.0,0.7500000000000001,0.75,0.0,1.1102230246251565e-16,0.5,0.0,1.0,True,True,
7854113503392730,independent,0.5,evaluated,0.5,0.0,0.7499999999999998,0.75,0.0,-2.220446049250313e-16,0.5,0.0,0.5,True,True,
7854113503392730,informative_unused,0.5,evaluated,0.5,0.5,0.75,0.75,0.25,0.0,0.5,0.0,0.0,False,True,
7854113503392730,xor_public,0.5,evaluated,0.0,0.0,1.0,1.0,0.0,0.0,,,,True,True,
7854113503392730,hidden_irrelevant,0.5,evaluated,1.0,0.009081990734531323,1.0,1.0,0.0,0.0,,,,False,True,
7854113503392730,symmetric_init,0.5,evaluated,0.5,0.0,0.75,0.75,0.0,0.0,0.5,0.0,0.5,True,True,
4525590732621207,identity,0.5,evaluated,0.5,0.5,1.0,0.75,0.25,0.25,0.5,1.0,0.0,False,True,
4525590732621207,noisy,0.5,evaluated,0.5,0.265502203205358,0.9500000000000002,0.7500000000000001,0.19999999999999996,0.20000000000000007,0.5,0.8,0.18,False,True,
4525590732621207,constant,0.5,evaluated,0.5,0.0,0.75,0.75,0.0,0.0,0.5,0.0,1.0,True,True,
4525590732621207,independent,0.5,evaluated,0.5,0.0,0.7499999999999999,0.7499999999999998,0.0,1.1102230246251565e-16,0.5,0.0,0.5,True,True,
4525590732621207,informative_unused,0.5,evaluated,0.5,0.5,0.75,0.75,0.25,0.0,0.5,0.0,0.0,False,True,
4525590732621207,xor_public,0.5,evaluated,0.0,0.0,1.0,1.0,0.0,0.0,,,,False,True,
4525590732621207,hidden_irrelevant,0.5,evaluated,1.0,0.0,1.0,1.0,0.0,0.0,,,,True,True,
4525590732621207,symmetric_init,0.5,evaluated,0.5,0.0,0.75,0.75,0.0,0.0,0.5,0.0,0.5,True,True,
8913919776434873,identity,0.5,evaluated,0.5,0.5,1.0,0.7499999999999999,0.25,0.2500000000000001,0.5,1.0,0.0,False,True,
8913919776434873,noisy,0.5,evaluated,0.5,0.265502203205358,0.9500000000000002,0.75,0.19999999999999996,0.20000000000000018,0.5,0.8,0.18,False,True,
8913919776434873,constant,0.5,evaluated,0.5,0.0,0.75,0.7499999999999999,0.0,1.1102230246251565e-16,0.5,0.0,1.0,True,True,
8913919776434873,independent,0.5,evaluated,0.5,0.0,0.7499999999999999,0.7500000000000002,0.0,-3.3306690738754696e-16,0.5,0.0,0.5,True,True,
8913919776434873,informative_unused,0.5,evaluated,0.5,0.5,0.75,0.7499999999999999,0.25,1.1102230246251565e-16,0.5,0.0,0.0,False,True,
8913919776434873,xor_public,0.5,evaluated,0.0,0.0,1.0,1.0,0.0,0.0,,,,False,True,
8913919776434873,hidden_irrelevant,0.5,evaluated,1.0,0.03485931666805475,1.0,1.0,0.0,0.0,,,,False,True,
8913919776434873,symmetric_init,0.5,evaluated,0.5,0.0,0.75,0.75,0.0,0.0,0.5,0.0,0.5,True,True,
5428602983823627,identity,0.5,evaluated,0.5,0.5,1.0,0.75,0.25,0.25,0.5,1.0,0.0,False,True,
5428602983823627,noisy,0.5,evaluated,0.5,0.265502203205358,0.9500000000000002,0.7500000000000002,0.19999999999999996,0.19999999999999996,0.5,0.8,0.18,False,True,
5428602983823627,constant,0.5,evaluated,0.5,0.0,0.75,0.75,0.0,0.0,0.5,0.0,1.0,True,True,
5428602983823627,independent,0.5,evaluated,0.5,0.0,0.7499999999999999,0.7500000000000002,0.0,-3.3306690738754696e-16,0.5,0.0,0.5,True,True,
5428602983823627,informative_unused,0.5,evaluated,0.5,0.5,0.75,0.75,0.25,0.0,0.5,0.0,0.0,False,True,
5428602983823627,xor_public,0.5,evaluated,0.0,0.0,1.0,1.0,0.0,0.0,,,,False,True,
5428602983823627,hidden_irrelevant,0.5,evaluated,1.0,0.039159444082027595,1.0,1.0,0.0,0.0,,,,False,True,
5428602983823627,symmetric_init,0.5,evaluated,0.5,0.0,0.75,0.75,0.0,0.0,0.5,0.0,0.5,True,True,
6348304280020942,identity,0.5,evaluated,0.5,0.5,1.0,0.7500000000000001,0.25,0.2499999999999999,0.5,1.0,0.0,False,True,
6348304280020942,noisy,0.5,evaluated,0.5,0.265502203205358,0.9500000000000002,0.7499999999999998,0.19999999999999996,0.2000000000000004,0.5,0.8,0.18,False,True,
6348304280020942,constant,0.5,evaluated,0.5,0.0,0.75,0.7500000000000001,0.0,-1.1102230246251565e-16,0.5,0.0,1.0,True,True,
6348304280020942,independent,0.5,evaluated,0.5,0.0,0.75,0.75,0.0,0.0,0.5,0.0,0.5,True,True,
6348304280020942,informative_unused,0.5,evaluated,0.5,0.5,0.75,0.7500000000000001,0.25,-1.1102230246251565e-16,0.5,0.0,0.0,False,True,
6348304280020942,xor_public,0.5,evaluated,0.0,0.0,1.0,1.0,0.0,0.0,,,,True,True,
6348304280020942,hidden_irrelevant,0.5,evaluated,1.0,0.0777912497347886,1.0,1.0,0.0,0.0,,,,False,True,
6348304280020942,symmetric_init,0.5,evaluated,0.5,0.0,0.75,0.75,0.0,0.0,0.5,0.0,0.5,True,True,
5175438790908542,identity,0.5,evaluated,0.5,0.5,1.0,0.75,0.25,0.25,0.5,1.0,0.0,False,True,
5175438790908542,noisy,0.5,evaluated,0.5,0.265502203205358,0.9500000000000002,0.7500000000000001,0.19999999999999996,0.20000000000000007,0.5,0.8,0.18,False,True,
5175438790908542,constant,0.5,evaluated,0.5,0.0,0.7500000000000001,0.75,0.0,1.1102230246251565e-16,0.5,0.0,1.0,True,True,
5175438790908542,independent,0.5,evaluated,0.5,0.0,0.75,0.75,0.0,0.0,0.5,0.0,0.5,True,True,
5175438790908542,informative_unused,0.5,evaluated,0.5,0.5,0.75,0.75,0.25,0.0,0.5,0.0,0.0,False,True,
5175438790908542,xor_public,0.5,evaluated,0.0,0.0,1.0,1.0,0.0,0.0,,,,False,True,
5175438790908542,hidden_irrelevant,0.5,evaluated,1.0,0.007658976556780515,1.0,1.0,0.0,0.0,,,,False,True,
5175438790908542,symmetric_init,0.5,evaluated,0.5,0.0,0.75,0.75,0.0,0.0,0.5,0.0,0.5,True,True,
6208745084770564,identity,0.5,evaluated,0.5,0.5,1.0,0.75,0.25,0.25,0.5,1.0,0.0,False,True,
6208745084770564,noisy,0.5,evaluated,0.5,0.265502203205358,0.9500000000000002,0.75,0.19999999999999996,0.20000000000000018,0.5,0.8,0.18,False,True,
6208745084770564,constant,0.5,evaluated,0.5,0.0,0.75,0.75,0.0,0.0,0.5,0.0,1.0,True,True,
6208745084770564,independent,0.5,evaluated,0.5,0.0,0.7499999999999999,0.75,0.0,-1.1102230246251565e-16,0.5,0.0,0.5,True,True,
6208745084770564,informative_unused,0.5,evaluated,0.5,0.5,0.75,0.75,0.25,0.0,0.5,0.0,0.0,False,True,
6208745084770564,xor_public,0.5,evaluated,0.0,0.0,1.0,1.0,0.0,0.0,,,,False,True,
6208745084770564,hidden_irrelevant,0.5,evaluated,1.0,5.312641145431281e-06,1.0,1.0,0.0,0.0,,,,False,True,
6208745084770564,symmetric_init,0.5,evaluated,0.5,0.0,0.75,0.75,0.0,0.0,0.5,0.0,0.5,True,True,
6619480709064998,identity,0.5,evaluated,0.5,0.5,1.0,0.75,0.25,0.25,0.5,1.0,0.0,False,True,
6619480709064998,noisy,0.5,evaluated,0.5,0.265502203205358,0.9500000000000002,0.7500000000000001,0.19999999999999996,0.20000000000000007,0.5,0.8,0.18,False,True,
6619480709064998,constant,0.5,evaluated,0.5,0.0,0.75,0.75,0.0,0.0,0.5,0.0,1.0,True,True,
6619480709064998,independent,0.5,evaluated,0.5,0.0,0.75,0.75,0.0,0.0,0.5,0.0,0.5,True,True,
6619480709064998,informative_unused,0.5,evaluated,0.5,0.5,0.75,0.75,0.25,0.0,0.5,0.0,0.0,False,True,
6619480709064998,xor_public,0.5,evaluated,0.0,0.0,1.0,1.0,0.0,0.0,,,,True,True,
6619480709064998,hidden_irrelevant,0.5,evaluated,1.0,0.17124505098043752,1.0,1.0,0.0,0.0,,,,False,True,
6619480709064998,symmetric_init,0.5,evaluated,0.5,0.0,0.75,0.75,0.0,0.0,0.5,0.0,0.5,True,True,
4506739759613900,identity,0.5,evaluated,0.5,0.5,1.0,0.75,0.25,0.25,0.5,1.0,0.0,False,True,
4506739759613900,noisy,0.5,evaluated,0.5,0.265502203205358,0.9500000000000002,0.7500000000000001,0.19999999999999996,0.20000000000000007,0.5,0.8,0.18,False,True,
4506739759613900,constant,0.5,evaluated,0.5,0.0,0.75,0.75,0.0,0.0,0.5,0.0,1.0,True,True,
4506739759613900,independent,0.5,evaluated,0.5,0.0,0.75,0.75,0.0,0.0,0.5,0.0,0.5,True,True,
4506739759613900,informative_unused,0.5,evaluated,0.5,0.5,0.75,0.75,0.25,0.0,0.5,0.0,0.0,False,True,
4506739759613900,xor_public,0.5,evaluated,0.0,0.0,1.0,1.0,0.0,0.0,,,,False,True,
4506739759613900,hidden_irrelevant,0.5,evaluated,1.0,0.020379642207944998,1.0,1.0,0.0,0.0,,,,False,True,
4506739759613900,symmetric_init,0.5,evaluated,0.5,0.0,0.75,0.75,0.0,0.0,0.5,0.0,0.5,True,True,
8455411264749547,identity,0.5,evaluated,0.5,0.5,1.0,0.75,0.25,0.25,0.5,1.0,0.0,False,True,
8455411264749547,noisy,0.5,evaluated,0.5,0.265502203205358,0.9500000000000002,0.7500000000000001,0.19999999999999996,0.20000000000000007,0.5,0.8,0.18,False,True,
8455411264749547,constant,0.5,evaluated,0.5,0.0,0.75,0.75,0.0,0.0,0.5,0.0,1.0,True,True,
8455411264749547,independent,0.5,evaluated,0.5,0.0,0.7499999999999999,0.75,0.0,-1.1102230246251565e-16,0.5,0.0,0.5,True,True,
8455411264749547,informative_unused,0.5,evaluated,0.5,0.5,0.75,0.75,0.25,0.0,0.5,0.0,0.0,False,True,
8455411264749547,xor_public,0.5,evaluated,0.0,0.0,1.0,1.0,0.0,0.0,,,,False,True,
8455411264749547,hidden_irrelevant,0.5,evaluated,1.0,0.01014270349835071,1.0,1.0,0.0,0.0,,,,False,True,
8455411264749547,symmetric_init,0.5,evaluated,0.5,0.0,0.75,0.75,0.0,0.0,0.5,0.0,0.5,True,True,
6055758471880065,identity,0.5,evaluated,0.5,0.5,1.0,0.75,0.25,0.25,0.5,1.0,0.0,False,True,
6055758471880065,noisy,0.5,evaluated,0.5,0.265502203205358,0.9500000000000002,0.75,0.19999999999999996,0.20000000000000018,0.5,0.8,0.18,False,True,
6055758471880065,constant,0.5,evaluated,0.5,0.0,0.75,0.75,0.0,0.0,0.5,0.0,1.0,True,True,
6055758471880065,independent,0.5,evaluated,0.5,0.0,0.7500000000000001,0.75,0.0,1.1102230246251565e-16,0.5,0.0,0.5,True,True,
6055758471880065,informative_unused,0.5,evaluated,0.5,0.5,0.75,0.75,0.25,0.0,0.5,0.0,0.0,False,True,
6055758471880065,xor_public,0.5,evaluated,0.0,0.0,1.0,1.0,0.0,0.0,,,,False,True,
6055758471880065,hidden_irrelevant,0.5,evaluated,1.0,0.1886805734145051,1.0,1.0,0.0,0.0,,,,False,True,
6055758471880065,symmetric_init,0.5,evaluated,0.5,0.0,0.75,0.75,0.0,0.0,0.5,0.0,0.5,True,True,
5258786561132848,identity,0.5,evaluated,0.5,0.5,1.0,0.75,0.25,0.25,0.5,1.0,0.0,False,True,
5258786561132848,noisy,0.5,evaluated,0.5,0.265502203205358,0.9500000000000002,0.75,0.19999999999999996,0.20000000000000018,0.5,0.8,0.18,False,True,
5258786561132848,constant,0.5,evaluated,0.5,0.0,0.75,0.75,0.0,0.0,0.5,0.0,1.0,True,True,
5258786561132848,independent,0.5,evaluated,0.5,0.0,0.75,0.75,0.0,0.0,0.5,0.0,0.5,True,True,
5258786561132848,informative_unused,0.5,evaluated,0.5,0.5,0.75,0.75,0.25,0.0,0.5,0.0,0.0,False,True,
5258786561132848,xor_public,0.5,evaluated,0.0,0.0,1.0,1.0,0.0,0.0,,,,False,True,
5258786561132848,hidden_irrelevant,0.5,evaluated,1.0,0.08259427613593792,1.0,1.0,0.0,0.0,,,,False,True,
5258786561132848,symmetric_init,0.5,evaluated,0.5,0.0,0.75,0.75,0.0,0.0,0.5,0.0,0.5,True,True,
8628684571108326,identity,0.5,evaluated,0.5,0.5,1.0,0.75,0.25,0.25,0.5,1.0,0.0,False,True,
8628684571108326,noisy,0.5,evaluated,0.5,0.265502203205358,0.9500000000000002,0.7500000000000002,0.19999999999999996,0.19999999999999996,0.5,0.8,0.18,False,True,
8628684571108326,constant,0.5,evaluated,0.5,0.0,0.75,0.75,0.0,0.0,0.5,0.0,1.0,True,True,
8628684571108326,independent,0.5,evaluated,0.5,0.0,0.75,0.7500000000000002,0.0,-2.220446049250313e-16,0.5,0.0,0.5,True,True,
8628684571108326,informative_unused,0.5,evaluated,0.5,0.5,0.75,0.75,0.25,0.0,0.5,0.0,0.0,False,True,
8628684571108326,xor_public,0.5,evaluated,0.0,0.0,1.0,1.0,0.0,0.0,,,,True,True,
8628684571108326,hidden_irrelevant,0.5,evaluated,1.0,0.003579084713780166,1.0,1.0,0.0,0.0,,,,False,True,
8628684571108326,symmetric_init,0.5,evaluated,0.5,0.0,0.75,0.75,0.0,0.0,0.5,0.0,0.5,True,True,
7550665549123708,identity,0.5,evaluated,0.5,0.5,1.0,0.75,0.25,0.25,0.5,1.0,0.0,False,True,
7550665549123708,noisy,0.5,evaluated,0.5,0.265502203205358,0.9500000000000002,0.75,0.19999999999999996,0.20000000000000018,0.5,0.8,0.18,False,True,
7550665549123708,constant,0.5,evaluated,0.5,0.0,0.75,0.75,0.0,0.0,0.5,0.0,1.0,True,True,
7550665549123708,independent,0.5,evaluated,0.5,0.0,0.7499999999999999,0.75,0.0,-1.1102230246251565e-16,0.5,0.0,0.5,True,True,
7550665549123708,informative_unused,0.5,evaluated,0.5,0.5,0.75,0.75,0.25,0.0,0.5,0.0,0.0,False,True,
7550665549123708,xor_public,0.5,evaluated,0.0,0.0,1.0,1.0,0.0,0.0,,,,False,True,
7550665549123708,hidden_irrelevant,0.5,evaluated,1.0,0.2832377919958073,1.0,1.0,0.0,0.0,,,,False,True,
7550665549123708,symmetric_init,0.5,evaluated,0.5,0.0,0.75,0.75,0.0,0.0,0.5,0.0,0.5,True,True,
8954237481963785,identity,0.5,evaluated,0.5,0.5,1.0,0.75,0.25,0.25,0.5,1.0,0.0,False,True,
8954237481963785,noisy,0.5,evaluated,0.5,0.265502203205358,0.9500000000000002,0.7499999999999998,0.19999999999999996,0.2000000000000004,0.5,0.8,0.18,False,True,
8954237481963785,constant,0.5,evaluated,0.5,0.0,0.75,0.75,0.0,0.0,0.5,0.0,1.0,True,True,
8954237481963785,independent,0.5,evaluated,0.5,0.0,0.7500000000000001,0.75,0.0,1.1102230246251565e-16,0.5,0.0,0.5,True,True,
8954237481963785,informative_unused,0.5,evaluated,0.5,0.5,0.75,0.75,0.25,0.0,0.5,0.0,0.0,False,True,
8954237481963785,xor_public,0.5,evaluated,0.0,0.0,1.0,1.0,0.0,0.0,,,,False,True,
8954237481963785,hidden_irrelevant,0.5,evaluated,1.0,0.13733572385849802,1.0,1.0,0.0,0.0,,,,False,True,
8954237481963785,symmetric_init,0.5,evaluated,0.5,0.0,0.75,0.75,0.0,0.0,0.5,0.0,0.5,True,True,
7875955280522336,identity,0.5,evaluated,0.5,0.5,1.0,0.75,0.25,0.25,0.5,1.0,0.0,False,True,
7875955280522336,noisy,0.5,evaluated,0.5,0.265502203205358,0.9500000000000002,0.7500000000000001,0.19999999999999996,0.20000000000000007,0.5,0.8,0.18,False,True,
7875955280522336,constant,0.5,evaluated,0.5,0.0,0.7499999999999999,0.75,0.0,-1.1102230246251565e-16,0.5,0.0,1.0,True,True,
7875955280522336,independent,0.5,evaluated,0.5,0.0,0.75,0.75,0.0,0.0,0.5,0.0,0.5,True,True,
7875955280522336,informative_unused,0.5,evaluated,0.5,0.5,0.75,0.75,0.25,0.0,0.5,0.0,0.0,False,True,
7875955280522336,xor_public,0.5,evaluated,0.0,0.0,1.0,1.0,0.0,0.0,,,,False,True,
7875955280522336,hidden_irrelevant,0.5,evaluated,1.0,0.3011281315724655,1.0,1.0,0.0,0.0,,,,False,True,
7875955280522336,symmetric_init,0.5,evaluated,0.5,0.0,0.75,0.75,0.0,0.0,0.5,0.0,0.5,True,True,
4763179645581659,identity,0.5,evaluated,0.5,0.5,1.0,0.75,0.25,0.25,0.5,1.0,0.0,False,True,
4763179645581659,noisy,0.5,evaluated,0.5,0.265502203205358,0.9500000000000002,0.7500000000000001,0.19999999999999996,0.20000000000000007,0.5,0.8,0.18,False,True,
4763179645581659,constant,0.5,evaluated,0.5,0.0,0.75,0.75,0.0,0.0,0.5,0.0,1.0,True,True,
4763179645581659,independent,0.5,evaluated,0.5,0.0,0.7499999999999999,0.7499999999999998,0.0,1.1102230246251565e-16,0.5,0.0,0.5,True,True,
4763179645581659,informative_unused,0.5,evaluated,0.5,0.5,0.75,0.75,0.25,0.0,0.5,0.0,0.0,False,True,
4763179645581659,xor_public,0.5,evaluated,0.0,0.0,1.0,1.0,0.0,0.0,,,,True,True,
4763179645581659,hidden_irrelevant,0.5,evaluated,1.0,0.055763995373158945,1.0,1.0,0.0,0.0,,,,False,True,
4763179645581659,symmetric_init,0.5,evaluated,0.5,0.0,0.75,0.75,0.0,0.0,0.5,0.0,0.5,True,True,
7696049072009324,identity,0.5,evaluated,0.5,0.5,1.0,0.7500000000000001,0.25,0.2499999999999999,0.5,1.0,0.0,False,True,
7696049072009324,noisy,0.5,evaluated,0.5,0.265502203205358,0.9500000000000002,0.7500000000000002,0.19999999999999996,0.19999999999999996,0.5,0.8,0.18,False,True,
7696049072009324,constant,0.5,evaluated,0.5,0.0,0.7500000000000001,0.7500000000000001,0.0,0.0,0.5,0.0,1.0,True,True,
7696049072009324,independent,0.5,evaluated,0.5,0.0,0.75,0.75,0.0,0.0,0.5,0.0,0.5,True,True,
7696049072009324,informative_unused,0.5,evaluated,0.5,0.5,0.75,0.7500000000000001,0.25,-1.1102230246251565e-16,0.5,0.0,0.0,False,True,
7696049072009324,xor_public,0.5,evaluated,0.0,0.0,1.0,1.0,0.0,0.0,,,,True,True,
7696049072009324,hidden_irrelevant,0.5,evaluated,1.0,0.11036225348102557,1.0,1.0,0.0,0.0,,,,False,True,
7696049072009324,symmetric_init,0.5,evaluated,0.5,0.0,0.75,0.75,0.0,0.0,0.5,0.0,0.5,True,True,
8258666453689621,identity,0.5,evaluated,0.5,0.5,1.0,0.7499999999999999,0.25,0.2500000000000001,0.5,1.0,0.0,False,True,
8258666453689621,noisy,0.5,evaluated,0.5,0.265502203205358,0.9500000000000002,0.75,0.19999999999999996,0.20000000000000018,0.5,0.8,0.18,False,True,
8258666453689621,constant,0.5,evaluated,0.5,0.0,0.75,0.7499999999999999,0.0,1.1102230246251565e-16,0.5,0.0,1.0,True,True,
8258666453689621,independent,0.5,evaluated,0.5,0.0,0.75,0.75,0.0,0.0,0.5,0.0,0.5,True,True,
8258666453689621,informative_unused,0.5,evaluated,0.5,0.5,0.75,0.7499999999999999,0.25,1.1102230246251565e-16,0.5,0.0,0.0,False,True,
8258666453689621,xor_public,0.5,evaluated,0.0,0.0,1.0,1.0,0.0,0.0,,,,True,True,
8258666453689621,hidden_irrelevant,0.5,evaluated,1.0,0.03954274844174062,1.0,1.0,0.0,0.0,,,,False,True,
8258666453689621,symmetric_init,0.5,evaluated,0.5,0.0,0.75,0.75,0.0,0.0,0.5,0.0,0.5,True,True,
5432508365103505,identity,0.5,evaluated,0.5,0.5,1.0,0.75,0.25,0.25,0.5,1.0,0.0,False,True,
5432508365103505,noisy,0.5,evaluated,0.5,0.265502203205358,0.9500000000000002,0.75,0.19999999999999996,0.20000000000000018,0.5,0.8,0.18,False,True,
5432508365103505,constant,0.5,evaluated,0.5,0.0,0.75,0.75,0.0,0.0,0.5,0.0,1.0,True,True,
5432508365103505,independent,0.5,evaluated,0.5,0.0,0.75,0.7499999999999998,0.0,2.220446049250313e-16,0.5,0.0,0.5,True,True,
5432508365103505,informative_unused,0.5,evaluated,0.5,0.5,0.75,0.75,0.25,0.0,0.5,0.0,0.0,False,True,
5432508365103505,xor_public,0.5,evaluated,0.0,0.0,1.0,1.0,0.0,0.0,,,,False,True,
5432508365103505,hidden_irrelevant,0.5,evaluated,1.0,0.004417550349003086,0.9999999999999999,0.9999999999999999,0.0,0.0,,,,False,True,
5432508365103505,symmetric_init,0.5,evaluated,0.5,0.0,0.75,0.75,0.0,0.0,0.5,0.0,0.5,True,True,
8705035063229913,identity,0.5,evaluated,0.5,0.5,1.0,0.7499999999999999,0.25,0.2500000000000001,0.5,1.0,0.0,False,True,
8705035063229913,noisy,0.5,evaluated,0.5,0.265502203205358,0.9500000000000002,0.75,0.19999999999999996,0.20000000000000018,0.5,0.8,0.18,False,True,
8705035063229913,constant,0.5,evaluated,0.5,0.0,0.75,0.7499999999999999,0.0,1.1102230246251565e-16,0.5,0.0,1.0,True,True,
8705035063229913,independent,0.5,evaluated,0.5,0.0,0.7499999999999999,0.7500000000000002,0.0,-3.3306690738754696e-16,0.5,0.0,0.5,True,True,
8705035063229913,informative_unused,0.5,evaluated,0.5,0.5,0.75,0.7499999999999999,0.25,1.1102230246251565e-16,0.5,0.0,0.0,False,True,
8705035063229913,xor_public,0.5,evaluated,0.0,0.0,1.0,1.0,0.0,0.0,,,,False,True,
8705035063229913,hidden_irrelevant,0.5,evaluated,1.0,0.15482876931744483,1.0,1.0,0.0,0.0,,,,False,True,
8705035063229913,symmetric_init,0.5,evaluated,0.5,0.0,0.75,0.75,0.0,0.0,0.5,0.0,0.5,True,True,
6544207421879099,identity,0.5,evaluated,0.5,0.5,1.0,0.75,0.25,0.25,0.5,1.0,0.0,False,True,
6544207421879099,noisy,0.5,evaluated,0.5,0.265502203205358,0.9500000000000002,0.75,0.19999999999999996,0.20000000000000018,0.5,0.8,0.18,False,True,
6544207421879099,constant,0.5,evaluated,0.5,0.0,0.7500000000000001,0.75,0.0,1.1102230246251565e-16,0.5,0.0,1.0,True,True,
6544207421879099,independent,0.5,evaluated,0.5,0.0,0.75,0.75,0.0,0.0,0.5,0.0,0.5,True,True,
6544207421879099,informative_unused,0.5,evaluated,0.5,0.5,0.75,0.75,0.25,0.0,0.5,0.0,0.0,False,True,
6544207421879099,xor_public,0.5,evaluated,0.0,0.0,1.0,1.0,0.0,0.0,,,,False,True,
6544207421879099,hidden_irrelevant,0.5,evaluated,1.0,0.009436447421481316,1.0,1.0,0.0,0.0,,,,False,True,
6544207421879099,symmetric_init,0.5,evaluated,0.5,0.0,0.75,0.75,0.0,0.0,0.5,0.0,0.5,True,True,
7923819491954020,identity,0.5,evaluated,0.5,0.5,1.0,0.75,0.25,0.25,0.5,1.0,0.0,False,True,
7923819491954020,noisy,0.5,evaluated,0.5,0.265502203205358,0.9500000000000002,0.7499999999999998,0.19999999999999996,0.2000000000000004,0.5,0.8,0.18,False,True,
7923819491954020,constant,0.5,evaluated,0.5,0.0,0.75,0.75,0.0,0.0,0.5,0.0,1.0,True,True,
7923819491954020,independent,0.5,evaluated,0.5,0.0,0.7499999999999999,0.7499999999999998,0.0,1.1102230246251565e-16,0.5,0.0,0.5,True,True,
7923819491954020,informative_unused,0.5,evaluated,0.5,0.5,0.75,0.75,0.25,0.0,0.5,0.0,0.0,False,True,
7923819491954020,xor_public,0.5,evaluated,0.0,0.0,1.0,1.0,0.0,0.0,,,,True,True,
7923819491954020,hidden_irrelevant,0.5,evaluated,1.0,0.2799544055685531,1.0,1.0,0.0,0.0,,,,False,True,
7923819491954020,symmetric_init,0.5,evaluated,0.5,0.0,0.75,0.75,0.0,0.0,0.5,0.0,0.5,True,True,
8401987328717310,identity,0.5,evaluated,0.5,0.5,1.0,0.75,0.25,0.25,0.5,1.0,0.0,False,True,
8401987328717310,noisy,0.5,evaluated,0.5,0.265502203205358,0.9500000000000002,0.7500000000000001,0.19999999999999996,0.20000000000000007,0.5,0.8,0.18,False,True,
8401987328717310,constant,0.5,evaluated,0.5,0.0,0.75,0.75,0.0,0.0,0.5,0.0,1.0,True,True,
8401987328717310,independent,0.5,evaluated,0.5,0.0,0.7500000000000001,0.75,0.0,1.1102230246251565e-16,0.5,0.0,0.5,True,True,
8401987328717310,informative_unused,0.5,evaluated,0.5,0.5,0.75,0.75,0.25,0.0,0.5,0.0,0.0,False,True,
8401987328717310,xor_public,0.5,evaluated,0.0,0.0,1.0,1.0,0.0,0.0,,,,False,True,
8401987328717310,hidden_irrelevant,0.5,evaluated,1.0,0.27385352089449144,1.0,1.0,0.0,0.0,,,,False,True,
8401987328717310,symmetric_init,0.5,evaluated,0.5,0.0,0.75,0.75,0.0,0.0,0.5,0.0,0.5,True,True,
7139107514559203,identity,0.5,evaluated,0.5,0.5,1.0,0.75,0.25,0.25,0.5,1.0,0.0,False,True,
7139107514559203,noisy,0.5,evaluated,0.5,0.265502203205358,0.9500000000000002,0.75,0.19999999999999996,0.20000000000000018,0.5,0.8,0.18,False,True,
7139107514559203,constant,0.5,evaluated,0.5,0.0,0.75,0.75,0.0,0.0,0.5,0.0,1.0,True,True,
7139107514559203,independent,0.5,evaluated,0.5,0.0,0.75,0.7499999999999998,0.0,2.220446049250313e-16,0.5,0.0,0.5,True,True,
7139107514559203,informative_unused,0.5,evaluated,0.5,0.5,0.75,0.75,0.25,0.0,0.5,0.0,0.0,False,True,
7139107514559203,xor_public,0.5,evaluated,0.0,0.0,1.0,1.0,0.0,0.0,,,,False,True,
7139107514559203,hidden_irrelevant,0.5,evaluated,1.0,0.008673062695969472,1.0,1.0,0.0,0.0,,,,False,True,
7139107514559203,symmetric_init,0.5,evaluated,0.5,0.0,0.75,0.75,0.0,0.0,0.5,0.0,0.5,True,True,
6780289310598183,identity,0.5,evaluated,0.5,0.5,1.0,0.75,0.25,0.25,0.5,1.0,0.0,False,True,
6780289310598183,noisy,0.5,evaluated,0.5,0.265502203205358,0.9500000000000002,0.75,0.19999999999999996,0.20000000000000018,0.5,0.8,0.18,False,True,
6780289310598183,constant,0.5,evaluated,0.5,0.0,0.75,0.75,0.0,0.0,0.5,0.0,1.0,True,True,
6780289310598183,independent,0.5,evaluated,0.5,0.0,0.7499999999999999,0.75,0.0,-1.1102230246251565e-16,0.5,0.0,0.5,True,True,
6780289310598183,informative_unused,0.5,evaluated,0.5,0.5,0.75,0.75,0.25,0.0,0.5,0.0,0.0,False,True,
6780289310598183,xor_public,0.5,evaluated,0.0,0.0,1.0,1.0,0.0,0.0,,,,True,True,
6780289310598183,hidden_irrelevant,0.5,evaluated,1.0,0.4604826872188874,1.0,1.0,0.0,0.0,,,,False,True,
6780289310598183,symmetric_init,0.5,evaluated,0.5,0.0,0.75,0.75,0.0,0.0,0.5,0.0,0.5,True,True,
6598121846672593,identity,0.5,evaluated,0.5,0.5,1.0,0.75,0.25,0.25,0.5,1.0,0.0,False,True,
6598121846672593,noisy,0.5,evaluated,0.5,0.265502203205358,0.9500000000000002,0.75,0.19999999999999996,0.20000000000000018,0.5,0.8,0.18,False,True,
6598121846672593,constant,0.5,evaluated,0.5,0.0,0.75,0.75,0.0,0.0,0.5,0.0,1.0,True,True,
6598121846672593,independent,0.5,evaluated,0.5,0.0,0.75,0.7500000000000002,0.0,-2.220446049250313e-16,0.5,0.0,0.5,True,True,
6598121846672593,informative_unused,0.5,evaluated,0.5,0.5,0.75,0.75,0.25,0.0,0.5,0.0,0.0,False,True,
6598121846672593,xor_public,0.5,evaluated,0.0,0.0,1.0,1.0,0.0,0.0,,,,False,True,
6598121846672593,hidden_irrelevant,0.5,evaluated,1.0,0.006599166185734402,1.0,1.0,0.0,0.0,,,,False,True,
6598121846672593,symmetric_init,0.5,evaluated,0.5,0.0,0.75,0.75,0.0,0.0,0.5,0.0,0.5,True,True,
4564191085795428,identity,0.5,evaluated,0.5,0.5,1.0,0.75,0.25,0.25,0.5,1.0,0.0,False,True,
4564191085795428,noisy,0.5,evaluated,0.5,0.265502203205358,0.9500000000000002,0.7500000000000001,0.19999999999999996,0.20000000000000007,0.5,0.8,0.18,False,True,
4564191085795428,constant,0.5,evaluated,0.5,0.0,0.75,0.75,0.0,0.0,0.5,0.0,1.0,True,True,
4564191085795428,independent,0.5,evaluated,0.5,0.0,0.75,0.75,0.0,0.0,0.5,0.0,0.5,True,True,
4564191085795428,informative_unused,0.5,evaluated,0.5,0.5,0.75,0.75,0.25,0.0,0.5,0.0,0.0,False,True,
4564191085795428,xor_public,0.5,evaluated,0.0,0.0,1.0,1.0,0.0,0.0,,,,False,True,
4564191085795428,hidden_irrelevant,0.5,evaluated,1.0,0.020465950962828685,1.0,1.0,0.0,0.0,,,,False,True,
4564191085795428,symmetric_init,0.5,evaluated,0.5,0.0,0.75,0.75,0.0,0.0,0.5,0.0,0.5,True,True,
7790070734371461,identity,0.5,evaluated,0.5,0.5,1.0,0.75,0.25,0.25,0.5,1.0,0.0,False,True,
7790070734371461,noisy,0.5,evaluated,0.5,0.265502203205358,0.9500000000000002,0.75,0.19999999999999996,0.20000000000000018,0.5,0.8,0.18,False,True,
7790070734371461,constant,0.5,evaluated,0.5,0.0,0.75,0.75,0.0,0.0,0.5,0.0,1.0,True,True,
7790070734371461,independent,0.5,evaluated,0.5,0.0,0.75,0.7500000000000002,0.0,-2.220446049250313e-16,0.5,0.0,0.5,True,True,
7790070734371461,informative_unused,0.5,evaluated,0.5,0.5,0.75,0.75,0.25,0.0,0.5,0.0,0.0,False,True,
7790070734371461,xor_public,0.5,evaluated,0.0,0.0,1.0,1.0,0.0,0.0,,,,False,True,
7790070734371461,hidden_irrelevant,0.5,evaluated,1.0,0.0,1.0,1.0,0.0,0.0,,,,True,True,
7790070734371461,symmetric_init,0.5,evaluated,0.5,0.0,0.75,0.75,0.0,0.0,0.5,0.0,0.5,True,True,
5499306747128053,identity,0.5,evaluated,0.5,0.5,1.0,0.75,0.25,0.25,0.5,1.0,0.0,False,True,
5499306747128053,noisy,0.5,evaluated,0.5,0.265502203205358,0.9500000000000002,0.75,0.19999999999999996,0.20000000000000018,0.5,0.8,0.18,False,True,
5499306747128053,constant,0.5,evaluated,0.5,0.0,0.75,0.75,0.0,0.0,0.5,0.0,1.0,True,True,
5499306747128053,independent,0.5,evaluated,0.5,0.0,0.7499999999999998,0.75,0.0,-2.220446049250313e-16,0.5,0.0,0.5,True,True,
5499306747128053,informative_unused,0.5,evaluated,0.5,0.5,0.75,0.75,0.25,0.0,0.5,0.0,0.0,False,True,
5499306747128053,xor_public,0.5,evaluated,0.0,0.0,1.0,1.0,0.0,0.0,,,,False,True,
5499306747128053,hidden_irrelevant,0.5,evaluated,1.0,0.055872925724111996,1.0,1.0,0.0,0.0,,,,False,True,
5499306747128053,symmetric_init,0.5,evaluated,0.5,0.0,0.75,0.75,0.0,0.0,0.5,0.0,0.5,True,True,
6422334544734794,identity,0.5,evaluated,0.5,0.5,1.0,0.75,0.25,0.25,0.5,1.0,0.0,False,True,
6422334544734794,noisy,0.5,evaluated,0.5,0.265502203205358,0.9500000000000002,0.75,0.19999999999999996,0.20000000000000018,0.5,0.8,0.18,False,True,
6422334544734794,constant,0.5,evaluated,0.5,0.0,0.75,0.75,0.0,0.0,0.5,0.0,1.0,True,True,
6422334544734794,independent,0.5,evaluated,0.5,0.0,0.75,0.7499999999999998,0.0,2.220446049250313e-16,0.5,0.0,0.5,True,True,
6422334544734794,informative_unused,0.5,evaluated,0.5,0.5,0.75,0.75,0.25,0.0,0.5,0.0,0.0,False,True,
6422334544734794,xor_public,0.5,evaluated,0.0,0.0,1.0,1.0,0.0,0.0,,,,False,True,
6422334544734794,hidden_irrelevant,0.5,evaluated,1.0,0.0,1.0,1.0,0.0,0.0,,,,True,True,
6422334544734794,symmetric_init,0.5,evaluated,0.5,0.0,0.75,0.75,0.0,0.0,0.5,0.0,0.5,True,True,
6495792966842135,identity,0.5,evaluated,0.5,0.5,1.0,0.75,0.25,0.25,0.5,1.0,0.0,False,True,
6495792966842135,noisy,0.5,evaluated,0.5,0.265502203205358,0.9500000000000002,0.75,0.19999999999999996,0.20000000000000018,0.5,0.8,0.18,False,True,
6495792966842135,constant,0.5,evaluated,0.5,0.0,0.7499999999999999,0.75,0.0,-1.1102230246251565e-16,0.5,0.0,1.0,True,True,
6495792966842135,independent,0.5,evaluated,0.5,0.0,0.7499999999999999,0.75,0.0,-1.1102230246251565e-16,0.5,0.0,0.5,True,True,
6495792966842135,informative_unused,0.5,evaluated,0.5,0.5,0.75,0.75,0.25,0.0,0.5,0.0,0.0,False,True,
6495792966842135,xor_public,0.5,evaluated,0.0,0.0,1.0,1.0,0.0,0.0,,,,False,True,
6495792966842135,hidden_irrelevant,0.5,evaluated,1.0,0.013869930034720479,1.0,1.0,0.0,0.0,,,,False,True,
6495792966842135,symmetric_init,0.5,evaluated,0.5,0.0,0.75,0.75,0.0,0.0,0.5,0.0,0.5,True,True,
6238399061702024,identity,0.5,evaluated,0.5,0.5,1.0,0.75,0.25,0.25,0.5,1.0,0.0,False,True,
6238399061702024,noisy,0.5,evaluated,0.5,0.265502203205358,0.9500000000000002,0.75,0.19999999999999996,0.20000000000000018,0.5,0.8,0.18,False,True,
6238399061702024,constant,0.5,evaluated,0.5,0.0,0.75,0.75,0.0,0.0,0.5,0.0,1.0,True,True,
6238399061702024,independent,0.5,evaluated,0.5,0.0,0.7499999999999999,0.75,0.0,-1.1102230246251565e-16,0.5,0.0,0.5,True,True,
6238399061702024,informative_unused,0.5,evaluated,0.5,0.5,0.75,0.75,0.25,0.0,0.5,0.0,0.0,False,True,
6238399061702024,xor_public,0.5,evaluated,0.0,0.0,1.0,1.0,0.0,0.0,,,,False,True,
6238399061702024,hidden_irrelevant,0.5,evaluated,1.0,0.06961852568881384,1.0,1.0,0.0,0.0,,,,False,True,
6238399061702024,symmetric_init,0.5,evaluated,0.5,0.0,0.75,0.75,0.0,0.0,0.5,0.0,0.5,True,True,
8634757954352716,identity,0.5,evaluated,0.5,0.5,1.0,0.75,0.25,0.25,0.5,1.0,0.0,False,True,
8634757954352716,noisy,0.5,evaluated,0.5,0.265502203205358,0.9500000000000002,0.7500000000000002,0.19999999999999996,0.19999999999999996,0.5,0.8,0.18,False,True,
8634757954352716,constant,0.5,evaluated,0.5,0.0,0.75,0.75,0.0,0.0,0.5,0.0,1.0,True,True,
8634757954352716,independent,0.5,evaluated,0.5,0.0,0.75,0.7499999999999998,0.0,2.220446049250313e-16,0.5,0.0,0.5,True,True,
8634757954352716,informative_unused,0.5,evaluated,0.5,0.5,0.75,0.75,0.25,0.0,0.5,0.0,0.0,False,True,
8634757954352716,xor_public,0.5,evaluated,0.0,0.0,1.0,1.0,0.0,0.0,,,,False,True,
8634757954352716,hidden_irrelevant,0.5,evaluated,1.0,0.21378206202577538,1.0,1.0,0.0,0.0,,,,False,True,
8634757954352716,symmetric_init,0.5,evaluated,0.5,0.0,0.75,0.75,0.0,0.0,0.5,0.0,0.5,True,True,
5268019483899947,identity,0.5,evaluated,0.5,0.5,1.0,0.7500000000000001,0.25,0.2499999999999999,0.5,1.0,0.0,False,True,
5268019483899947,noisy,0.5,evaluated,0.5,0.265502203205358,0.9500000000000002,0.7500000000000002,0.19999999999999996,0.19999999999999996,0.5,0.8,0.18,False,True,
5268019483899947,constant,0.5,evaluated,0.5,0.0,0.75,0.7500000000000001,0.0,-1.1102230246251565e-16,0.5,0.0,1.0,True,True,
5268019483899947,independent,0.5,evaluated,0.5,0.0,0.7500000000000001,0.75,0.0,1.1102230246251565e-16,0.5,0.0,0.5,True,True,
5268019483899947,informative_unused,0.5,evaluated,0.5,0.5,0.75,0.7500000000000001,0.25,-1.1102230246251565e-16,0.5,0.0,0.0,False,True,
5268019483899947,xor_public,0.5,evaluated,0.0,0.0,1.0,1.0,0.0,0.0,,,,False,True,
5268019483899947,hidden_irrelevant,0.5,evaluated,1.0,0.0,1.0,1.0,0.0,0.0,,,,True,True,
5268019483899947,symmetric_init,0.5,evaluated,0.5,0.0,0.75,0.75,0.0,0.0,0.5,0.0,0.5,True,True,
5257109268209262,identity,0.5,evaluated,0.5,0.5,1.0,0.75,0.25,0.25,0.5,1.0,0.0,False,True,
5257109268209262,noisy,0.5,evaluated,0.5,0.265502203205358,0.9500000000000002,0.75,0.19999999999999996,0.20000000000000018,0.5,0.8,0.18,False,True,
5257109268209262,constant,0.5,evaluated,0.5,0.0,0.7500000000000001,0.75,0.0,1.1102230246251565e-16,0.5,0.0,1.0,True,True,
5257109268209262,independent,0.5,evaluated,0.5,0.0,0.7499999999999999,0.7500000000000002,0.0,-3.3306690738754696e-16,0.5,0.0,0.5,True,True,
5257109268209262,informative_unused,0.5,evaluated,0.5,0.5,0.75,0.75,0.25,0.0,0.5,0.0,0.0,False,True,
5257109268209262,xor_public,0.5,evaluated,0.0,0.0,0.9999999999999999,0.9999999999999999,-1.1102230246251565e-16,0.0,,,,False,True,
5257109268209262,hidden_irrelevant,0.5,evaluated,1.0,0.0,1.0,1.0,0.0,0.0,,,,True,True,
5257109268209262,symmetric_init,0.5,evaluated,0.5,0.0,0.75,0.75,0.0,0.0,0.5,0.0,0.5,True,True,
5282723390948957,identity,0.5,evaluated,0.5,0.5,1.0,0.75,0.25,0.25,0.5,1.0,0.0,False,True,
5282723390948957,noisy,0.5,evaluated,0.5,0.265502203205358,0.9500000000000002,0.75,0.19999999999999996,0.20000000000000018,0.5,0.8,0.18,False,True,
5282723390948957,constant,0.5,evaluated,0.5,0.0,0.75,0.75,0.0,0.0,0.5,0.0,1.0,True,True,
5282723390948957,independent,0.5,evaluated,0.5,0.0,0.7500000000000001,0.7500000000000002,0.0,-1.1102230246251565e-16,0.5,0.0,0.5,True,True,
5282723390948957,informative_unused,0.5,evaluated,0.5,0.5,0.75,0.75,0.25,0.0,0.5,0.0,0.0,False,True,
5282723390948957,xor_public,0.5,evaluated,0.0,0.0,1.0,1.0,0.0,0.0,,,,False,True,
5282723390948957,hidden_irrelevant,0.5,evaluated,1.0,0.07708537255207087,1.0,1.0,0.0,0.0,,,,False,True,
5282723390948957,symmetric_init,0.5,evaluated,0.5,0.0,0.75,0.75,0.0,0.0,0.5,0.0,0.5,True,True,
7030347460823893,identity,0.5,evaluated,0.5,0.5,1.0,0.75,0.25,0.25,0.5,1.0,0.0,False,True,
7030347460823893,noisy,0.5,evaluated,0.5,0.265502203205358,0.9500000000000002,0.75,0.19999999999999996,0.20000000000000018,0.5,0.8,0.18,False,True,
7030347460823893,constant,0.5,evaluated,0.5,0.0,0.75,0.75,0.0,0.0,0.5,0.0,1.0,True,True,
7030347460823893,independent,0.5,evaluated,0.5,0.0,0.75,0.7500000000000002,0.0,-2.220446049250313e-16,0.5,0.0,0.5,True,True,
7030347460823893,informative_unused,0.5,evaluated,0.5,0.5,0.75,0.75,0.25,0.0,0.5,0.0,0.0,False,True,
7030347460823893,xor_public,0.5,evaluated,0.0,0.0,1.0,1.0,0.0,0.0,,,,False,True,
7030347460823893,hidden_irrelevant,0.5,evaluated,1.0,0.03271743942343497,1.0,1.0,0.0,0.0,,,,False,True,
7030347460823893,symmetric_init,0.5,evaluated,0.5,0.0,0.75,0.75,0.0,0.0,0.5,0.0,0.5,True,True,
8679652250198508,identity,0.5,evaluated,0.5,0.5,1.0,0.75,0.25,0.25,0.5,1.0,0.0,False,True,
8679652250198508,noisy,0.5,evaluated,0.5,0.265502203205358,0.9500000000000002,0.7500000000000002,0.19999999999999996,0.19999999999999996,0.5,0.8,0.18,False,True,
8679652250198508,constant,0.5,evaluated,0.5,0.0,0.75,0.75,0.0,0.0,0.5,0.0,1.0,True,True,
8679652250198508,independent,0.5,evaluated,0.5,0.0,0.7499999999999998,0.75,0.0,-2.220446049250313e-16,0.5,0.0,0.5,True,True,
8679652250198508,informative_unused,0.5,evaluated,0.5,0.5,0.75,0.75,0.25,0.0,0.5,0.0,0.0,False,True,
8679652250198508,xor_public,0.5,evaluated,0.0,0.0,1.0,1.0,0.0,0.0,,,,False,True,
8679652250198508,hidden_irrelevant,0.5,evaluated,1.0,0.04652251654314387,1.0,1.0,0.0,0.0,,,,False,True,
8679652250198508,symmetric_init,0.5,evaluated,0.5,0.0,0.75,0.75,0.0,0.0,0.5,0.0,0.5,True,True,
4660141406858217,identity,0.5,evaluated,0.5,0.5,1.0,0.75,0.25,0.25,0.5,1.0,0.0,False,True,
4660141406858217,noisy,0.5,evaluated,0.5,0.265502203205358,0.9500000000000002,0.7500000000000001,0.19999999999999996,0.20000000000000007,0.5,0.8,0.18,False,True,
4660141406858217,constant,0.5,evaluated,0.5,0.0,0.75,0.75,0.0,0.0,0.5,0.0,1.0,True,True,
4660141406858217,independent,0.5,evaluated,0.5,0.0,0.7499999999999998,0.7499999999999998,0.0,0.0,0.5,0.0,0.5,True,True,
4660141406858217,informative_unused,0.5,evaluated,0.5,0.5,0.75,0.75,0.25,0.0,0.5,0.0,0.0,False,True,
4660141406858217,xor_public,0.5,evaluated,0.0,0.0,1.0,1.0,0.0,0.0,,,,False,True,
4660141406858217,hidden_irrelevant,0.5,evaluated,1.0,0.07051455569594461,1.0,1.0,0.0,0.0,,,,False,True,
4660141406858217,symmetric_init,0.5,evaluated,0.5,0.0,0.75,0.75,0.0,0.0,0.5,0.0,0.5,True,True,
7069402740782394,identity,0.5,evaluated,0.5,0.5,1.0,0.7500000000000001,0.25,0.2499999999999999,0.5,1.0,0.0,False,True,
7069402740782394,noisy,0.5,evaluated,0.5,0.265502203205358,0.9500000000000002,0.7499999999999998,0.19999999999999996,0.2000000000000004,0.5,0.8,0.18,False,True,
7069402740782394,constant,0.5,evaluated,0.5,0.0,0.75,0.7500000000000001,0.0,-1.1102230246251565e-16,0.5,0.0,1.0,True,True,
7069402740782394,independent,0.5,evaluated,0.5,0.0,0.7500000000000001,0.7499999999999998,0.0,3.3306690738754696e-16,0.5,0.0,0.5,True,True,
7069402740782394,informative_unused,0.5,evaluated,0.5,0.5,0.75,0.7500000000000001,0.25,-1.1102230246251565e-16,0.5,0.0,0.0,False,True,
7069402740782394,xor_public,0.5,evaluated,0.0,0.0,1.0,1.0,0.0,0.0,,,,False,True,
7069402740782394,hidden_irrelevant,0.5,evaluated,1.0,0.04755148847061691,1.0,1.0,0.0,0.0,,,,False,True,
7069402740782394,symmetric_init,0.5,evaluated,0.5,0.0,0.75,0.75,0.0,0.0,0.5,0.0,0.5,True,True,
7284405409746156,identity,0.5,evaluated,0.5,0.5,1.0,0.75,0.25,0.25,0.5,1.0,0.0,False,True,
7284405409746156,noisy,0.5,evaluated,0.5,0.265502203205358,0.9500000000000002,0.7499999999999999,0.19999999999999996,0.2000000000000003,0.5,0.8,0.18,False,True,
7284405409746156,constant,0.5,evaluated,0.5,0.0,0.75,0.75,0.0,0.0,0.5,0.0,1.0,True,True,
7284405409746156,independent,0.5,evaluated,0.5,0.0,0.75,0.75,0.0,0.0,0.5,0.0,0.5,True,True,
7284405409746156,informative_unused,0.5,evaluated,0.5,0.5,0.75,0.75,0.25,0.0,0.5,0.0,0.0,False,True,
7284405409746156,xor_public,0.5,evaluated,0.0,0.0,1.0,1.0,0.0,0.0,,,,False,True,
7284405409746156,hidden_irrelevant,0.5,evaluated,1.0,0.0904500723658785,1.0,1.0,0.0,0.0,,,,False,True,
7284405409746156,symmetric_init,0.5,evaluated,0.5,0.0,0.75,0.75,0.0,0.0,0.5,0.0,0.5,True,True,
7349756433790257,identity,0.5,evaluated,0.5,0.5,1.0,0.75,0.25,0.25,0.5,1.0,0.0,False,True,
7349756433790257,noisy,0.5,evaluated,0.5,0.265502203205358,0.9500000000000002,0.7500000000000002,0.19999999999999996,0.19999999999999996,0.5,0.8,0.18,False,True,
7349756433790257,constant,0.5,evaluated,0.5,0.0,0.75,0.75,0.0,0.0,0.5,0.0,1.0,True,True,
7349756433790257,independent,0.5,evaluated,0.5,0.0,0.7499999999999999,0.75,0.0,-1.1102230246251565e-16,0.5,0.0,0.5,True,True,
7349756433790257,informative_unused,0.5,evaluated,0.5,0.5,0.75,0.75,0.25,0.0,0.5,0.0,0.0,False,True,
7349756433790257,xor_public,0.5,evaluated,0.0,0.0,1.0,1.0,0.0,0.0,,,,True,True,
7349756433790257,hidden_irrelevant,0.5,evaluated,1.0,0.14304849906499456,1.0,1.0,0.0,0.0,,,,False,True,
7349756433790257,symmetric_init,0.5,evaluated,0.5,0.0,0.75,0.75,0.0,0.0,0.5,0.0,0.5,True,True,
7347697705243870,identity,0.5,evaluated,0.5,0.5,1.0,0.7500000000000001,0.25,0.2499999999999999,0.5,1.0,0.0,False,True,
7347697705243870,noisy,0.5,evaluated,0.5,0.265502203205358,0.9500000000000002,0.7500000000000001,0.19999999999999996,0.20000000000000007,0.5,0.8,0.18,False,True,
7347697705243870,constant,0.5,evaluated,0.5,0.0,0.75,0.7500000000000001,0.0,-1.1102230246251565e-16,0.5,0.0,1.0,True,True,
7347697705243870,independent,0.5,evaluated,0.5,0.0,0.75,0.7499999999999998,0.0,2.220446049250313e-16,0.5,0.0,0.5,True,True,
7347697705243870,informative_unused,0.5,evaluated,0.5,0.5,0.75,0.7500000000000001,0.25,-1.1102230246251565e-16,0.5,0.0,0.0,False,True,
7347697705243870,xor_public,0.5,evaluated,0.0,0.0,1.0,1.0,0.0,0.0,,,,False,True,
7347697705243870,hidden_irrelevant,0.5,evaluated,1.0,0.0,1.0,1.0,0.0,0.0,,,,True,True,
7347697705243870,symmetric_init,0.5,evaluated,0.5,0.0,0.75,0.75,0.0,0.0,0.5,0.0,0.5,True,True,
6894725457385713,identity,0.5,evaluated,0.5,0.5,1.0,0.7499999999999999,0.25,0.2500000000000001,0.5,1.0,0.0,False,True,
6894725457385713,noisy,0.5,evaluated,0.5,0.265502203205358,0.9500000000000002,0.7499999999999999,0.19999999999999996,0.2000000000000003,0.5,0.8,0.18,False,True,
6894725457385713,constant,0.5,evaluated,0.5,0.0,0.7499999999999999,0.7499999999999999,0.0,0.0,0.5,0.0,1.0,True,True,
6894725457385713,independent,0.5,evaluated,0.5,0.0,0.75,0.75,0.0,0.0,0.5,0.0,0.5,True,True,
6894725457385713,informative_unused,0.5,evaluated,0.5,0.5,0.75,0.7499999999999999,0.25,1.1102230246251565e-16,0.5,0.0,0.0,False,True,
6894725457385713,xor_public,0.5,evaluated,0.0,0.0,1.0,1.0,0.0,0.0,,,,False,True,
6894725457385713,hidden_irrelevant,0.5,evaluated,1.0,0.0,1.0,1.0,0.0,0.0,,,,True,True,
6894725457385713,symmetric_init,0.5,evaluated,0.5,0.0,0.75,0.75,0.0,0.0,0.5,0.0,0.5,True,True,
4972991157021443,identity,0.5,evaluated,0.5,0.5,1.0,0.75,0.25,0.25,0.5,1.0,0.0,False,True,
4972991157021443,noisy,0.5,evaluated,0.5,0.265502203205358,0.9500000000000002,0.75,0.19999999999999996,0.20000000000000018,0.5,0.8,0.18,False,True,
4972991157021443,constant,0.5,evaluated,0.5,0.0,0.75,0.75,0.0,0.0,0.5,0.0,1.0,True,True,
4972991157021443,independent,0.5,evaluated,0.5,0.0,0.7499999999999998,0.7500000000000002,0.0,-4.440892098500626e-16,0.5,0.0,0.5,True,True,
4972991157021443,informative_unused,0.5,evaluated,0.5,0.5,0.75,0.75,0.25,0.0,0.5,0.0,0.0,False,True,
4972991157021443,xor_public,0.5,evaluated,0.0,0.0,1.0,1.0,0.0,0.0,,,,True,True,
4972991157021443,hidden_irrelevant,0.5,evaluated,1.0,0.3229924739114371,1.0,1.0,0.0,0.0,,,,False,True,
4972991157021443,symmetric_init,0.5,evaluated,0.5,0.0,0.75,0.75,0.0,0.0,0.5,0.0,0.5,True,True,
4617904987579316,identity,0.5,evaluated,0.5,0.5,1.0,0.7499999999999999,0.25,0.2500000000000001,0.5,1.0,0.0,False,True,
4617904987579316,noisy,0.5,evaluated,0.5,0.265502203205358,0.9500000000000002,0.7500000000000001,0.19999999999999996,0.20000000000000007,0.5,0.8,0.18,False,True,
4617904987579316,constant,0.5,evaluated,0.5,0.0,0.75,0.7499999999999999,0.0,1.1102230246251565e-16,0.5,0.0,1.0,True,True,
4617904987579316,independent,0.5,evaluated,0.5,0.0,0.7500000000000001,0.7500000000000002,0.0,-1.1102230246251565e-16,0.5,0.0,0.5,True,True,
4617904987579316,informative_unused,0.5,evaluated,0.5,0.5,0.75,0.7499999999999999,0.25,1.1102230246251565e-16,0.5,0.0,0.0,False,True,
4617904987579316,xor_public,0.5,evaluated,0.0,0.0,1.0,1.0,0.0,0.0,,,,False,True,
4617904987579316,hidden_irrelevant,0.5,evaluated,1.0,0.13512018124149344,1.0,1.0,0.0,0.0,,,,False,True,
4617904987579316,symmetric_init,0.5,evaluated,0.5,0.0,0.75,0.75,0.0,0.0,0.5,0.0,0.5,True,True,
4661598066572013,identity,0.5,evaluated,0.5,0.5,1.0,0.75,0.25,0.25,0.5,1.0,0.0,False,True,
4661598066572013,noisy,0.5,evaluated,0.5,0.265502203205358,0.9500000000000002,0.7499999999999998,0.19999999999999996,0.2000000000000004,0.5,0.8,0.18,False,True,
4661598066572013,constant,0.5,evaluated,0.5,0.0,0.75,0.75,0.0,0.0,0.5,0.0,1.0,True,True,
4661598066572013,independent,0.5,evaluated,0.5,0.0,0.75,0.7499999999999998,0.0,2.220446049250313e-16,0.5,0.0,0.5,True,True,
4661598066572013,informative_unused,0.5,evaluated,0.5,0.5,0.75,0.75,0.25,0.0,0.5,0.0,0.0,False,True,
4661598066572013,xor_public,0.5,evaluated,0.0,0.0,1.0,1.0,0.0,0.0,,,,True,True,
4661598066572013,hidden_irrelevant,0.5,evaluated,1.0,0.10176445676680279,1.0,1.0,-1.1102230246251565e-16,0.0,,,,False,True,
4661598066572013,symmetric_init,0.5,evaluated,0.5,0.0,0.75,0.75,0.0,0.0,0.5,0.0,0.5,True,True,
6157563140556472,identity,0.5,evaluated,0.5,0.5,1.0,0.7499999999999999,0.25,0.2500000000000001,0.5,1.0,0.0,False,True,
6157563140556472,noisy,0.5,evaluated,0.5,0.265502203205358,0.9500000000000002,0.7500000000000003,0.19999999999999996,0.19999999999999984,0.5,0.8,0.18,False,True,
6157563140556472,constant,0.5,evaluated,0.5,0.0,0.7500000000000001,0.7499999999999999,0.0,2.220446049250313e-16,0.5,0.0,1.0,True,True,
6157563140556472,independent,0.5,evaluated,0.5,0.0,0.75,0.7500000000000002,0.0,-2.220446049250313e-16,0.5,0.0,0.5,True,True,
6157563140556472,informative_unused,0.5,evaluated,0.5,0.5,0.75,0.7499999999999999,0.25,1.1102230246251565e-16,0.5,0.0,0.0,False,True,
6157563140556472,xor_public,0.5,evaluated,0.0,0.0,1.0,1.0,0.0,0.0,,,,False,True,
6157563140556472,hidden_irrelevant,0.5,evaluated,1.0,0.1061370725206899,1.0,1.0,0.0,0.0,,,,False,True,
6157563140556472,symmetric_init,0.5,evaluated,0.5,0.0,0.75,0.75,0.0,0.0,0.5,0.0,0.5,True,True,
6342750676635712,identity,0.5,evaluated,0.5,0.5,1.0,0.75,0.25,0.25,0.5,1.0,0.0,False,True,
6342750676635712,noisy,0.5,evaluated,0.5,0.265502203205358,0.9500000000000002,0.7500000000000001,0.19999999999999996,0.20000000000000007,0.5,0.8,0.18,False,True,
6342750676635712,constant,0.5,evaluated,0.5,0.0,0.75,0.75,0.0,0.0,0.5,0.0,1.0,True,True,
6342750676635712,independent,0.5,evaluated,0.5,0.0,0.75,0.7499999999999998,0.0,2.220446049250313e-16,0.5,0.0,0.5,True,True,
6342750676635712,informative_unused,0.5,evaluated,0.5,0.5,0.75,0.75,0.25,0.0,0.5,0.0,0.0,False,True,
6342750676635712,xor_public,0.5,evaluated,0.0,0.0,1.0,1.0,0.0,0.0,,,,False,True,
6342750676635712,hidden_irrelevant,0.5,evaluated,1.0,0.0,1.0,1.0,0.0,0.0,,,,True,True,
6342750676635712,symmetric_init,0.5,evaluated,0.5,0.0,0.75,0.75,0.0,0.0,0.5,0.0,0.5,True,True,
7104544727330730,identity,0.5,evaluated,0.5,0.5,1.0,0.75,0.25,0.25,0.5,1.0,0.0,False,True,
7104544727330730,noisy,0.5,evaluated,0.5,0.265502203205358,0.9500000000000002,0.75,0.19999999999999996,0.20000000000000018,0.5,0.8,0.18,False,True,
7104544727330730,constant,0.5,evaluated,0.5,0.0,0.75,0.75,0.0,0.0,0.5,0.0,1.0,True,True,
7104544727330730,independent,0.5,evaluated,0.5,0.0,0.7499999999999998,0.75,0.0,-2.220446049250313e-16,0.5,0.0,0.5,True,True,
7104544727330730,informative_unused,0.5,evaluated,0.5,0.5,0.75,0.75,0.25,0.0,0.5,0.0,0.0,False,True,
7104544727330730,xor_public,0.5,evaluated,0.0,0.0,1.0,1.0,0.0,0.0,,,,False,True,
7104544727330730,hidden_irrelevant,0.5,evaluated,1.0,0.002951039252583971,1.0,1.0,0.0,0.0,,,,False,True,
7104544727330730,symmetric_init,0.5,evaluated,0.5,0.0,0.75,0.75,0.0,0.0,0.5,0.0,0.5,True,True,
5621333069997329,identity,0.5,evaluated,0.5,0.5,1.0,0.75,0.25,0.25,0.5,1.0,0.0,False,True,
5621333069997329,noisy,0.5,evaluated,0.5,0.265502203205358,0.9500000000000002,0.75,0.19999999999999996,0.20000000000000018,0.5,0.8,0.18,False,True,
5621333069997329,constant,0.5,evaluated,0.5,0.0,0.7499999999999999,0.75,0.0,-1.1102230246251565e-16,0.5,0.0,1.0,True,True,
5621333069997329,independent,0.5,evaluated,0.5,0.0,0.7499999999999999,0.75,0.0,-1.1102230246251565e-16,0.5,0.0,0.5,True,True,
5621333069997329,informative_unused,0.5,evaluated,0.5,0.5,0.75,0.75,0.25,0.0,0.5,0.0,0.0,False,True,
5621333069997329,xor_public,0.5,evaluated,0.0,0.0,1.0,1.0,0.0,0.0,,,,False,True,
5621333069997329,hidden_irrelevant,0.5,evaluated,1.0,0.12116433980301147,1.0,1.0,0.0,0.0,,,,False,True,
5621333069997329,symmetric_init,0.5,evaluated,0.5,0.0,0.75,0.75,0.0,0.0,0.5,0.0,0.5,True,True,
4948345146571700,identity,0.5,evaluated,0.5,0.5,1.0,0.75,0.25,0.25,0.5,1.0,0.0,False,True,
4948345146571700,noisy,0.5,evaluated,0.5,0.265502203205358,0.9500000000000002,0.7500000000000002,0.19999999999999996,0.19999999999999996,0.5,0.8,0.18,False,True,
4948345146571700,constant,0.5,evaluated,0.5,0.0,0.75,0.75,0.0,0.0,0.5,0.0,1.0,True,True,
4948345146571700,independent,0.5,evaluated,0.5,0.0,0.7500000000000001,0.75,0.0,1.1102230246251565e-16,0.5,0.0,0.5,True,True,
4948345146571700,informative_unused,0.5,evaluated,0.5,0.5,0.75,0.75,0.25,0.0,0.5,0.0,0.0,False,True,
4948345146571700,xor_public,0.5,evaluated,0.0,0.0,1.0,1.0,0.0,0.0,,,,False,True,
4948345146571700,hidden_irrelevant,0.5,evaluated,1.0,0.11737880566111109,1.0,1.0,0.0,0.0,,,,False,True,
4948345146571700,symmetric_init,0.5,evaluated,0.5,0.0,0.75,0.75,0.0,0.0,0.5,0.0,0.5,True,True,
4529398161663329,identity,0.5,evaluated,0.5,0.5,1.0,0.7499999999999999,0.25,0.2500000000000001,0.5,1.0,0.0,False,True,
4529398161663329,noisy,0.5,evaluated,0.5,0.265502203205358,0.9500000000000002,0.7499999999999999,0.19999999999999996,0.2000000000000003,0.5,0.8,0.18,False,True,
4529398161663329,constant,0.5,evaluated,0.5,0.0,0.75,0.7499999999999999,0.0,1.1102230246251565e-16,0.5,0.0,1.0,True,True,
4529398161663329,independent,0.5,evaluated,0.5,0.0,0.7499999999999999,0.75,0.0,-1.1102230246251565e-16,0.5,0.0,0.5,True,True,
4529398161663329,informative_unused,0.5,evaluated,0.5,0.5,0.75,0.7499999999999999,0.25,1.1102230246251565e-16,0.5,0.0,0.0,False,True,
4529398161663329,xor_public,0.5,evaluated,0.0,0.0,1.0,1.0,0.0,0.0,,,,False,True,
4529398161663329,hidden_irrelevant,0.5,evaluated,1.0,0.0,1.0,1.0,0.0,0.0,,,,True,True,
4529398161663329,symmetric_init,0.5,evaluated,0.5,0.0,0.75,0.75,0.0,0.0,0.5,0.0,0.5,True,True,
5269315597612444,identity,0.5,evaluated,0.5,0.5,1.0,0.75,0.25,0.25,0.5,1.0,0.0,False,True,
5269315597612444,noisy,0.5,evaluated,0.5,0.265502203205358,0.9500000000000002,0.75,0.19999999999999996,0.20000000000000018,0.5,0.8,0.18,False,True,
5269315597612444,constant,0.5,evaluated,0.5,0.0,0.7499999999999999,0.75,0.0,-1.1102230246251565e-16,0.5,0.0,1.0,True,True,
5269315597612444,independent,0.5,evaluated,0.5,0.0,0.7500000000000001,0.7500000000000002,0.0,-1.1102230246251565e-16,0.5,0.0,0.5,True,True,
5269315597612444,informative_unused,0.5,evaluated,0.5,0.5,0.75,0.75,0.25,0.0,0.5,0.0,0.0,False,True,
5269315597612444,xor_public,0.5,evaluated,0.0,0.0,1.0,1.0,0.0,0.0,,,,True,True,
5269315597612444,hidden_irrelevant,0.5,evaluated,1.0,0.02657151554066521,1.0,1.0,0.0,0.0,,,,False,True,
5269315597612444,symmetric_init,0.5,evaluated,0.5,0.0,0.75,0.75,0.0,0.0,0.5,0.0,0.5,True,True,
7159334136624558,identity,0.5,evaluated,0.5,0.5,1.0,0.75,0.25,0.25,0.5,1.0,0.0,False,True,
7159334136624558,noisy,0.5,evaluated,0.5,0.265502203205358,0.9500000000000002,0.7500000000000001,0.19999999999999996,0.20000000000000007,0.5,0.8,0.18,False,True,
7159334136624558,constant,0.5,evaluated,0.5,0.0,0.75,0.75,0.0,0.0,0.5,0.0,1.0,True,True,
7159334136624558,independent,0.5,evaluated,0.5,0.0,0.75,0.75,0.0,0.0,0.5,0.0,0.5,True,True,
7159334136624558,informative_unused,0.5,evaluated,0.5,0.5,0.75,0.75,0.25,0.0,0.5,0.0,0.0,False,True,
7159334136624558,xor_public,0.5,evaluated,0.0,0.0,1.0,1.0,0.0,0.0,,,,False,True,
7159334136624558,hidden_irrelevant,0.5,evaluated,1.0,0.0,1.0,1.0,0.0,0.0,,,,True,True,
7159334136624558,symmetric_init,0.5,evaluated,0.5,0.0,0.75,0.75,0.0,0.0,0.5,0.0,0.5,True,True,
8275260600630220,identity,0.5,evaluated,0.5,0.5,1.0,0.75,0.25,0.25,0.5,1.0,0.0,False,True,
8275260600630220,noisy,0.5,evaluated,0.5,0.265502203205358,0.9500000000000002,0.7499999999999999,0.19999999999999996,0.2000000000000003,0.5,0.8,0.18,False,True,
8275260600630220,constant,0.5,evaluated,0.5,0.0,0.7500000000000001,0.75,0.0,1.1102230246251565e-16,0.5,0.0,1.0,True,True,
8275260600630220,independent,0.5,evaluated,0.5,0.0,0.7499999999999998,0.75,0.0,-2.220446049250313e-16,0.5,0.0,0.5,True,True,
8275260600630220,informative_unused,0.5,evaluated,0.5,0.5,0.75,0.75,0.25,0.0,0.5,0.0,0.0,False,True,
8275260600630220,xor_public,0.5,evaluated,0.0,0.0,1.0,1.0,0.0,0.0,,,,False,True,
8275260600630220,hidden_irrelevant,0.5,evaluated,1.0,0.0,1.0,1.0,0.0,0.0,,,,True,True,
8275260600630220,symmetric_init,0.5,evaluated,0.5,0.0,0.75,0.75,0.0,0.0,0.5,0.0,0.5,True,True,
6229581238288817,identity,0.5,evaluated,0.5,0.5,1.0,0.7500000000000001,0.25,0.2499999999999999,0.5,1.0,0.0,False,True,
6229581238288817,noisy,0.5,evaluated,0.5,0.265502203205358,0.9500000000000002,0.75,0.19999999999999996,0.20000000000000018,0.5,0.8,0.18,False,True,
6229581238288817,constant,0.5,evaluated,0.5,0.0,0.75,0.7500000000000001,0.0,-1.1102230246251565e-16,0.5,0.0,1.0,True,True,
6229581238288817,independent,0.5,evaluated,0.5,0.0,0.75,0.75,0.0,0.0,0.5,0.0,0.5,True,True,
6229581238288817,informative_unused,0.5,evaluated,0.5,0.5,0.75,0.7500000000000001,0.25,-1.1102230246251565e-16,0.5,0.0,0.0,False,True,
6229581238288817,xor_public,0.5,evaluated,0.0,0.0,1.0,1.0,0.0,0.0,,,,True,True,
6229581238288817,hidden_irrelevant,0.5,evaluated,1.0,0.003236585219081548,1.0,1.0,-1.1102230246251565e-16,0.0,,,,False,True,
6229581238288817,symmetric_init,0.5,evaluated,0.5,0.0,0.75,0.75,0.0,0.0,0.5,0.0,0.5,True,True,
7126398891845391,identity,0.5,evaluated,0.5,0.5,1.0,0.75,0.25,0.25,0.5,1.0,0.0,False,True,
7126398891845391,noisy,0.5,evaluated,0.5,0.265502203205358,0.9500000000000002,0.7500000000000003,0.19999999999999996,0.19999999999999984,0.5,0.8,0.18,False,True,
7126398891845391,constant,0.5,evaluated,0.5,0.0,0.75,0.75,0.0,0.0,0.5,0.0,1.0,True,True,
7126398891845391,independent,0.5,evaluated,0.5,0.0,0.75,0.75,0.0,0.0,0.5,0.0,0.5,True,True,
7126398891845391,informative_unused,0.5,evaluated,0.5,0.5,0.75,0.75,0.25,0.0,0.5,0.0,0.0,False,True,
7126398891845391,xor_public,0.5,evaluated,0.0,0.0,1.0,1.0,0.0,0.0,,,,False,True,
7126398891845391,hidden_irrelevant,0.5,evaluated,1.0,0.0004085741249228304,1.0,1.0,0.0,0.0,,,,False,True,
7126398891845391,symmetric_init,0.5,evaluated,0.5,0.0,0.75,0.75,0.0,0.0,0.5,0.0,0.5,True,True,
7208095542528745,identity,0.5,evaluated,0.5,0.5,1.0,0.75,0.25,0.25,0.5,1.0,0.0,False,True,
7208095542528745,noisy,0.5,evaluated,0.5,0.265502203205358,0.9500000000000002,0.7500000000000001,0.19999999999999996,0.20000000000000007,0.5,0.8,0.18,False,True,
7208095542528745,constant,0.5,evaluated,0.5,0.0,0.75,0.75,0.0,0.0,0.5,0.0,1.0,True,True,
7208095542528745,independent,0.5,evaluated,0.5,0.0,0.75,0.7499999999999998,0.0,2.220446049250313e-16,0.5,0.0,0.5,True,True,
7208095542528745,informative_unused,0.5,evaluated,0.5,0.5,0.75,0.75,0.25,0.0,0.5,0.0,0.0,False,True,
7208095542528745,xor_public,0.5,evaluated,0.0,0.0,1.0,1.0,0.0,0.0,,,,False,True,
7208095542528745,hidden_irrelevant,0.5,evaluated,1.0,0.12609218134832786,1.0,1.0,0.0,0.0,,,,False,True,
7208095542528745,symmetric_init,0.5,evaluated,0.5,0.0,0.75,0.75,0.0,0.0,0.5,0.0,0.5,True,True,
6726862491879038,identity,0.5,evaluated,0.5,0.5,1.0,0.75,0.25,0.25,0.5,1.0,0.0,False,True,
6726862491879038,noisy,0.5,evaluated,0.5,0.265502203205358,0.9500000000000002,0.7500000000000001,0.19999999999999996,0.20000000000000007,0.5,0.8,0.18,False,True,
6726862491879038,constant,0.5,evaluated,0.5,0.0,0.75,0.75,0.0,0.0,0.5,0.0,1.0,True,True,
6726862491879038,independent,0.5,evaluated,0.5,0.0,0.7499999999999999,0.75,0.0,-1.1102230246251565e-16,0.5,0.0,0.5,True,True,
6726862491879038,informative_unused,0.5,evaluated,0.5,0.5,0.75,0.75,0.25,0.0,0.5,0.0,0.0,False,True,
6726862491879038,xor_public,0.5,evaluated,0.0,0.0,1.0,1.0,0.0,0.0,,,,False,True,
6726862491879038,hidden_irrelevant,0.5,evaluated,1.0,0.21365158505613915,1.0,1.0,0.0,0.0,,,,False,True,
6726862491879038,symmetric_init,0.5,evaluated,0.5,0.0,0.75,0.75,0.0,0.0,0.5,0.0,0.5,True,True,
5167721776594332,identity,0.5,evaluated,0.5,0.5,1.0,0.75,0.25,0.25,0.5,1.0,0.0,False,True,
5167721776594332,noisy,0.5,evaluated,0.5,0.265502203205358,0.9500000000000002,0.7500000000000002,0.19999999999999996,0.19999999999999996,0.5,0.8,0.18,False,True,
5167721776594332,constant,0.5,evaluated,0.5,0.0,0.75,0.75,0.0,0.0,0.5,0.0,1.0,True,True,
5167721776594332,independent,0.5,evaluated,0.5,0.0,0.7499999999999999,0.75,0.0,-1.1102230246251565e-16,0.5,0.0,0.5,True,True,
5167721776594332,informative_unused,0.5,evaluated,0.5,0.5,0.75,0.75,0.25,0.0,0.5,0.0,0.0,False,True,
5167721776594332,xor_public,0.5,evaluated,0.0,0.0,1.0,1.0,0.0,0.0,,,,False,True,
5167721776594332,hidden_irrelevant,0.5,evaluated,1.0,0.0017183911792880424,1.0,1.0,0.0,0.0,,,,False,True,
5167721776594332,symmetric_init,0.5,evaluated,0.5,0.0,0.75,0.75,0.0,0.0,0.5,0.0,0.5,True,True,
5692514303383627,identity,0.5,evaluated,0.5,0.5,1.0,0.75,0.25,0.25,0.5,1.0,0.0,False,True,
5692514303383627,noisy,0.5,evaluated,0.5,0.265502203205358,0.9500000000000002,0.75,0.19999999999999996,0.20000000000000018,0.5,0.8,0.18,False,True,
5692514303383627,constant,0.5,evaluated,0.5,0.0,0.75,0.75,0.0,0.0,0.5,0.0,1.0,True,True,
5692514303383627,independent,0.5,evaluated,0.5,0.0,0.7499999999999998,0.7499999999999998,0.0,0.0,0.5,0.0,0.5,True,True,
5692514303383627,informative_unused,0.5,evaluated,0.5,0.5,0.75,0.75,0.25,0.0,0.5,0.0,0.0,False,True,
5692514303383627,xor_public,0.5,evaluated,0.0,0.0,1.0,1.0,0.0,0.0,,,,False,True,
5692514303383627,hidden_irrelevant,0.5,evaluated,1.0,0.035449763299520556,1.0,1.0,0.0,0.0,,,,False,True,
5692514303383627,symmetric_init,0.5,evaluated,0.5,0.0,0.75,0.75,0.0,0.0,0.5,0.0,0.5,True,True,
8700084720670709,identity,0.5,evaluated,0.5,0.5,1.0,0.75,0.25,0.25,0.5,1.0,0.0,False,True,
8700084720670709,noisy,0.5,evaluated,0.5,0.265502203205358,0.9500000000000002,0.75,0.19999999999999996,0.20000000000000018,0.5,0.8,0.18,False,True,
8700084720670709,constant,0.5,evaluated,0.5,0.0,0.7499999999999999,0.75,0.0,-1.1102230246251565e-16,0.5,0.0,1.0,True,True,
8700084720670709,independent,0.5,evaluated,0.5,0.0,0.7500000000000001,0.75,0.0,1.1102230246251565e-16,0.5,0.0,0.5,True,True,
8700084720670709,informative_unused,0.5,evaluated,0.5,0.5,0.75,0.75,0.25,0.0,0.5,0.0,0.0,False,True,
8700084720670709,xor_public,0.5,evaluated,0.0,0.0,1.0,1.0,0.0,0.0,,,,False,True,
8700084720670709,hidden_irrelevant,0.5,evaluated,1.0,0.0,1.0,1.0,0.0,0.0,,,,True,True,
8700084720670709,symmetric_init,0.5,evaluated,0.5,0.0,0.75,0.75,0.0,0.0,0.5,0.0,0.5,True,True,
6480892431088597,identity,0.5,evaluated,0.5,0.5,1.0,0.75,0.25,0.25,0.5,1.0,0.0,False,True,
6480892431088597,noisy,0.5,evaluated,0.5,0.265502203205358,0.9500000000000002,0.7500000000000001,0.19999999999999996,0.20000000000000007,0.5,0.8,0.18,False,True,
6480892431088597,constant,0.5,evaluated,0.5,0.0,0.75,0.75,0.0,0.0,0.5,0.0,1.0,True,True,
6480892431088597,independent,0.5,evaluated,0.5,0.0,0.7500000000000001,0.7499999999999998,0.0,3.3306690738754696e-16,0.5,0.0,0.5,True,True,
6480892431088597,informative_unused,0.5,evaluated,0.5,0.5,0.75,0.75,0.25,0.0,0.5,0.0,0.0,False,True,
6480892431088597,xor_public,0.5,evaluated,0.0,0.0,1.0,1.0,0.0,0.0,,,,False,True,
6480892431088597,hidden_irrelevant,0.5,evaluated,1.0,0.06896015292944951,1.0,1.0,0.0,0.0,,,,False,True,
6480892431088597,symmetric_init,0.5,evaluated,0.5,0.0,0.75,0.75,0.0,0.0,0.5,0.0,0.5,True,True,
5328872199971884,identity,0.5,evaluated,0.5,0.5,1.0,0.75,0.25,0.25,0.5,1.0,0.0,False,True,
5328872199971884,noisy,0.5,evaluated,0.5,0.265502203205358,0.9500000000000002,0.7500000000000001,0.19999999999999996,0.20000000000000007,0.5,0.8,0.18,False,True,
5328872199971884,constant,0.5,evaluated,0.5,0.0,0.7499999999999999,0.75,0.0,-1.1102230246251565e-16,0.5,0.0,1.0,True,True,
5328872199971884,independent,0.5,evaluated,0.5,0.0,0.7500000000000001,0.75,0.0,1.1102230246251565e-16,0.5,0.0,0.5,True,True,
5328872199971884,informative_unused,0.5,evaluated,0.5,0.5,0.75,0.75,0.25,0.0,0.5,0.0,0.0,False,True,
5328872199971884,xor_public,0.5,evaluated,0.0,0.0,1.0,1.0,0.0,0.0,,,,False,True,
5328872199971884,hidden_irrelevant,0.5,evaluated,1.0,0.03693366838391657,1.0,1.0,0.0,0.0,,,,False,True,
5328872199971884,symmetric_init,0.5,evaluated,0.5,0.0,0.75,0.75,0.0,0.0,0.5,0.0,0.5,True,True,
5320650633870144,identity,0.5,evaluated,0.5,0.5,1.0,0.7499999999999999,0.25,0.2500000000000001,0.5,1.0,0.0,False,True,
5320650633870144,noisy,0.5,evaluated,0.5,0.265502203205358,0.9500000000000002,0.7500000000000001,0.19999999999999996,0.20000000000000007,0.5,0.8,0.18,False,True,
5320650633870144,constant,0.5,evaluated,0.5,0.0,0.75,0.7499999999999999,0.0,1.1102230246251565e-16,0.5,0.0,1.0,True,True,
5320650633870144,independent,0.5,evaluated,0.5,0.0,0.75,0.7500000000000002,0.0,-2.220446049250313e-16,0.5,0.0,0.5,True,True,
5320650633870144,informative_unused,0.5,evaluated,0.5,0.5,0.75,0.7499999999999999,0.25,1.1102230246251565e-16,0.5,0.0,0.0,False,True,
5320650633870144,xor_public,0.5,evaluated,0.0,0.0,1.0,1.0,0.0,0.0,,,,False,True,
5320650633870144,hidden_irrelevant,0.5,evaluated,1.0,0.05698043089194527,1.0,1.0,0.0,0.0,,,,False,True,
5320650633870144,symmetric_init,0.5,evaluated,0.5,0.0,0.75,0.75,0.0,0.0,0.5,0.0,0.5,True,True,
6250800855998601,identity,0.5,evaluated,0.5,0.5,1.0,0.75,0.25,0.25,0.5,1.0,0.0,False,True,
6250800855998601,noisy,0.5,evaluated,0.5,0.265502203205358,0.9500000000000002,0.75,0.19999999999999996,0.20000000000000018,0.5,0.8,0.18,False,True,
6250800855998601,constant,0.5,evaluated,0.5,0.0,0.75,0.75,0.0,0.0,0.5,0.0,1.0,True,True,
6250800855998601,independent,0.5,evaluated,0.5,0.0,0.7499999999999999,0.7499999999999998,0.0,1.1102230246251565e-16,0.5,0.0,0.5,True,True,
6250800855998601,informative_unused,0.5,evaluated,0.5,0.5,0.75,0.75,0.25,0.0,0.5,0.0,0.0,False,True,
6250800855998601,xor_public,0.5,evaluated,0.0,0.0,1.0,1.0,0.0,0.0,,,,False,True,
6250800855998601,hidden_irrelevant,0.5,evaluated,1.0,0.0370007582409098,1.0,1.0,0.0,0.0,,,,False,True,
6250800855998601,symmetric_init,0.5,evaluated,0.5,0.0,0.75,0.75,0.0,0.0,0.5,0.0,0.5,True,True,
8462140071895269,identity,0.5,evaluated,0.5,0.5,1.0,0.75,0.25,0.25,0.5,1.0,0.0,False,True,
8462140071895269,noisy,0.5,evaluated,0.5,0.265502203205358,0.9500000000000002,0.7500000000000002,0.19999999999999996,0.19999999999999996,0.5,0.8,0.18,False,True,
8462140071895269,constant,0.5,evaluated,0.5,0.0,0.75,0.75,0.0,0.0,0.5,0.0,1.0,True,True,
8462140071895269,independent,0.5,evaluated,0.5,0.0,0.7499999999999999,0.75,0.0,-1.1102230246251565e-16,0.5,0.0,0.5,True,True,
8462140071895269,informative_unused,0.5,evaluated,0.5,0.5,0.75,0.75,0.25,0.0,0.5,0.0,0.0,False,True,
8462140071895269,xor_public,0.5,evaluated,0.0,0.0,1.0,1.0,0.0,0.0,,,,False,True,
8462140071895269,hidden_irrelevant,0.5,evaluated,1.0,0.23287442736471647,1.0,1.0,0.0,0.0,,,,False,True,
8462140071895269,symmetric_init,0.5,evaluated,0.5,0.0,0.75,0.75,0.0,0.0,0.5,0.0,0.5,True,True,
6149384945811947,identity,0.5,evaluated,0.5,0.5,1.0,0.7500000000000001,0.25,0.2499999999999999,0.5,1.0,0.0,False,True,
6149384945811947,noisy,0.5,evaluated,0.5,0.265502203205358,0.9500000000000002,0.7499999999999999,0.19999999999999996,0.2000000000000003,0.5,0.8,0.18,False,True,
6149384945811947,constant,0.5,evaluated,0.5,0.0,0.75,0.7500000000000001,0.0,-1.1102230246251565e-16,0.5,0.0,1.0,True,True,
6149384945811947,independent,0.5,evaluated,0.5,0.0,0.75,0.75,0.0,0.0,0.5,0.0,0.5,True,True,
6149384945811947,informative_unused,0.5,evaluated,0.5,0.5,0.75,0.7500000000000001,0.25,-1.1102230246251565e-16,0.5,0.0,0.0,False,True,
6149384945811947,xor_public,0.5,evaluated,0.0,0.0,1.0,1.0,0.0,0.0,,,,True,True,
6149384945811947,hidden_irrelevant,0.5,evaluated,1.0,0.18389761806585642,1.0,1.0,0.0,0.0,,,,False,True,
6149384945811947,symmetric_init,0.5,evaluated,0.5,0.0,0.75,0.75,0.0,0.0,0.5,0.0,0.5,True,True,
7523813293945590,identity,0.5,evaluated,0.5,0.5,1.0,0.75,0.25,0.25,0.5,1.0,0.0,False,True,
7523813293945590,noisy,0.5,evaluated,0.5,0.265502203205358,0.9500000000000002,0.75,0.19999999999999996,0.20000000000000018,0.5,0.8,0.18,False,True,
7523813293945590,constant,0.5,evaluated,0.5,0.0,0.75,0.75,0.0,0.0,0.5,0.0,1.0,True,True,
7523813293945590,independent,0.5,evaluated,0.5,0.0,0.7499999999999999,0.7499999999999998,0.0,1.1102230246251565e-16,0.5,0.0,0.5,True,True,
7523813293945590,informative_unused,0.5,evaluated,0.5,0.5,0.75,0.75,0.25,0.0,0.5,0.0,0.0,False,True,
7523813293945590,xor_public,0.5,evaluated,0.0,0.0,1.0,1.0,0.0,0.0,,,,True,True,
7523813293945590,hidden_irrelevant,0.5,evaluated,1.0,0.20225558178187283,1.0,1.0,0.0,0.0,,,,False,True,
7523813293945590,symmetric_init,0.5,evaluated,0.5,0.0,0.75,0.75,0.0,0.0,0.5,0.0,0.5,True,True,
8298398935017098,identity,0.5,evaluated,0.5,0.5,1.0,0.75,0.25,0.25,0.5,1.0,0.0,False,True,
8298398935017098,noisy,0.5,evaluated,0.5,0.265502203205358,0.9500000000000002,0.7499999999999999,0.19999999999999996,0.2000000000000003,0.5,0.8,0.18,False,True,
8298398935017098,constant,0.5,evaluated,0.5,0.0,0.75,0.75,0.0,0.0,0.5,0.0,1.0,True,True,
8298398935017098,independent,0.5,evaluated,0.5,0.0,0.7500000000000001,0.7500000000000002,0.0,-1.1102230246251565e-16,0.5,0.0,0.5,True,True,
8298398935017098,informative_unused,0.5,evaluated,0.5,0.5,0.75,0.75,0.25,0.0,0.5,0.0,0.0,False,True,
8298398935017098,xor_public,0.5,evaluated,0.0,0.0,1.0,1.0,0.0,0.0,,,,False,True,
8298398935017098,hidden_irrelevant,0.5,evaluated,1.0,0.15191773899689542,1.0,1.0,0.0,0.0,,,,False,True,
8298398935017098,symmetric_init,0.5,evaluated,0.5,0.0,0.75,0.75,0.0,0.0,0.5,0.0,0.5,True,True,
6951818046760202,identity,0.5,evaluated,0.5,0.5,1.0,0.75,0.25,0.25,0.5,1.0,0.0,False,True,
6951818046760202,noisy,0.5,evaluated,0.5,0.265502203205358,0.9500000000000002,0.7500000000000001,0.19999999999999996,0.20000000000000007,0.5,0.8,0.18,False,True,
6951818046760202,constant,0.5,evaluated,0.5,0.0,0.75,0.75,0.0,0.0,0.5,0.0,1.0,True,True,
6951818046760202,independent,0.5,evaluated,0.5,0.0,0.75,0.75,0.0,0.0,0.5,0.0,0.5,True,True,
6951818046760202,informative_unused,0.5,evaluated,0.5,0.5,0.75,0.75,0.25,0.0,0.5,0.0,0.0,False,True,
6951818046760202,xor_public,0.5,evaluated,0.0,0.0,1.0,1.0,0.0,0.0,,,,True,True,
6951818046760202,hidden_irrelevant,0.5,evaluated,1.0,0.23781056766685923,1.0,1.0,0.0,0.0,,,,False,True,
6951818046760202,symmetric_init,0.5,evaluated,0.5,0.0,0.75,0.75,0.0,0.0,0.5,0.0,0.5,True,True,
6032420163756998,identity,0.5,evaluated,0.5,0.5,1.0,0.7500000000000001,0.25,0.2499999999999999,0.5,1.0,0.0,False,True,
6032420163756998,noisy,0.5,evaluated,0.5,0.265502203205358,0.9500000000000002,0.7500000000000001,0.19999999999999996,0.20000000000000007,0.5,0.8,0.18,False,True,
6032420163756998,constant,0.5,evaluated,0.5,0.0,0.7500000000000001,0.7500000000000001,0.0,0.0,0.5,0.0,1.0,True,True,
6032420163756998,independent,0.5,evaluated,0.5,0.0,0.7499999999999999,0.7499999999999998,0.0,1.1102230246251565e-16,0.5,0.0,0.5,True,True,
6032420163756998,informative_unused,0.5,evaluated,0.5,0.5,0.75,0.7500000000000001,0.25,-1.1102230246251565e-16,0.5,0.0,0.0,False,True,
6032420163756998,xor_public,0.5,evaluated,0.0,0.0,1.0,1.0,0.0,0.0,,,,False,True,
6032420163756998,hidden_irrelevant,0.5,evaluated,1.0,0.1101130313786276,1.0,1.0,0.0,0.0,,,,False,True,
6032420163756998,symmetric_init,0.5,evaluated,0.5,0.0,0.75,0.75,0.0,0.0,0.5,0.0,0.5,True,True,
5379916797793702,identity,0.5,evaluated,0.5,0.5,1.0,0.75,0.25,0.25,0.5,1.0,0.0,False,True,
5379916797793702,noisy,0.5,evaluated,0.5,0.265502203205358,0.9500000000000002,0.7500000000000002,0.19999999999999996,0.19999999999999996,0.5,0.8,0.18,False,True,
5379916797793702,constant,0.5,evaluated,0.5,0.0,0.75,0.75,0.0,0.0,0.5,0.0,1.0,True,True,
5379916797793702,independent,0.5,evaluated,0.5,0.0,0.7500000000000001,0.75,0.0,1.1102230246251565e-16,0.5,0.0,0.5,True,True,
5379916797793702,informative_unused,0.5,evaluated,0.5,0.5,0.75,0.75,0.25,0.0,0.5,0.0,0.0,False,True,
5379916797793702,xor_public,0.5,evaluated,0.0,0.0,1.0,1.0,0.0,0.0,,,,True,True,
5379916797793702,hidden_irrelevant,0.5,evaluated,1.0,0.0030391112464200794,1.0,1.0,0.0,0.0,,,,False,True,
5379916797793702,symmetric_init,0.5,evaluated,0.5,0.0,0.75,0.75,0.0,0.0,0.5,0.0,0.5,True,True,
4769627744755173,identity,0.5,evaluated,0.5,0.5,1.0,0.75,0.25,0.25,0.5,1.0,0.0,False,True,
4769627744755173,noisy,0.5,evaluated,0.5,0.265502203205358,0.9500000000000002,0.75,0.19999999999999996,0.20000000000000018,0.5,0.8,0.18,False,True,
4769627744755173,constant,0.5,evaluated,0.5,0.0,0.75,0.75,0.0,0.0,0.5,0.0,1.0,True,True,
4769627744755173,independent,0.5,evaluated,0.5,0.0,0.7500000000000001,0.7499999999999998,0.0,3.3306690738754696e-16,0.5,0.0,0.5,True,True,
4769627744755173,informative_unused,0.5,evaluated,0.5,0.5,0.75,0.75,0.25,0.0,0.5,0.0,0.0,False,True,
4769627744755173,xor_public,0.5,evaluated,0.0,0.0,1.0,1.0,0.0,0.0,,,,False,True,
4769627744755173,hidden_irrelevant,0.5,evaluated,1.0,0.20381538425553836,1.0,1.0,0.0,0.0,,,,False,True,
4769627744755173,symmetric_init,0.5,evaluated,0.5,0.0,0.75,0.75,0.0,0.0,0.5,0.0,0.5,True,True,
7353047040536760,identity,0.5,evaluated,0.5,0.5,1.0,0.75,0.25,0.25,0.5,1.0,0.0,False,True,
7353047040536760,noisy,0.5,evaluated,0.5,0.265502203205358,0.9500000000000002,0.7500000000000001,0.19999999999999996,0.20000000000000007,0.5,0.8,0.18,False,True,
7353047040536760,constant,0.5,evaluated,0.5,0.0,0.75,0.75,0.0,0.0,0.5,0.0,1.0,True,True,
7353047040536760,independent,0.5,evaluated,0.5,0.0,0.7499999999999999,0.7499999999999998,0.0,1.1102230246251565e-16,0.5,0.0,0.5,True,True,
7353047040536760,informative_unused,0.5,evaluated,0.5,0.5,0.75,0.75,0.25,0.0,0.5,0.0,0.0,False,True,
7353047040536760,xor_public,0.5,evaluated,0.0,0.0,1.0,1.0,0.0,0.0,,,,False,True,
7353047040536760,hidden_irrelevant,0.5,evaluated,1.0,0.002558802964599788,1.0,1.0,0.0,0.0,,,,False,True,
7353047040536760,symmetric_init,0.5,evaluated,0.5,0.0,0.75,0.75,0.0,0.0,0.5,0.0,0.5,True,True,
9007000185872629,identity,0.5,evaluated,0.5,0.5,1.0,0.7499999999999999,0.25,0.2500000000000001,0.5,1.0,0.0,False,True,
9007000185872629,noisy,0.5,evaluated,0.5,0.265502203205358,0.9500000000000002,0.7499999999999999,0.19999999999999996,0.2000000000000003,0.5,0.8,0.18,False,True,
9007000185872629,constant,0.5,evaluated,0.5,0.0,0.75,0.7499999999999999,0.0,1.1102230246251565e-16,0.5,0.0,1.0,True,True,
9007000185872629,independent,0.5,evaluated,0.5,0.0,0.75,0.75,0.0,0.0,0.5,0.0,0.5,True,True,
9007000185872629,informative_unused,0.5,evaluated,0.5,0.5,0.75,0.7499999999999999,0.25,1.1102230246251565e-16,0.5,0.0,0.0,False,True,
9007000185872629,xor_public,0.5,evaluated,0.0,0.0,1.0,1.0,0.0,0.0,,,,False,True,
9007000185872629,hidden_irrelevant,0.5,evaluated,1.0,0.07526532741067066,1.0,1.0,-2.220446049250313e-16,0.0,,,,False,True,
9007000185872629,symmetric_init,0.5,evaluated,0.5,0.0,0.75,0.75,0.0,0.0,0.5,0.0,0.5,True,True,
7079372861089022,identity,0.5,evaluated,0.5,0.5,1.0,0.75,0.25,0.25,0.5,1.0,0.0,False,True,
7079372861089022,noisy,0.5,evaluated,0.5,0.265502203205358,0.9500000000000002,0.7500000000000001,0.19999999999999996,0.20000000000000007,0.5,0.8,0.18,False,True,
7079372861089022,constant,0.5,evaluated,0.5,0.0,0.75,0.75,0.0,0.0,0.5,0.0,1.0,True,True,
7079372861089022,independent,0.5,evaluated,0.5,0.0,0.7500000000000001,0.75,0.0,1.1102230246251565e-16,0.5,0.0,0.5,True,True,
7079372861089022,informative_unused,0.5,evaluated,0.5,0.5,0.75,0.75,0.25,0.0,0.5,0.0,0.0,False,True,
7079372861089022,xor_public,0.5,evaluated,0.0,0.0,1.0,1.0,0.0,0.0,,,,True,True,
7079372861089022,hidden_irrelevant,0.5,evaluated,1.0,0.0056321688831914,1.0,1.0,0.0,0.0,,,,False,True,
7079372861089022,symmetric_init,0.5,evaluated,0.5,0.0,0.75,0.75,0.0,0.0,0.5,0.0,0.5,True,True,
7373340679148561,identity,0.5,evaluated,0.5,0.5,1.0,0.75,0.25,0.25,0.5,1.0,0.0,False,True,
7373340679148561,noisy,0.5,evaluated,0.5,0.265502203205358,0.9500000000000002,0.7500000000000001,0.19999999999999996,0.20000000000000007,0.5,0.8,0.18,False,True,
7373340679148561,constant,0.5,evaluated,0.5,0.0,0.75,0.75,0.0,0.0,0.5,0.0,1.0,True,True,
7373340679148561,independent,0.5,evaluated,0.5,0.0,0.7500000000000001,0.75,0.0,1.1102230246251565e-16,0.5,0.0,0.5,True,True,
7373340679148561,informative_unused,0.5,evaluated,0.5,0.5,0.75,0.75,0.25,0.0,0.5,0.0,0.0,False,True,
7373340679148561,xor_public,0.5,evaluated,0.0,0.0,1.0,1.0,0.0,0.0,,,,True,True,
7373340679148561,hidden_irrelevant,0.5,evaluated,1.0,0.11097465608280534,1.0,1.0,0.0,0.0,,,,False,True,
7373340679148561,symmetric_init,0.5,evaluated,0.5,0.0,0.75,0.75,0.0,0.0,0.5,0.0,0.5,True,True,
7538704048390080,identity,0.5,evaluated,0.5,0.5,1.0,0.75,0.25,0.25,0.5,1.0,0.0,False,True,
7538704048390080,noisy,0.5,evaluated,0.5,0.265502203205358,0.9500000000000002,0.7500000000000002,0.19999999999999996,0.19999999999999996,0.5,0.8,0.18,False,True,
7538704048390080,constant,0.5,evaluated,0.5,0.0,0.75,0.75,0.0,0.0,0.5,0.0,1.0,True,True,
7538704048390080,independent,0.5,evaluated,0.5,0.0,0.7499999999999999,0.75,0.0,-1.1102230246251565e-16,0.5,0.0,0.5,True,True,
7538704048390080,informative_unused,0.5,evaluated,0.5,0.5,0.75,0.75,0.25,0.0,0.5,0.0,0.0,False,True,
7538704048390080,xor_public,0.5,evaluated,0.0,0.0,1.0,1.0,0.0,0.0,,,,False,True,
7538704048390080,hidden_irrelevant,0.5,evaluated,1.0,0.0,1.0,1.0,0.0,0.0,,,,True,True,
7538704048390080,symmetric_init,0.5,evaluated,0.5,0.0,0.75,0.75,0.0,0.0,0.5,0.0,0.5,True,True,
6713894848150077,identity,0.5,evaluated,0.5,0.5,1.0,0.75,0.25,0.25,0.5,1.0,0.0,False,True,
6713894848150077,noisy,0.5,evaluated,0.5,0.265502203205358,0.9500000000000002,0.7500000000000001,0.19999999999999996,0.20000000000000007,0.5,0.8,0.18,False,True,
6713894848150077,constant,0.5,evaluated,0.5,0.0,0.75,0.75,0.0,0.0,0.5,0.0,1.0,True,True,
6713894848150077,independent,0.5,evaluated,0.5,0.0,0.75,0.7499999999999998,0.0,2.220446049250313e-16,0.5,0.0,0.5,True,True,
6713894848150077,informative_unused,0.5,evaluated,0.5,0.5,0.75,0.75,0.25,0.0,0.5,0.0,0.0,False,True,
6713894848150077,xor_public,0.5,evaluated,0.0,0.0,1.0,1.0,0.0,0.0,,,,False,True,
6713894848150077,hidden_irrelevant,0.5,evaluated,1.0,0.0009433172899211174,1.0,1.0,0.0,0.0,,,,False,True,
6713894848150077,symmetric_init,0.5,evaluated,0.5,0.0,0.75,0.75,0.0,0.0,0.5,0.0,0.5,True,True,
6393066227084103,identity,0.5,evaluated,0.5,0.5,1.0,0.7499999999999999,0.25,0.2500000000000001,0.5,1.0,0.0,False,True,
6393066227084103,noisy,0.5,evaluated,0.5,0.265502203205358,0.9500000000000002,0.75,0.19999999999999996,0.20000000000000018,0.5,0.8,0.18,False,True,
6393066227084103,constant,0.5,evaluated,0.5,0.0,0.7499999999999999,0.7499999999999999,0.0,0.0,0.5,0.0,1.0,True,True,
6393066227084103,independent,0.5,evaluated,0.5,0.0,0.7500000000000002,0.75,0.0,2.220446049250313e-16,0.5,0.0,0.5,True,True,
6393066227084103,informative_unused,0.5,evaluated,0.5,0.5,0.75,0.7499999999999999,0.25,1.1102230246251565e-16,0.5,0.0,0.0,False,True,
6393066227084103,xor_public,0.5,evaluated,0.0,0.0,1.0,1.0,0.0,0.0,,,,False,True,
6393066227084103,hidden_irrelevant,0.5,evaluated,1.0,0.0,1.0,1.0,0.0,0.0,,,,True,True,
6393066227084103,symmetric_init,0.5,evaluated,0.5,0.0,0.75,0.75,0.0,0.0,0.5,0.0,0.5,True,True,
8503327236471138,identity,0.5,evaluated,0.5,0.5,1.0,0.75,0.25,0.25,0.5,1.0,0.0,False,True,
8503327236471138,noisy,0.5,evaluated,0.5,0.265502203205358,0.9500000000000002,0.7500000000000001,0.19999999999999996,0.20000000000000007,0.5,0.8,0.18,False,True,
8503327236471138,constant,0.5,evaluated,0.5,0.0,0.75,0.75,0.0,0.0,0.5,0.0,1.0,True,True,
8503327236471138,independent,0.5,evaluated,0.5,0.0,0.75,0.75,0.0,0.0,0.5,0.0,0.5,True,True,
8503327236471138,informative_unused,0.5,evaluated,0.5,0.5,0.75,0.75,0.25,0.0,0.5,0.0,0.0,False,True,
8503327236471138,xor_public,0.5,evaluated,0.0,0.0,1.0,1.0,0.0,0.0,,,,False,True,
8503327236471138,hidden_irrelevant,0.5,evaluated,1.0,0.10867864096806568,1.0,1.0,0.0,0.0,,,,False,True,
8503327236471138,symmetric_init,0.5,evaluated,0.5,0.0,0.75,0.75,0.0,0.0,0.5,0.0,0.5,True,True,
5975420106107997,identity,0.5,evaluated,0.5,0.5,1.0,0.75,0.25,0.25,0.5,1.0,0.0,False,True,
5975420106107997,noisy,0.5,evaluated,0.5,0.265502203205358,0.9500000000000002,0.7500000000000001,0.19999999999999996,0.20000000000000007,0.5,0.8,0.18,False,True,
5975420106107997,constant,0.5,evaluated,0.5,0.0,0.75,0.75,0.0,0.0,0.5,0.0,1.0,True,True,
5975420106107997,independent,0.5,evaluated,0.5,0.0,0.75,0.75,0.0,0.0,0.5,0.0,0.5,True,True,
5975420106107997,informative_unused,0.5,evaluated,0.5,0.5,0.75,0.75,0.25,0.0,0.5,0.0,0.0,False,True,
5975420106107997,xor_public,0.5,evaluated,0.0,0.0,1.0,1.0,0.0,0.0,,,,False,True,
5975420106107997,hidden_irrelevant,0.5,evaluated,1.0,0.25517839994517244,1.0,1.0,0.0,0.0,,,,False,True,
5975420106107997,symmetric_init,0.5,evaluated,0.5,0.0,0.75,0.75,0.0,0.0,0.5,0.0,0.5,True,True,
5813832471873436,identity,0.5,evaluated,0.5,0.5,1.0,0.7499999999999999,0.25,0.2500000000000001,0.5,1.0,0.0,False,True,
5813832471873436,noisy,0.5,evaluated,0.5,0.265502203205358,0.9500000000000002,0.7499999999999999,0.19999999999999996,0.2000000000000003,0.5,0.8,0.18,False,True,
5813832471873436,constant,0.5,evaluated,0.5,0.0,0.75,0.7499999999999999,0.0,1.1102230246251565e-16,0.5,0.0,1.0,True,True,
5813832471873436,independent,0.5,evaluated,0.5,0.0,0.75,0.7500000000000002,0.0,-2.220446049250313e-16,0.5,0.0,0.5,True,True,
5813832471873436,informative_unused,0.5,evaluated,0.5,0.5,0.75,0.7499999999999999,0.25,1.1102230246251565e-16,0.5,0.0,0.0,False,True,
5813832471873436,xor_public,0.5,evaluated,0.0,0.0,1.0,1.0,0.0,0.0,,,,False,True,
5813832471873436,hidden_irrelevant,0.5,evaluated,1.0,0.030358036672297098,1.0,1.0,0.0,0.0,,,,False,True,
5813832471873436,symmetric_init,0.5,evaluated,0.5,0.0,0.75,0.75,0.0,0.0,0.5,0.0,0.5,True,True,
6314554946491146,identity,0.5,evaluated,0.5,0.5,1.0,0.7500000000000001,0.25,0.2499999999999999,0.5,1.0,0.0,False,True,
6314554946491146,noisy,0.5,evaluated,0.5,0.265502203205358,0.9500000000000002,0.75,0.19999999999999996,0.20000000000000018,0.5,0.8,0.18,False,True,
6314554946491146,constant,0.5,evaluated,0.5,0.0,0.75,0.7500000000000001,0.0,-1.1102230246251565e-16,0.5,0.0,1.0,True,True,
6314554946491146,independent,0.5,evaluated,0.5,0.0,0.75,0.7499999999999998,0.0,2.220446049250313e-16,0.5,0.0,0.5,True,True,
6314554946491146,informative_unused,0.5,evaluated,0.5,0.5,0.75,0.7500000000000001,0.25,-1.1102230246251565e-16,0.5,0.0,0.0,False,True,
6314554946491146,xor_public,0.5,evaluated,0.0,0.0,1.0,1.0,0.0,0.0,,,,True,True,
6314554946491146,hidden_irrelevant,0.5,evaluated,1.0,0.10416085805797377,1.0,1.0,0.0,0.0,,,,False,True,
6314554946491146,symmetric_init,0.5,evaluated,0.5,0.0,0.75,0.75,0.0,0.0,0.5,0.0,0.5,True,True,
8916081640848378,identity,0.5,evaluated,0.5,0.5,1.0,0.7500000000000001,0.25,0.2499999999999999,0.5,1.0,0.0,False,True,
8916081640848378,noisy,0.5,evaluated,0.5,0.265502203205358,0.9500000000000002,0.75,0.19999999999999996,0.20000000000000018,0.5,0.8,0.18,False,True,
8916081640848378,constant,0.5,evaluated,0.5,0.0,0.75,0.7500000000000001,0.0,-1.1102230246251565e-16,0.5,0.0,1.0,True,True,
8916081640848378,independent,0.5,evaluated,0.5,0.0,0.7500000000000002,0.7499999999999998,0.0,4.440892098500626e-16,0.5,0.0,0.5,True,True,
8916081640848378,informative_unused,0.5,evaluated,0.5,0.5,0.75,0.7500000000000001,0.25,-1.1102230246251565e-16,0.5,0.0,0.0,False,True,
8916081640848378,xor_public,0.5,evaluated,0.0,0.0,1.0,1.0,0.0,0.0,,,,True,True,
8916081640848378,hidden_irrelevant,0.5,evaluated,1.0,0.006693157690384631,1.0,1.0,0.0,0.0,,,,False,True,
8916081640848378,symmetric_init,0.5,evaluated,0.5,0.0,0.75,0.75,0.0,0.0,0.5,0.0,0.5,True,True,
8929952160524854,identity,0.5,evaluated,0.5,0.5,1.0,0.7500000000000001,0.25,0.2499999999999999,0.5,1.0,0.0,False,True,
8929952160524854,noisy,0.5,evaluated,0.5,0.265502203205358,0.9500000000000002,0.75,0.19999999999999996,0.20000000000000018,0.5,0.8,0.18,False,True,
8929952160524854,constant,0.5,evaluated,0.5,0.0,0.7499999999999999,0.7500000000000001,0.0,-2.220446049250313e-16,0.5,0.0,1.0,True,True,
8929952160524854,independent,0.5,evaluated,0.5,0.0,0.7500000000000001,0.7499999999999998,0.0,3.3306690738754696e-16,0.5,0.0,0.5,True,True,
8929952160524854,informative_unused,0.5,evaluated,0.5,0.5,0.75,0.7500000000000001,0.25,-1.1102230246251565e-16,0.5,0.0,0.0,False,True,
8929952160524854,xor_public,0.5,evaluated,0.0,0.0,1.0,1.0,0.0,0.0,,,,False,True,
8929952160524854,hidden_irrelevant,0.5,evaluated,1.0,0.27234422149664234,1.0,1.0,0.0,0.0,,,,False,True,
8929952160524854,symmetric_init,0.5,evaluated,0.5,0.0,0.75,0.75,0.0,0.0,0.5,0.0,0.5,True,True,
7553166187614033,identity,0.5,evaluated,0.5,0.5,1.0,0.75,0.25,0.25,0.5,1.0,0.0,False,True,
7553166187614033,noisy,0.5,evaluated,0.5,0.265502203205358,0.9500000000000002,0.7500000000000001,0.19999999999999996,0.20000000000000007,0.5,0.8,0.18,False,True,
7553166187614033,constant,0.5,evaluated,0.5,0.0,0.75,0.75,0.0,0.0,0.5,0.0,1.0,True,True,
7553166187614033,independent,0.5,evaluated,0.5,0.0,0.7500000000000001,0.75,0.0,1.1102230246251565e-16,0.5,0.0,0.5,True,True,
7553166187614033,informative_unused,0.5,evaluated,0.5,0.5,0.75,0.75,0.25,0.0,0.5,0.0,0.0,False,True,
7553166187614033,xor_public,0.5,evaluated,0.0,0.0,1.0,1.0,0.0,0.0,,,,False,True,
7553166187614033,hidden_irrelevant,0.5,evaluated,1.0,0.0,1.0,1.0,0.0,0.0,,,,True,True,
7553166187614033,symmetric_init,0.5,evaluated,0.5,0.0,0.75,0.75,0.0,0.0,0.5,0.0,0.5,True,True,
4686494083255236,identity,0.5,evaluated,0.5,0.5,1.0,0.75,0.25,0.25,0.5,1.0,0.0,False,True,
4686494083255236,noisy,0.5,evaluated,0.5,0.265502203205358,0.9500000000000002,0.7500000000000001,0.19999999999999996,0.20000000000000007,0.5,0.8,0.18,False,True,
4686494083255236,constant,0.5,evaluated,0.5,0.0,0.7500000000000001,0.75,0.0,1.1102230246251565e-16,0.5,0.0,1.0,True,True,
4686494083255236,independent,0.5,evaluated,0.5,0.0,0.7499999999999999,0.75,0.0,-1.1102230246251565e-16,0.5,0.0,0.5,True,True,
4686494083255236,informative_unused,0.5,evaluated,0.5,0.5,0.75,0.75,0.25,0.0,0.5,0.0,0.0,False,True,
4686494083255236,xor_public,0.5,evaluated,0.0,0.0,1.0,1.0,0.0,0.0,,,,False,True,
4686494083255236,hidden_irrelevant,0.5,evaluated,1.0,0.11822894932564201,1.0,1.0,0.0,0.0,,,,False,True,
4686494083255236,symmetric_init,0.5,evaluated,0.5,0.0,0.75,0.75,0.0,0.0,0.5,0.0,0.5,True,True,
6805114347171682,identity,0.5,evaluated,0.5,0.5,1.0,0.75,0.25,0.25,0.5,1.0,0.0,False,True,
6805114347171682,noisy,0.5,evaluated,0.5,0.265502203205358,0.9500000000000002,0.75,0.19999999999999996,0.20000000000000018,0.5,0.8,0.18,False,True,
6805114347171682,constant,0.5,evaluated,0.5,0.0,0.75,0.75,0.0,0.0,0.5,0.0,1.0,True,True,
6805114347171682,independent,0.5,evaluated,0.5,0.0,0.75,0.75,0.0,0.0,0.5,0.0,0.5,True,True,
6805114347171682,informative_unused,0.5,evaluated,0.5,0.5,0.75,0.75,0.25,0.0,0.5,0.0,0.0,False,True,
6805114347171682,xor_public,0.5,evaluated,0.0,0.0,1.0,1.0,0.0,0.0,,,,False,True,
6805114347171682,hidden_irrelevant,0.5,evaluated,1.0,0.0,1.0,1.0,0.0,0.0,,,,True,True,
6805114347171682,symmetric_init,0.5,evaluated,0.5,0.0,0.75,0.75,0.0,0.0,0.5,0.0,0.5,True,True,
8058544366064979,identity,0.5,evaluated,0.5,0.5,1.0,0.75,0.25,0.25,0.5,1.0,0.0,False,True,
8058544366064979,noisy,0.5,evaluated,0.5,0.265502203205358,0.9500000000000002,0.7499999999999998,0.19999999999999996,0.2000000000000004,0.5,0.8,0.18,False,True,
8058544366064979,constant,0.5,evaluated,0.5,0.0,0.75,0.75,0.0,0.0,0.5,0.0,1.0,True,True,
8058544366064979,independent,0.5,evaluated,0.5,0.0,0.7499999999999999,0.7499999999999998,0.0,1.1102230246251565e-16,0.5,0.0,0.5,True,True,
8058544366064979,informative_unused,0.5,evaluated,0.5,0.5,0.75,0.75,0.25,0.0,0.5,0.0,0.0,False,True,
8058544366064979,xor_public,0.5,evaluated,0.0,0.0,1.0,1.0,0.0,0.0,,,,False,True,
8058544366064979,hidden_irrelevant,0.5,evaluated,1.0,0.011226275015146142,1.0,1.0,0.0,0.0,,,,False,True,
8058544366064979,symmetric_init,0.5,evaluated,0.5,0.0,0.75,0.75,0.0,0.0,0.5,0.0,0.5,True,True,
5807533327193102,identity,0.5,evaluated,0.5,0.5,1.0,0.75,0.25,0.25,0.5,1.0,0.0,False,True,
5807533327193102,noisy,0.5,evaluated,0.5,0.265502203205358,0.9500000000000002,0.75,0.19999999999999996,0.20000000000000018,0.5,0.8,0.18,False,True,
5807533327193102,constant,0.5,evaluated,0.5,0.0,0.75,0.75,0.0,0.0,0.5,0.0,1.0,True,True,
5807533327193102,independent,0.5,evaluated,0.5,0.0,0.75,0.75,0.0,0.0,0.5,0.0,0.5,True,True,
5807533327193102,informative_unused,0.5,evaluated,0.5,0.5,0.75,0.75,0.25,0.0,0.5,0.0,0.0,False,True,
5807533327193102,xor_public,0.5,evaluated,0.0,0.0,1.0,1.0,0.0,0.0,,,,True,True,
5807533327193102,hidden_irrelevant,0.5,evaluated,1.0,0.007992651357044966,1.0,1.0,0.0,0.0,,,,False,True,
5807533327193102,symmetric_init,0.5,evaluated,0.5,0.0,0.75,0.75,0.0,0.0,0.5,0.0,0.5,True,True,
8892926438826584,identity,0.5,evaluated,0.5,0.5,1.0,0.7500000000000001,0.25,0.2499999999999999,0.5,1.0,0.0,False,True,
8892926438826584,noisy,0.5,evaluated,0.5,0.265502203205358,0.9500000000000002,0.7499999999999998,0.19999999999999996,0.2000000000000004,0.5,0.8,0.18,False,True,
8892926438826584,constant,0.5,evaluated,0.5,0.0,0.75,0.7500000000000001,0.0,-1.1102230246251565e-16,0.5,0.0,1.0,True,True,
8892926438826584,independent,0.5,evaluated,0.5,0.0,0.7499999999999999,0.7499999999999998,0.0,1.1102230246251565e-16,0.5,0.0,0.5,True,True,
8892926438826584,informative_unused,0.5,evaluated,0.5,0.5,0.75,0.7500000000000001,0.25,-1.1102230246251565e-16,0.5,0.0,0.0,False,True,
8892926438826584,xor_public,0.5,evaluated,0.0,0.0,1.0,1.0,0.0,0.0,,,,False,True,
8892926438826584,hidden_irrelevant,0.5,evaluated,1.0,0.03257935764699729,1.0,1.0,0.0,0.0,,,,False,True,
8892926438826584,symmetric_init,0.5,evaluated,0.5,0.0,0.75,0.75,0.0,0.0,0.5,0.0,0.5,True,True,
8788627409634270,identity,0.5,evaluated,0.5,0.5,1.0,0.75,0.25,0.25,0.5,1.0,0.0,False,True,
8788627409634270,noisy,0.5,evaluated,0.5,0.265502203205358,0.9500000000000002,0.75,0.19999999999999996,0.20000000000000018,0.5,0.8,0.18,False,True,
8788627409634270,constant,0.5,evaluated,0.5,0.0,0.75,0.75,0.0,0.0,0.5,0.0,1.0,True,True,
8788627409634270,independent,0.5,evaluated,0.5,0.0,0.75,0.7500000000000002,0.0,-2.220446049250313e-16,0.5,0.0,0.5,True,True,
8788627409634270,informative_unused,0.5,evaluated,0.5,0.5,0.75,0.75,0.25,0.0,0.5,0.0,0.0,False,True,
8788627409634270,xor_public,0.5,evaluated,0.0,0.0,1.0,1.0,0.0,0.0,,,,False,True,
8788627409634270,hidden_irrelevant,0.5,evaluated,1.0,0.039998579309050514,1.0,1.0,0.0,0.0,,,,False,True,
8788627409634270,symmetric_init,0.5,evaluated,0.5,0.0,0.75,0.75,0.0,0.0,0.5,0.0,0.5,True,True,
7688049468320313,identity,0.5,evaluated,0.5,0.5,1.0,0.7500000000000001,0.25,0.2499999999999999,0.5,1.0,0.0,False,True,
7688049468320313,noisy,0.5,evaluated,0.5,0.265502203205358,0.9500000000000002,0.7500000000000001,0.19999999999999996,0.20000000000000007,0.5,0.8,0.18,False,True,
7688049468320313,constant,0.5,evaluated,0.5,0.0,0.7499999999999999,0.7500000000000001,0.0,-2.220446049250313e-16,0.5,0.0,1.0,True,True,
7688049468320313,independent,0.5,evaluated,0.5,0.0,0.7499999999999999,0.75,0.0,-1.1102230246251565e-16,0.5,0.0,0.5,True,True,
7688049468320313,informative_unused,0.5,evaluated,0.5,0.5,0.75,0.7500000000000001,0.25,-1.1102230246251565e-16,0.5,0.0,0.0,False,True,
7688049468320313,xor_public,0.5,evaluated,0.0,0.0,1.0,1.0,0.0,0.0,,,,True,True,
7688049468320313,hidden_irrelevant,0.5,evaluated,1.0,0.10849106282726723,1.0,1.0,0.0,0.0,,,,False,True,
7688049468320313,symmetric_init,0.5,evaluated,0.5,0.0,0.75,0.75,0.0,0.0,0.5,0.0,0.5,True,True,
4956849168022989,identity,0.5,evaluated,0.5,0.5,1.0,0.75,0.25,0.25,0.5,1.0,0.0,False,True,
4956849168022989,noisy,0.5,evaluated,0.5,0.265502203205358,0.9500000000000002,0.75,0.19999999999999996,0.20000000000000018,0.5,0.8,0.18,False,True,
4956849168022989,constant,0.5,evaluated,0.5,0.0,0.75,0.75,0.0,0.0,0.5,0.0,1.0,True,True,
4956849168022989,independent,0.5,evaluated,0.5,0.0,0.75,0.7499999999999998,0.0,2.220446049250313e-16,0.5,0.0,0.5,True,True,
4956849168022989,informative_unused,0.5,evaluated,0.5,0.5,0.75,0.75,0.25,0.0,0.5,0.0,0.0,False,True,
4956849168022989,xor_public,0.5,evaluated,0.0,0.0,1.0,1.0,0.0,0.0,,,,False,True,
4956849168022989,hidden_irrelevant,0.5,evaluated,1.0,0.21123679594274986,1.0,1.0,0.0,0.0,,,,False,True,
4956849168022989,symmetric_init,0.5,evaluated,0.5,0.0,0.75,0.75,0.0,0.0,0.5,0.0,0.5,True,True,
5138352666877389,identity,0.5,evaluated,0.5,0.5,1.0,0.75,0.25,0.25,0.5,1.0,0.0,False,True,
5138352666877389,noisy,0.5,evaluated,0.5,0.265502203205358,0.9500000000000002,0.7500000000000001,0.19999999999999996,0.20000000000000007,0.5,0.8,0.18,False,True,
5138352666877389,constant,0.5,evaluated,0.5,0.0,0.7500000000000001,0.75,0.0,1.1102230246251565e-16,0.5,0.0,1.0,True,True,
5138352666877389,independent,0.5,evaluated,0.5,0.0,0.75,0.75,0.0,0.0,0.5,0.0,0.5,True,True,
5138352666877389,informative_unused,0.5,evaluated,0.5,0.5,0.75,0.75,0.25,0.0,0.5,0.0,0.0,False,True,
5138352666877389,xor_public,0.5,evaluated,0.0,0.0,1.0,1.0,0.0,0.0,,,,False,True,
5138352666877389,hidden_irrelevant,0.5,evaluated,1.0,0.0,1.0,1.0,0.0,0.0,,,,True,True,
5138352666877389,symmetric_init,0.5,evaluated,0.5,0.0,0.75,0.75,0.0,0.0,0.5,0.0,0.5,True,True,
5669338138327087,identity,0.5,evaluated,0.5,0.5,1.0,0.75,0.25,0.25,0.5,1.0,0.0,False,True,
5669338138327087,noisy,0.5,evaluated,0.5,0.265502203205358,0.9500000000000002,0.7500000000000001,0.19999999999999996,0.20000000000000007,0.5,0.8,0.18,False,True,
5669338138327087,constant,0.5,evaluated,0.5,0.0,0.7499999999999999,0.75,0.0,-1.1102230246251565e-16,0.5,0.0,1.0,True,True,
5669338138327087,independent,0.5,evaluated,0.5,0.0,0.7500000000000002,0.75,0.0,2.220446049250313e-16,0.5,0.0,0.5,True,True,
5669338138327087,informative_unused,0.5,evaluated,0.5,0.5,0.75,0.75,0.25,0.0,0.5,0.0,0.0,False,True,
5669338138327087,xor_public,0.5,evaluated,0.0,0.0,1.0,1.0,0.0,0.0,,,,False,True,
5669338138327087,hidden_irrelevant,0.5,evaluated,1.0,0.22328372438630728,1.0,1.0,0.0,0.0,,,,False,True,
5669338138327087,symmetric_init,0.5,evaluated,0.5,0.0,0.75,0.75,0.0,0.0,0.5,0.0,0.5,True,True,
5247960505918137,identity,0.5,evaluated,0.5,0.5,1.0,0.7500000000000001,0.25,0.2499999999999999,0.5,1.0,0.0,False,True,
5247960505918137,noisy,0.5,evaluated,0.5,0.265502203205358,0.9500000000000002,0.7500000000000001,0.19999999999999996,0.20000000000000007,0.5,0.8,0.18,False,True,
5247960505918137,constant,0.5,evaluated,0.5,0.0,0.75,0.7500000000000001,0.0,-1.1102230246251565e-16,0.5,0.0,1.0,True,True,
5247960505918137,independent,0.5,evaluated,0.5,0.0,0.7499999999999999,0.75,0.0,-1.1102230246251565e-16,0.5,0.0,0.5,True,True,
5247960505918137,informative_unused,0.5,evaluated,0.5,0.5,0.75,0.7500000000000001,0.25,-1.1102230246251565e-16,0.5,0.0,0.0,False,True,
5247960505918137,xor_public,0.5,evaluated,0.0,0.0,1.0,1.0,0.0,0.0,,,,True,True,
5247960505918137,hidden_irrelevant,0.5,evaluated,1.0,0.0032828658040789556,1.0,1.0,0.0,0.0,,,,False,True,
5247960505918137,symmetric_init,0.5,evaluated,0.5,0.0,0.75,0.75,0.0,0.0,0.5,0.0,0.5,True,True,
5828247019513498,identity,0.5,evaluated,0.5,0.5,1.0,0.7499999999999999,0.25,0.2500000000000001,0.5,1.0,0.0,False,True,
5828247019513498,noisy,0.5,evaluated,0.5,0.265502203205358,0.9500000000000002,0.7500000000000001,0.19999999999999996,0.20000000000000007,0.5,0.8,0.18,False,True,
5828247019513498,constant,0.5,evaluated,0.5,0.0,0.75,0.7499999999999999,0.0,1.1102230246251565e-16,0.5,0.0,1.0,True,True,
5828247019513498,independent,0.5,evaluated,0.5,0.0,0.75,0.7500000000000002,0.0,-2.220446049250313e-16,0.5,0.0,0.5,True,True,
5828247019513498,informative_unused,0.5,evaluated,0.5,0.5,0.75,0.7499999999999999,0.25,1.1102230246251565e-16,0.5,0.0,0.0,False,True,
5828247019513498,xor_public,0.5,evaluated,0.0,0.0,1.0,1.0,0.0,0.0,,,,False,True,
5828247019513498,hidden_irrelevant,0.5,evaluated,1.0,0.0,1.0,1.0,0.0,0.0,,,,True,True,
5828247019513498,symmetric_init,0.5,evaluated,0.5,0.0,0.75,0.75,0.0,0.0,0.5,0.0,0.5,True,True,
7254676548593786,identity,0.5,evaluated,0.5,0.5,1.0,0.7500000000000001,0.25,0.2499999999999999,0.5,1.0,0.0,False,True,
7254676548593786,noisy,0.5,evaluated,0.5,0.265502203205358,0.9500000000000002,0.7500000000000001,0.19999999999999996,0.20000000000000007,0.5,0.8,0.18,False,True,
7254676548593786,constant,0.5,evaluated,0.5,0.0,0.75,0.7500000000000001,0.0,-1.1102230246251565e-16,0.5,0.0,1.0,True,True,
7254676548593786,independent,0.5,evaluated,0.5,0.0,0.75,0.75,0.0,0.0,0.5,0.0,0.5,True,True,
7254676548593786,informative_unused,0.5,evaluated,0.5,0.5,0.75,0.7500000000000001,0.25,-1.1102230246251565e-16,0.5,0.0,0.0,False,True,
7254676548593786,xor_public,0.5,evaluated,0.0,0.0,1.0,1.0,0.0,0.0,,,,False,True,
7254676548593786,hidden_irrelevant,0.5,evaluated,1.0,0.0,1.0,1.0,0.0,0.0,,,,True,True,
7254676548593786,symmetric_init,0.5,evaluated,0.5,0.0,0.75,0.75,0.0,0.0,0.5,0.0,0.5,True,True,
4595784534195734,identity,0.5,evaluated,0.5,0.5,1.0,0.75,0.25,0.25,0.5,1.0,0.0,False,True,
4595784534195734,noisy,0.5,evaluated,0.5,0.265502203205358,0.9500000000000002,0.7500000000000002,0.19999999999999996,0.19999999999999996,0.5,0.8,0.18,False,True,
4595784534195734,constant,0.5,evaluated,0.5,0.0,0.7500000000000001,0.75,0.0,1.1102230246251565e-16,0.5,0.0,1.0,True,True,
4595784534195734,independent,0.5,evaluated,0.5,0.0,0.7499999999999999,0.75,0.0,-1.1102230246251565e-16,0.5,0.0,0.5,True,True,
4595784534195734,informative_unused,0.5,evaluated,0.5,0.5,0.75,0.75,0.25,0.0,0.5,0.0,0.0,False,True,
4595784534195734,xor_public,0.5,evaluated,0.0,0.0,1.0,1.0,0.0,0.0,,,,False,True,
4595784534195734,hidden_irrelevant,0.5,evaluated,1.0,0.006254661678456119,1.0,1.0,0.0,0.0,,,,False,True,
4595784534195734,symmetric_init,0.5,evaluated,0.5,0.0,0.75,0.75,0.0,0.0,0.5,0.0,0.5,True,True,
8095956562015357,identity,0.5,evaluated,0.5,0.5,1.0,0.75,0.25,0.25,0.5,1.0,0.0,False,True,
8095956562015357,noisy,0.5,evaluated,0.5,0.265502203205358,0.9500000000000002,0.7499999999999999,0.19999999999999996,0.2000000000000003,0.5,0.8,0.18,False,True,
8095956562015357,constant,0.5,evaluated,0.5,0.0,0.75,0.75,0.0,0.0,0.5,0.0,1.0,True,True,
8095956562015357,independent,0.5,evaluated,0.5,0.0,0.7500000000000002,0.7499999999999998,0.0,4.440892098500626e-16,0.5,0.0,0.5,True,True,
8095956562015357,informative_unused,0.5,evaluated,0.5,0.5,0.75,0.75,0.25,0.0,0.5,0.0,0.0,False,True,
8095956562015357,xor_public,0.5,evaluated,0.0,0.0,1.0,1.0,0.0,0.0,,,,False,True,
8095956562015357,hidden_irrelevant,0.5,evaluated,1.0,0.0040051650435153595,1.0,1.0,0.0,0.0,,,,False,True,
8095956562015357,symmetric_init,0.5,evaluated,0.5,0.0,0.75,0.75,0.0,0.0,0.5,0.0,0.5,True,True,
5847039912554047,identity,0.5,evaluated,0.5,0.5,1.0,0.7499999999999999,0.25,0.2500000000000001,0.5,1.0,0.0,False,True,
5847039912554047,noisy,0.5,evaluated,0.5,0.265502203205358,0.9500000000000002,0.7500000000000001,0.19999999999999996,0.20000000000000007,0.5,0.8,0.18,False,True,
5847039912554047,constant,0.5,evaluated,0.5,0.0,0.7499999999999999,0.7499999999999999,0.0,0.0,0.5,0.0,1.0,True,True,
5847039912554047,independent,0.5,evaluated,0.5,0.0,0.7500000000000001,0.7500000000000002,0.0,-1.1102230246251565e-16,0.5,0.0,0.5,True,True,
5847039912554047,informative_unused,0.5,evaluated,0.5,0.5,0.75,0.7499999999999999,0.25,1.1102230246251565e-16,0.5,0.0,0.0,False,True,
5847039912554047,xor_public,0.5,evaluated,0.0,0.0,1.0,1.0,0.0,0.0,,,,True,True,
5847039912554047,hidden_irrelevant,0.5,evaluated,1.0,0.0009216399599622782,1.0,1.0,0.0,0.0,,,,False,True,
5847039912554047,symmetric_init,0.5,evaluated,0.5,0.0,0.75,0.75,0.0,0.0,0.5,0.0,0.5,True,True,
6753834607070692,identity,0.5,evaluated,0.5,0.5,1.0,0.75,0.25,0.25,0.5,1.0,0.0,False,True,
6753834607070692,noisy,0.5,evaluated,0.5,0.265502203205358,0.9500000000000002,0.7500000000000001,0.19999999999999996,0.20000000000000007,0.5,0.8,0.18,False,True,
6753834607070692,constant,0.5,evaluated,0.5,0.0,0.75,0.75,0.0,0.0,0.5,0.0,1.0,True,True,
6753834607070692,independent,0.5,evaluated,0.5,0.0,0.7499999999999999,0.75,0.0,-1.1102230246251565e-16,0.5,0.0,0.5,True,True,
6753834607070692,informative_unused,0.5,evaluated,0.5,0.5,0.75,0.75,0.25,0.0,0.5,0.0,0.0,False,True,
6753834607070692,xor_public,0.5,evaluated,0.0,0.0,1.0,1.0,0.0,0.0,,,,False,True,
6753834607070692,hidden_irrelevant,0.5,evaluated,1.0,0.0025801209660918367,0.9999999999999999,0.9999999999999999,0.0,0.0,,,,False,True,
6753834607070692,symmetric_init,0.5,evaluated,0.5,0.0,0.75,0.75,0.0,0.0,0.5,0.0,0.5,True,True,
6145020578444223,identity,0.5,evaluated,0.5,0.5,1.0,0.75,0.25,0.25,0.5,1.0,0.0,False,True,
6145020578444223,noisy,0.5,evaluated,0.5,0.265502203205358,0.9500000000000002,0.7500000000000003,0.19999999999999996,0.19999999999999984,0.5,0.8,0.18,False,True,
6145020578444223,constant,0.5,evaluated,0.5,0.0,0.7499999999999999,0.75,0.0,-1.1102230246251565e-16,0.5,0.0,1.0,True,True,
6145020578444223,independent,0.5,evaluated,0.5,0.0,0.7500000000000002,0.75,0.0,2.220446049250313e-16,0.5,0.0,0.5,True,True,
6145020578444223,informative_unused,0.5,evaluated,0.5,0.5,0.75,0.75,0.25,0.0,0.5,0.0,0.0,False,True,
6145020578444223,xor_public,0.5,evaluated,0.0,0.0,1.0,1.0,0.0,0.0,,,,False,True,
6145020578444223,hidden_irrelevant,0.5,evaluated,1.0,0.0023060210251706972,1.0,1.0,0.0,0.0,,,,False,True,
6145020578444223,symmetric_init,0.5,evaluated,0.5,0.0,0.75,0.75,0.0,0.0,0.5,0.0,0.5,True,True,
5240660897683093,identity,0.5,evaluated,0.5,0.5,1.0,0.7499999999999999,0.25,0.2500000000000001,0.5,1.0,0.0,False,True,
5240660897683093,noisy,0.5,evaluated,0.5,0.265502203205358,0.9500000000000002,0.7500000000000002,0.19999999999999996,0.19999999999999996,0.5,0.8,0.18,False,True,
5240660897683093,constant,0.5,evaluated,0.5,0.0,0.7499999999999999,0.7499999999999999,0.0,0.0,0.5,0.0,1.0,True,True,
5240660897683093,independent,0.5,evaluated,0.5,0.0,0.7500000000000001,0.7500000000000002,0.0,-1.1102230246251565e-16,0.5,0.0,0.5,True,True,
5240660897683093,informative_unused,0.5,evaluated,0.5,0.5,0.75,0.7499999999999999,0.25,1.1102230246251565e-16,0.5,0.0,0.0,False,True,
5240660897683093,xor_public,0.5,evaluated,0.0,0.0,1.0,1.0,0.0,0.0,,,,False,True,
5240660897683093,hidden_irrelevant,0.5,evaluated,1.0,0.0,1.0,1.0,0.0,0.0,,,,True,True,
5240660897683093,symmetric_init,0.5,evaluated,0.5,0.0,0.75,0.75,0.0,0.0,0.5,0.0,0.5,True,True,
6572083261072846,identity,0.5,evaluated,0.5,0.5,1.0,0.7500000000000001,0.25,0.2499999999999999,0.5,1.0,0.0,False,True,
6572083261072846,noisy,0.5,evaluated,0.5,0.265502203205358,0.9500000000000002,0.7499999999999999,0.19999999999999996,0.2000000000000003,0.5,0.8,0.18,False,True,
6572083261072846,constant,0.5,evaluated,0.5,0.0,0.75,0.7500000000000001,0.0,-1.1102230246251565e-16,0.5,0.0,1.0,True,True,
6572083261072846,independent,0.5,evaluated,0.5,0.0,0.75,0.75,0.0,0.0,0.5,0.0,0.5,True,True,
6572083261072846,informative_unused,0.5,evaluated,0.5,0.5,0.75,0.7500000000000001,0.25,-1.1102230246251565e-16,0.5,0.0,0.0,False,True,
6572083261072846,xor_public,0.5,evaluated,0.0,0.0,1.0,1.0,0.0,0.0,,,,False,True,
6572083261072846,hidden_irrelevant,0.5,evaluated,1.0,0.02925639148809495,1.0,1.0,0.0,0.0,,,,False,True,
6572083261072846,symmetric_init,0.5,evaluated,0.5,0.0,0.75,0.75,0.0,0.0,0.5,0.0,0.5,True,True,
4528167949795368,identity,0.5,evaluated,0.5,0.5,1.0,0.7499999999999999,0.25,0.2500000000000001,0.5,1.0,0.0,False,True,
4528167949795368,noisy,0.5,evaluated,0.5,0.265502203205358,0.9500000000000002,0.7500000000000002,0.19999999999999996,0.19999999999999996,0.5,0.8,0.18,False,True,
4528167949795368,constant,0.5,evaluated,0.5,0.0,0.7500000000000001,0.7499999999999999,0.0,2.220446049250313e-16,0.5,0.0,1.0,True,True,
4528167949795368,independent,0.5,evaluated,0.5,0.0,0.7500000000000001,0.7500000000000002,0.0,-1.1102230246251565e-16,0.5,0.0,0.5,True,True,
4528167949795368,informative_unused,0.5,evaluated,0.5,0.5,0.75,0.7499999999999999,0.25,1.1102230246251565e-16,0.5,0.0,0.0,False,True,
4528167949795368,xor_public,0.5,evaluated,0.0,0.0,1.0,1.0,0.0,0.0,,,,True,True,
4528167949795368,hidden_irrelevant,0.5,evaluated,1.0,0.05775276013374577,1.0,1.0,0.0,0.0,,,,False,True,
4528167949795368,symmetric_init,0.5,evaluated,0.5,0.0,0.75,0.75,0.0,0.0,0.5,0.0,0.5,True,True,
7194622940698444,identity,0.5,evaluated,0.5,0.5,1.0,0.75,0.25,0.25,0.5,1.0,0.0,False,True,
7194622940698444,noisy,0.5,evaluated,0.5,0.265502203205358,0.9500000000000002,0.7499999999999999,0.19999999999999996,0.2000000000000003,0.5,0.8,0.18,False,True,
7194622940698444,constant,0.5,evaluated,0.5,0.0,0.75,0.75,0.0,0.0,0.5,0.0,1.0,True,True,
7194622940698444,independent,0.5,evaluated,0.5,0.0,0.7500000000000002,0.7499999999999998,0.0,4.440892098500626e-16,0.5,0.0,0.5,True,True,
7194622940698444,informative_unused,0.5,evaluated,0.5,0.5,0.75,0.75,0.25,0.0,0.5,0.0,0.0,False,True,
7194622940698444,xor_public,0.5,evaluated,0.0,0.0,1.0,1.0,0.0,0.0,,,,False,True,
7194622940698444,hidden_irrelevant,0.5,evaluated,1.0,0.0,1.0,1.0,0.0,0.0,,,,True,True,
7194622940698444,symmetric_init,0.5,evaluated,0.5,0.0,0.75,0.75,0.0,0.0,0.5,0.0,0.5,True,True,
6178512754307603,identity,0.5,evaluated,0.5,0.5,1.0,0.7499999999999999,0.25,0.2500000000000001,0.5,1.0,0.0,False,True,
6178512754307603,noisy,0.5,evaluated,0.5,0.265502203205358,0.9500000000000002,0.7500000000000001,0.19999999999999996,0.20000000000000007,0.5,0.8,0.18,False,True,
6178512754307603,constant,0.5,evaluated,0.5,0.0,0.7499999999999999,0.7499999999999999,0.0,0.0,0.5,0.0,1.0,True,True,
6178512754307603,independent,0.5,evaluated,0.5,0.0,0.7499999999999999,0.7500000000000002,0.0,-3.3306690738754696e-16,0.5,0.0,0.5,True,True,
6178512754307603,informative_unused,0.5,evaluated,0.5,0.5,0.75,0.7499999999999999,0.25,1.1102230246251565e-16,0.5,0.0,0.0,False,True,
6178512754307603,xor_public,0.5,evaluated,0.0,0.0,1.0,1.0,0.0,0.0,,,,False,True,
6178512754307603,hidden_irrelevant,0.5,evaluated,1.0,0.00648820481457567,1.0,1.0,-1.1102230246251565e-16,0.0,,,,False,True,
6178512754307603,symmetric_init,0.5,evaluated,0.5,0.0,0.75,0.75,0.0,0.0,0.5,0.0,0.5,True,True,
6106035701821435,identity,0.5,evaluated,0.5,0.5,1.0,0.75,0.25,0.25,0.5,1.0,0.0,False,True,
6106035701821435,noisy,0.5,evaluated,0.5,0.265502203205358,0.9500000000000002,0.7500000000000001,0.19999999999999996,0.20000000000000007,0.5,0.8,0.18,False,True,
6106035701821435,constant,0.5,evaluated,0.5,0.0,0.75,0.75,0.0,0.0,0.5,0.0,1.0,True,True,
6106035701821435,independent,0.5,evaluated,0.5,0.0,0.7500000000000002,0.75,0.0,2.220446049250313e-16,0.5,0.0,0.5,True,True,
6106035701821435,informative_unused,0.5,evaluated,0.5,0.5,0.75,0.75,0.25,0.0,0.5,0.0,0.0,False,True,
6106035701821435,xor_public,0.5,evaluated,0.0,0.0,1.0,1.0,0.0,0.0,,,,False,True,
6106035701821435,hidden_irrelevant,0.5,evaluated,1.0,0.3390430072365658,1.0,1.0,0.0,0.0,,,,False,True,
6106035701821435,symmetric_init,0.5,evaluated,0.5,0.0,0.75,0.75,0.0,0.0,0.5,0.0,0.5,True,True,
4680134623982897,identity,0.5,evaluated,0.5,0.5,1.0,0.75,0.25,0.25,0.5,1.0,0.0,False,True,
4680134623982897,noisy,0.5,evaluated,0.5,0.265502203205358,0.9500000000000002,0.75,0.19999999999999996,0.20000000000000018,0.5,0.8,0.18,False,True,
4680134623982897,constant,0.5,evaluated,0.5,0.0,0.7500000000000001,0.75,0.0,1.1102230246251565e-16,0.5,0.0,1.0,True,True,
4680134623982897,independent,0.5,evaluated,0.5,0.0,0.7499999999999999,0.75,0.0,-1.1102230246251565e-16,0.5,0.0,0.5,True,True,
4680134623982897,informative_unused,0.5,evaluated,0.5,0.5,0.75,0.75,0.25,0.0,0.5,0.0,0.0,False,True,
4680134623982897,xor_public,0.5,evaluated,0.0,0.0,1.0,1.0,0.0,0.0,,,,False,True,
4680134623982897,hidden_irrelevant,0.5,evaluated,1.0,0.0,1.0,1.0,0.0,0.0,,,,True,True,
4680134623982897,symmetric_init,0.5,evaluated,0.5,0.0,0.75,0.75,0.0,0.0,0.5,0.0,0.5,True,True,
8274433021142319,identity,0.5,evaluated,0.5,0.5,1.0,0.7500000000000001,0.25,0.2499999999999999,0.5,1.0,0.0,False,True,
8274433021142319,noisy,0.5,evaluated,0.5,0.265502203205358,0.9500000000000002,0.7500000000000001,0.19999999999999996,0.20000000000000007,0.5,0.8,0.18,False,True,
8274433021142319,constant,0.5,evaluated,0.5,0.0,0.75,0.7500000000000001,0.0,-1.1102230246251565e-16,0.5,0.0,1.0,True,True,
8274433021142319,independent,0.5,evaluated,0.5,0.0,0.75,0.75,0.0,0.0,0.5,0.0,0.5,True,True,
8274433021142319,informative_unused,0.5,evaluated,0.5,0.5,0.75,0.7500000000000001,0.25,-1.1102230246251565e-16,0.5,0.0,0.0,False,True,
8274433021142319,xor_public,0.5,evaluated,0.0,0.0,1.0,1.0,0.0,0.0,,,,False,True,
8274433021142319,hidden_irrelevant,0.5,evaluated,1.0,0.36376290328211824,1.0,1.0,0.0,0.0,,,,False,True,
8274433021142319,symmetric_init,0.5,evaluated,0.5,0.0,0.75,0.75,0.0,0.0,0.5,0.0,0.5,True,True,
6798013998527673,identity,0.5,evaluated,0.5,0.5,1.0,0.75,0.25,0.25,0.5,1.0,0.0,False,True,
6798013998527673,noisy,0.5,evaluated,0.5,0.265502203205358,0.9500000000000002,0.7500000000000002,0.19999999999999996,0.19999999999999996,0.5,0.8,0.18,False,True,
6798013998527673,constant,0.5,evaluated,0.5,0.0,0.75,0.75,0.0,0.0,0.5,0.0,1.0,True,True,
6798013998527673,independent,0.5,evaluated,0.5,0.0,0.75,0.75,0.0,0.0,0.5,0.0,0.5,True,True,
6798013998527673,informative_unused,0.5,evaluated,0.5,0.5,0.75,0.75,0.25,0.0,0.5,0.0,0.0,False,True,
6798013998527673,xor_public,0.5,evaluated,0.0,0.0,1.0,1.0,0.0,0.0,,,,False,True,
6798013998527673,hidden_irrelevant,0.5,evaluated,1.0,0.011084206808387356,1.0,1.0,0.0,0.0,,,,False,True,
6798013998527673,symmetric_init,0.5,evaluated,0.5,0.0,0.75,0.75,0.0,0.0,0.5,0.0,0.5,True,True,
4911713170791865,identity,0.5,evaluated,0.5,0.5,1.0,0.75,0.25,0.25,0.5,1.0,0.0,False,True,
4911713170791865,noisy,0.5,evaluated,0.5,0.265502203205358,0.9500000000000002,0.7500000000000002,0.19999999999999996,0.19999999999999996,0.5,0.8,0.18,False,True,
4911713170791865,constant,0.5,evaluated,0.5,0.0,0.75,0.75,0.0,0.0,0.5,0.0,1.0,True,True,
4911713170791865,independent,0.5,evaluated,0.5,0.0,0.75,0.75,0.0,0.0,0.5,0.0,0.5,True,True,
4911713170791865,informative_unused,0.5,evaluated,0.5,0.5,0.75,0.75,0.25,0.0,0.5,0.0,0.0,False,True,
4911713170791865,xor_public,0.5,evaluated,0.0,0.0,1.0,1.0,0.0,0.0,,,,False,True,
4911713170791865,hidden_irrelevant,0.5,evaluated,1.0,0.1210085184470564,1.0,1.0,0.0,0.0,,,,False,True,
4911713170791865,symmetric_init,0.5,evaluated,0.5,0.0,0.75,0.75,0.0,0.0,0.5,0.0,0.5,True,True,
5056201014399179,identity,0.5,evaluated,0.5,0.5,1.0,0.75,0.25,0.25,0.5,1.0,0.0,False,True,
5056201014399179,noisy,0.5,evaluated,0.5,0.265502203205358,0.9500000000000002,0.7500000000000002,0.19999999999999996,0.19999999999999996,0.5,0.8,0.18,False,True,
5056201014399179,constant,0.5,evaluated,0.5,0.0,0.75,0.75,0.0,0.0,0.5,0.0,1.0,True,True,
5056201014399179,independent,0.5,evaluated,0.5,0.0,0.75,0.75,0.0,0.0,0.5,0.0,0.5,True,True,
5056201014399179,informative_unused,0.5,evaluated,0.5,0.5,0.75,0.75,0.25,0.0,0.5,0.0,0.0,False,True,
5056201014399179,xor_public,0.5,evaluated,0.0,0.0,1.0,1.0,0.0,0.0,,,,False,True,
5056201014399179,hidden_irrelevant,0.5,evaluated,1.0,0.008696977072692768,1.0,1.0,0.0,0.0,,,,False,True,
5056201014399179,symmetric_init,0.5,evaluated,0.5,0.0,0.75,0.75,0.0,0.0,0.5,0.0,0.5,True,True,
8569054703793857,identity,0.5,evaluated,0.5,0.5,1.0,0.7499999999999999,0.25,0.2500000000000001,0.5,1.0,0.0,False,True,
8569054703793857,noisy,0.5,evaluated,0.5,0.265502203205358,0.9500000000000002,0.7500000000000002,0.19999999999999996,0.19999999999999996,0.5,0.8,0.18,False,True,
8569054703793857,constant,0.5,evaluated,0.5,0.0,0.75,0.7499999999999999,0.0,1.1102230246251565e-16,0.5,0.0,1.0,True,True,
8569054703793857,independent,0.5,evaluated,0.5,0.0,0.75,0.75,0.0,0.0,0.5,0.0,0.5,True,True,
8569054703793857,informative_unused,0.5,evaluated,0.5,0.5,0.75,0.7499999999999999,0.25,1.1102230246251565e-16,0.5,0.0,0.0,False,True,
8569054703793857,xor_public,0.5,evaluated,0.0,0.0,1.0,1.0,0.0,0.0,,,,False,True,
8569054703793857,hidden_irrelevant,0.5,evaluated,1.0,0.10933553718208747,1.0,1.0,0.0,0.0,,,,False,True,
8569054703793857,symmetric_init,0.5,evaluated,0.5,0.0,0.75,0.75,0.0,0.0,0.5,0.0,0.5,True,True,
4699580194147001,identity,0.5,evaluated,0.5,0.5,1.0,0.7499999999999999,0.25,0.2500000000000001,0.5,1.0,0.0,False,True,
4699580194147001,noisy,0.5,evaluated,0.5,0.265502203205358,0.9500000000000002,0.7500000000000002,0.19999999999999996,0.19999999999999996,0.5,0.8,0.18,False,True,
4699580194147001,constant,0.5,evaluated,0.5,0.0,0.75,0.7499999999999999,0.0,1.1102230246251565e-16,0.5,0.0,1.0,True,True,
4699580194147001,independent,0.5,evaluated,0.5,0.0,0.7500000000000001,0.75,0.0,1.1102230246251565e-16,0.5,0.0,0.5,True,True,
4699580194147001,informative_unused,0.5,evaluated,0.5,0.5,0.75,0.7499999999999999,0.25,1.1102230246251565e-16,0.5,0.0,0.0,False,True,
4699580194147001,xor_public,0.5,evaluated,0.0,0.0,1.0,1.0,0.0,0.0,,,,False,True,
4699580194147001,hidden_irrelevant,0.5,evaluated,1.0,0.015904264869388066,1.0,1.0,0.0,0.0,,,,False,True,
4699580194147001,symmetric_init,0.5,evaluated,0.5,0.0,0.75,0.75,0.0,0.0,0.5,0.0,0.5,True,True,
7048864844662494,identity,0.5,evaluated,0.5,0.5,1.0,0.75,0.25,0.25,0.5,1.0,0.0,False,True,
7048864844662494,noisy,0.5,evaluated,0.5,0.265502203205358,0.9500000000000002,0.7499999999999999,0.19999999999999996,0.2000000000000003,0.5,0.8,0.18,False,True,
7048864844662494,constant,0.5,evaluated,0.5,0.0,0.7499999999999999,0.75,0.0,-1.1102230246251565e-16,0.5,0.0,1.0,True,True,
7048864844662494,independent,0.5,evaluated,0.5,0.0,0.75,0.7499999999999998,0.0,2.220446049250313e-16,0.5,0.0,0.5,True,True,
7048864844662494,informative_unused,0.5,evaluated,0.5,0.5,0.75,0.75,0.25,0.0,0.5,0.0,0.0,False,True,
7048864844662494,xor_public,0.5,evaluated,0.0,0.0,1.0,1.0,0.0,0.0,,,,True,True,
7048864844662494,hidden_irrelevant,0.5,evaluated,1.0,0.39059101473658875,1.0,1.0,0.0,0.0,,,,False,True,
7048864844662494,symmetric_init,0.5,evaluated,0.5,0.0,0.75,0.75,0.0,0.0,0.5,0.0,0.5,True,True,
8796993784271252,identity,0.5,evaluated,0.5,0.5,1.0,0.75,0.25,0.25,0.5,1.0,0.0,False,True,
8796993784271252,noisy,0.5,evaluated,0.5,0.265502203205358,0.9500000000000002,0.7500000000000001,0.19999999999999996,0.20000000000000007,0.5,0.8,0.18,False,True,
8796993784271252,constant,0.5,evaluated,0.5,0.0,0.75,0.75,0.0,0.0,0.5,0.0,1.0,True,True,
8796993784271252,independent,0.5,evaluated,0.5,0.0,0.7499999999999999,0.75,0.0,-1.1102230246251565e-16,0.5,0.0,0.5,True,True,
8796993784271252,informative_unused,0.5,evaluated,0.5,0.5,0.75,0.75,0.25,0.0,0.5,0.0,0.0,False,True,
8796993784271252,xor_public,0.5,evaluated,0.0,0.0,1.0,1.0,0.0,0.0,,,,False,True,
8796993784271252,hidden_irrelevant,0.5,evaluated,1.0,0.13168636496578315,1.0,1.0,0.0,0.0,,,,False,True,
8796993784271252,symmetric_init,0.5,evaluated,0.5,0.0,0.75,0.75,0.0,0.0,0.5,0.0,0.5,True,True,
8567796641600686,identity,0.5,evaluated,0.5,0.5,1.0,0.75,0.25,0.25,0.5,1.0,0.0,False,True,
8567796641600686,noisy,0.5,evaluated,0.5,0.265502203205358,0.9500000000000002,0.75,0.19999999999999996,0.20000000000000018,0.5,0.8,0.18,False,True,
8567796641600686,constant,0.5,evaluated,0.5,0.0,0.7499999999999999,0.75,0.0,-1.1102230246251565e-16,0.5,0.0,1.0,True,True,
8567796641600686,independent,0.5,evaluated,0.5,0.0,0.7500000000000001,0.7499999999999998,0.0,3.3306690738754696e-16,0.5,0.0,0.5,True,True,
8567796641600686,informative_unused,0.5,evaluated,0.5,0.5,0.75,0.75,0.25,0.0,0.5,0.0,0.0,False,True,
8567796641600686,xor_public,0.5,evaluated,0.0,0.0,1.0,1.0,0.0,0.0,,,,True,True,
8567796641600686,hidden_irrelevant,0.5,evaluated,1.0,0.00028438052663640363,1.0,1.0,0.0,0.0,,,,False,True,
8567796641600686,symmetric_init,0.5,evaluated,0.5,0.0,0.75,0.75,0.0,0.0,0.5,0.0,0.5,True,True,
8693708505861632,identity,0.5,evaluated,0.5,0.5,1.0,0.75,0.25,0.25,0.5,1.0,0.0,False,True,
8693708505861632,noisy,0.5,evaluated,0.5,0.265502203205358,0.9500000000000002,0.7500000000000001,0.19999999999999996,0.20000000000000007,0.5,0.8,0.18,False,True,
8693708505861632,constant,0.5,evaluated,0.5,0.0,0.75,0.75,0.0,0.0,0.5,0.0,1.0,True,True,
8693708505861632,independent,0.5,evaluated,0.5,0.0,0.75,0.75,0.0,0.0,0.5,0.0,0.5,True,True,
8693708505861632,informative_unused,0.5,evaluated,0.5,0.5,0.75,0.75,0.25,0.0,0.5,0.0,0.0,False,True,
8693708505861632,xor_public,0.5,evaluated,0.0,0.0,1.0,1.0,0.0,0.0,,,,False,True,
8693708505861632,hidden_irrelevant,0.5,evaluated,1.0,0.013939481236991076,1.0,1.0,0.0,0.0,,,,False,True,
8693708505861632,symmetric_init,0.5,evaluated,0.5,0.0,0.75,0.75,0.0,0.0,0.5,0.0,0.5,True,True,
8447695212510338,identity,0.5,evaluated,0.5,0.5,1.0,0.7499999999999999,0.25,0.2500000000000001,0.5,1.0,0.0,False,True,
8447695212510338,noisy,0.5,evaluated,0.5,0.265502203205358,0.9500000000000002,0.75,0.19999999999999996,0.20000000000000018,0.5,0.8,0.18,False,True,
8447695212510338,constant,0.5,evaluated,0.5,0.0,0.75,0.7499999999999999,0.0,1.1102230246251565e-16,0.5,0.0,1.0,True,True,
8447695212510338,independent,0.5,evaluated,0.5,0.0,0.7499999999999998,0.75,0.0,-2.220446049250313e-16,0.5,0.0,0.5,True,True,
8447695212510338,informative_unused,0.5,evaluated,0.5,0.5,0.75,0.7499999999999999,0.25,1.1102230246251565e-16,0.5,0.0,0.0,False,True,
8447695212510338,xor_public,0.5,evaluated,0.0,0.0,1.0,1.0,0.0,0.0,,,,False,True,
8447695212510338,hidden_irrelevant,0.5,evaluated,1.0,0.013479364460100264,1.0,1.0,0.0,0.0,,,,False,True,
8447695212510338,symmetric_init,0.5,evaluated,0.5,0.0,0.75,0.75,0.0,0.0,0.5,0.0,0.5,True,True,
7376897211441164,identity,0.5,evaluated,0.5,0.5,1.0,0.75,0.25,0.25,0.5,1.0,0.0,False,True,
7376897211441164,noisy,0.5,evaluated,0.5,0.265502203205358,0.9500000000000002,0.75,0.19999999999999996,0.20000000000000018,0.5,0.8,0.18,False,True,
7376897211441164,constant,0.5,evaluated,0.5,0.0,0.7499999999999999,0.75,0.0,-1.1102230246251565e-16,0.5,0.0,1.0,True,True,
7376897211441164,independent,0.5,evaluated,0.5,0.0,0.7500000000000001,0.7500000000000002,0.0,-1.1102230246251565e-16,0.5,0.0,0.5,True,True,
7376897211441164,informative_unused,0.5,evaluated,0.5,0.5,0.75,0.75,0.25,0.0,0.5,0.0,0.0,False,True,
7376897211441164,xor_public,0.5,evaluated,0.0,0.0,1.0,1.0,0.0,0.0,,,,False,True,
7376897211441164,hidden_irrelevant,0.5,evaluated,1.0,0.19712652741863962,1.0,1.0,0.0,0.0,,,,False,True,
7376897211441164,symmetric_init,0.5,evaluated,0.5,0.0,0.75,0.75,0.0,0.0,0.5,0.0,0.5,True,True,
7665373344845134,identity,0.5,evaluated,0.5,0.5,1.0,0.75,0.25,0.25,0.5,1.0,0.0,False,True,
7665373344845134,noisy,0.5,evaluated,0.5,0.265502203205358,0.9500000000000002,0.7499999999999999,0.19999999999999996,0.2000000000000003,0.5,0.8,0.18,False,True,
7665373344845134,constant,0.5,evaluated,0.5,0.0,0.75,0.75,0.0,0.0,0.5,0.0,1.0,True,True,
7665373344845134,independent,0.5,evaluated,0.5,0.0,0.7500000000000001,0.7500000000000002,0.0,-1.1102230246251565e-16,0.5,0.0,0.5,True,True,
7665373344845134,informative_unused,0.5,evaluated,0.5,0.5,0.75,0.75,0.25,0.0,0.5,0.0,0.0,False,True,
7665373344845134,xor_public,0.5,evaluated,0.0,0.0,1.0,1.0,0.0,0.0,,,,False,True,
7665373344845134,hidden_irrelevant,0.5,evaluated,1.0,0.1350211624194175,1.0,1.0,0.0,0.0,,,,False,True,
7665373344845134,symmetric_init,0.5,evaluated,0.5,0.0,0.75,0.75,0.0,0.0,0.5,0.0,0.5,True,True,
5103962951979309,identity,0.5,evaluated,0.5,0.5,1.0,0.75,0.25,0.25,0.5,1.0,0.0,False,True,
5103962951979309,noisy,0.5,evaluated,0.5,0.265502203205358,0.9500000000000002,0.7500000000000001,0.19999999999999996,0.20000000000000007,0.5,0.8,0.18,False,True,
5103962951979309,constant,0.5,evaluated,0.5,0.0,0.75,0.75,0.0,0.0,0.5,0.0,1.0,True,True,
5103962951979309,independent,0.5,evaluated,0.5,0.0,0.75,0.75,0.0,0.0,0.5,0.0,0.5,True,True,
5103962951979309,informative_unused,0.5,evaluated,0.5,0.5,0.75,0.75,0.25,0.0,0.5,0.0,0.0,False,True,
5103962951979309,xor_public,0.5,evaluated,0.0,0.0,1.0,1.0,0.0,0.0,,,,False,True,
5103962951979309,hidden_irrelevant,0.5,evaluated,1.0,0.0,1.0,1.0,0.0,0.0,,,,True,True,
5103962951979309,symmetric_init,0.5,evaluated,0.5,0.0,0.75,0.75,0.0,0.0,0.5,0.0,0.5,True,True,
4531411118106742,identity,0.5,evaluated,0.5,0.5,1.0,0.75,0.25,0.25,0.5,1.0,0.0,False,True,
4531411118106742,noisy,0.5,evaluated,0.5,0.265502203205358,0.9500000000000002,0.7500000000000001,0.19999999999999996,0.20000000000000007,0.5,0.8,0.18,False,True,
4531411118106742,constant,0.5,evaluated,0.5,0.0,0.75,0.75,0.0,0.0,0.5,0.0,1.0,True,True,
4531411118106742,independent,0.5,evaluated,0.5,0.0,0.75,0.75,0.0,0.0,0.5,0.0,0.5,True,True,
4531411118106742,informative_unused,0.5,evaluated,0.5,0.5,0.75,0.75,0.25,0.0,0.5,0.0,0.0,False,True,
4531411118106742,xor_public,0.5,evaluated,0.0,0.0,1.0,1.0,0.0,0.0,,,,False,True,
4531411118106742,hidden_irrelevant,0.5,evaluated,1.0,0.13597564692700526,1.0,1.0,0.0,0.0,,,,False,True,
4531411118106742,symmetric_init,0.5,evaluated,0.5,0.0,0.75,0.75,0.0,0.0,0.5,0.0,0.5,True,True,
6245760158822776,identity,0.5,evaluated,0.5,0.5,1.0,0.75,0.25,0.25,0.5,1.0,0.0,False,True,
6245760158822776,noisy,0.5,evaluated,0.5,0.265502203205358,0.9500000000000002,0.75,0.19999999999999996,0.20000000000000018,0.5,0.8,0.18,False,True,
6245760158822776,constant,0.5,evaluated,0.5,0.0,0.75,0.75,0.0,0.0,0.5,0.0,1.0,True,True,
6245760158822776,independent,0.5,evaluated,0.5,0.0,0.7500000000000002,0.75,0.0,2.220446049250313e-16,0.5,0.0,0.5,True,True,
6245760158822776,informative_unused,0.5,evaluated,0.5,0.5,0.75,0.75,0.25,0.0,0.5,0.0,0.0,False,True,
6245760158822776,xor_public,0.5,evaluated,0.0,0.0,1.0,1.0,0.0,0.0,,,,False,True,
6245760158822776,hidden_irrelevant,0.5,evaluated,1.0,0.0017282542952051713,1.0,1.0,0.0,0.0,,,,False,True,
6245760158822776,symmetric_init,0.5,evaluated,0.5,0.0,0.75,0.75,0.0,0.0,0.5,0.0,0.5,True,True,
5187990724532159,identity,0.5,evaluated,0.5,0.5,1.0,0.7499999999999999,0.25,0.2500000000000001,0.5,1.0,0.0,False,True,
5187990724532159,noisy,0.5,evaluated,0.5,0.265502203205358,0.9500000000000002,0.7500000000000002,0.19999999999999996,0.19999999999999996,0.5,0.8,0.18,False,True,
5187990724532159,constant,0.5,evaluated,0.5,0.0,0.75,0.7499999999999999,0.0,1.1102230246251565e-16,0.5,0.0,1.0,True,True,
5187990724532159,independent,0.5,evaluated,0.5,0.0,0.75,0.75,0.0,0.0,0.5,0.0,0.5,True,True,
5187990724532159,informative_unused,0.5,evaluated,0.5,0.5,0.75,0.7499999999999999,0.25,1.1102230246251565e-16,0.5,0.0,0.0,False,True,
5187990724532159,xor_public,0.5,evaluated,0.0,0.0,1.0,1.0,0.0,0.0,,,,False,True,
5187990724532159,hidden_irrelevant,0.5,evaluated,1.0,0.5452686955471062,1.0,1.0,0.0,0.0,,,,False,True,
5187990724532159,symmetric_init,0.5,evaluated,0.5,0.0,0.75,0.75,0.0,0.0,0.5,0.0,0.5,True,True,
5171476996463958,identity,0.5,evaluated,0.5,0.5,1.0,0.75,0.25,0.25,0.5,1.0,0.0,False,True,
5171476996463958,noisy,0.5,evaluated,0.5,0.265502203205358,0.9500000000000002,0.7500000000000002,0.19999999999999996,0.19999999999999996,0.5,0.8,0.18,False,True,
5171476996463958,constant,0.5,evaluated,0.5,0.0,0.75,0.75,0.0,0.0,0.5,0.0,1.0,True,True,
5171476996463958,independent,0.5,evaluated,0.5,0.0,0.7500000000000001,0.75,0.0,1.1102230246251565e-16,0.5,0.0,0.5,True,True,
5171476996463958,informative_unused,0.5,evaluated,0.5,0.5,0.75,0.75,0.25,0.0,0.5,0.0,0.0,False,True,
5171476996463958,xor_public,0.5,evaluated,0.0,0.0,1.0,1.0,0.0,0.0,,,,True,True,
5171476996463958,hidden_irrelevant,0.5,evaluated,1.0,0.0007308302409017742,1.0,1.0,0.0,0.0,,,,False,True,
5171476996463958,symmetric_init,0.5,evaluated,0.5,0.0,0.75,0.75,0.0,0.0,0.5,0.0,0.5,True,True,
4668212906132601,identity,0.5,evaluated,0.5,0.5,1.0,0.75,0.25,0.25,0.5,1.0,0.0,False,True,
4668212906132601,noisy,0.5,evaluated,0.5,0.265502203205358,0.9500000000000002,0.7499999999999999,0.19999999999999996,0.2000000000000003,0.5,0.8,0.18,False,True,
4668212906132601,constant,0.5,evaluated,0.5,0.0,0.75,0.75,0.0,0.0,0.5,0.0,1.0,True,True,
4668212906132601,independent,0.5,evaluated,0.5,0.0,0.7499999999999999,0.75,0.0,-1.1102230246251565e-16,0.5,0.0,0.5,True,True,
4668212906132601,informative_unused,0.5,evaluated,0.5,0.5,0.75,0.75,0.25,0.0,0.5,0.0,0.0,False,True,
4668212906132601,xor_public,0.5,evaluated,0.0,0.0,1.0,1.0,0.0,0.0,,,,False,True,
4668212906132601,hidden_irrelevant,0.5,evaluated,1.0,0.0,1.0,1.0,0.0,0.0,,,,True,True,
4668212906132601,symmetric_init,0.5,evaluated,0.5,0.0,0.75,0.75,0.0,0.0,0.5,0.0,0.5,True,True,
6603279606852785,identity,0.5,evaluated,0.5,0.5,1.0,0.75,0.25,0.25,0.5,1.0,0.0,False,True,
6603279606852785,noisy,0.5,evaluated,0.5,0.265502203205358,0.9500000000000002,0.7500000000000002,0.19999999999999996,0.19999999999999996,0.5,0.8,0.18,False,True,
6603279606852785,constant,0.5,evaluated,0.5,0.0,0.75,0.75,0.0,0.0,0.5,0.0,1.0,True,True,
6603279606852785,independent,0.5,evaluated,0.5,0.0,0.75,0.75,0.0,0.0,0.5,0.0,0.5,True,True,
6603279606852785,informative_unused,0.5,evaluated,0.5,0.5,0.75,0.75,0.25,0.0,0.5,0.0,0.0,False,True,
6603279606852785,xor_public,0.5,evaluated,0.0,0.0,1.0,1.0,0.0,0.0,,,,False,True,
6603279606852785,hidden_irrelevant,0.5,evaluated,1.0,0.001376059856765019,1.0,1.0,0.0,0.0,,,,False,True,
6603279606852785,symmetric_init,0.5,evaluated,0.5,0.0,0.75,0.75,0.0,0.0,0.5,0.0,0.5,True,True,
8618002265329928,identity,0.5,evaluated,0.5,0.5,1.0,0.7500000000000001,0.25,0.2499999999999999,0.5,1.0,0.0,False,True,
8618002265329928,noisy,0.5,evaluated,0.5,0.265502203205358,0.9500000000000002,0.7499999999999998,0.19999999999999996,0.2000000000000004,0.5,0.8,0.18,False,True,
8618002265329928,constant,0.5,evaluated,0.5,0.0,0.75,0.7500000000000001,0.0,-1.1102230246251565e-16,0.5,0.0,1.0,True,True,
8618002265329928,independent,0.5,evaluated,0.5,0.0,0.75,0.7499999999999998,0.0,2.220446049250313e-16,0.5,0.0,0.5,True,True,
8618002265329928,informative_unused,0.5,evaluated,0.5,0.5,0.75,0.7500000000000001,0.25,-1.1102230246251565e-16,0.5,0.0,0.0,False,True,
8618002265329928,xor_public,0.5,evaluated,0.0,0.0,1.0,1.0,0.0,0.0,,,,False,True,
8618002265329928,hidden_irrelevant,0.5,evaluated,1.0,0.0016267204206473185,1.0,1.0,0.0,0.0,,,,False,True,
8618002265329928,symmetric_init,0.5,evaluated,0.5,0.0,0.75,0.75,0.0,0.0,0.5,0.0,0.5,True,True,
5638985731817786,identity,0.5,evaluated,0.5,0.5,1.0,0.75,0.25,0.25,0.5,1.0,0.0,False,True,
5638985731817786,noisy,0.5,evaluated,0.5,0.265502203205358,0.9500000000000002,0.75,0.19999999999999996,0.20000000000000018,0.5,0.8,0.18,False,True,
5638985731817786,constant,0.5,evaluated,0.5,0.0,0.75,0.75,0.0,0.0,0.5,0.0,1.0,True,True,
5638985731817786,independent,0.5,evaluated,0.5,0.0,0.7499999999999999,0.75,0.0,-1.1102230246251565e-16,0.5,0.0,0.5,True,True,
5638985731817786,informative_unused,0.5,evaluated,0.5,0.5,0.75,0.75,0.25,0.0,0.5,0.0,0.0,False,True,
5638985731817786,xor_public,0.5,evaluated,0.0,0.0,1.0,1.0,0.0,0.0,,,,True,True,
5638985731817786,hidden_irrelevant,0.5,evaluated,1.0,0.13567918100786608,1.0,1.0,0.0,0.0,,,,False,True,
5638985731817786,symmetric_init,0.5,evaluated,0.5,0.0,0.75,0.75,0.0,0.0,0.5,0.0,0.5,True,True,
6830206665860415,identity,0.5,evaluated,0.5,0.5,1.0,0.75,0.25,0.25,0.5,1.0,0.0,False,True,
6830206665860415,noisy,0.5,evaluated,0.5,0.265502203205358,0.9500000000000002,0.7499999999999999,0.19999999999999996,0.2000000000000003,0.5,0.8,0.18,False,True,
6830206665860415,constant,0.5,evaluated,0.5,0.0,0.7500000000000001,0.75,0.0,1.1102230246251565e-16,0.5,0.0,1.0,True,True,
6830206665860415,independent,0.5,evaluated,0.5,0.0,0.7499999999999998,0.75,0.0,-2.220446049250313e-16,0.5,0.0,0.5,True,True,
6830206665860415,informative_unused,0.5,evaluated,0.5,0.5,0.75,0.75,0.25,0.0,0.5,0.0,0.0,False,True,
6830206665860415,xor_public,0.5,evaluated,0.0,0.0,1.0,1.0,0.0,0.0,,,,True,True,
6830206665860415,hidden_irrelevant,0.5,evaluated,1.0,0.03819259570506106,1.0,1.0,0.0,0.0,,,,False,True,
6830206665860415,symmetric_init,0.5,evaluated,0.5,0.0,0.75,0.75,0.0,0.0,0.5,0.0,0.5,True,True,
7698741385612395,identity,0.5,evaluated,0.5,0.5,1.0,0.75,0.25,0.25,0.5,1.0,0.0,False,True,
7698741385612395,noisy,0.5,evaluated,0.5,0.265502203205358,0.9500000000000002,0.7499999999999999,0.19999999999999996,0.2000000000000003,0.5,0.8,0.18,False,True,
7698741385612395,constant,0.5,evaluated,0.5,0.0,0.75,0.75,0.0,0.0,0.5,0.0,1.0,True,True,
7698741385612395,independent,0.5,evaluated,0.5,0.0,0.75,0.75,0.0,0.0,0.5,0.0,0.5,True,True,
7698741385612395,informative_unused,0.5,evaluated,0.5,0.5,0.75,0.75,0.25,0.0,0.5,0.0,0.0,False,True,
7698741385612395,xor_public,0.5,evaluated,0.0,0.0,1.0,1.0,0.0,0.0,,,,False,True,
7698741385612395,hidden_irrelevant,0.5,evaluated,1.0,0.0006951091786584745,1.0,1.0,0.0,0.0,,,,False,True,
7698741385612395,symmetric_init,0.5,evaluated,0.5,0.0,0.75,0.75,0.0,0.0,0.5,0.0,0.5,True,True,
5411041893334660,identity,0.5,evaluated,0.5,0.5,1.0,0.75,0.25,0.25,0.5,1.0,0.0,False,True,
5411041893334660,noisy,0.5,evaluated,0.5,0.265502203205358,0.9500000000000002,0.75,0.19999999999999996,0.20000000000000018,0.5,0.8,0.18,False,True,
5411041893334660,constant,0.5,evaluated,0.5,0.0,0.7500000000000001,0.75,0.0,1.1102230246251565e-16,0.5,0.0,1.0,True,True,
5411041893334660,independent,0.5,evaluated,0.5,0.0,0.7499999999999999,0.75,0.0,-1.1102230246251565e-16,0.5,0.0,0.5,True,True,
5411041893334660,informative_unused,0.5,evaluated,0.5,0.5,0.75,0.75,0.25,0.0,0.5,0.0,0.0,False,True,
5411041893334660,xor_public,0.5,evaluated,0.0,0.0,1.0,1.0,0.0,0.0,,,,False,True,
5411041893334660,hidden_irrelevant,0.5,evaluated,1.0,0.15207371381011914,1.0,1.0,0.0,0.0,,,,False,True,
5411041893334660,symmetric_init,0.5,evaluated,0.5,0.0,0.75,0.75,0.0,0.0,0.5,0.0,0.5,True,True,
7294228965045266,identity,0.5,evaluated,0.5,0.5,1.0,0.7500000000000001,0.25,0.2499999999999999,0.5,1.0,0.0,False,True,
7294228965045266,noisy,0.5,evaluated,0.5,0.265502203205358,0.9500000000000002,0.7500000000000001,0.19999999999999996,0.20000000000000007,0.5,0.8,0.18,False,True,
7294228965045266,constant,0.5,evaluated,0.5,0.0,0.75,0.7500000000000001,0.0,-1.1102230246251565e-16,0.5,0.0,1.0,True,True,
7294228965045266,independent,0.5,evaluated,0.5,0.0,0.75,0.7499999999999998,0.0,2.220446049250313e-16,0.5,0.0,0.5,True,True,
7294228965045266,informative_unused,0.5,evaluated,0.5,0.5,0.75,0.7500000000000001,0.25,-1.1102230246251565e-16,0.5,0.0,0.0,False,True,
7294228965045266,xor_public,0.5,evaluated,0.0,0.0,1.0,1.0,0.0,0.0,,,,False,True,
7294228965045266,hidden_irrelevant,0.5,evaluated,1.0,0.0,1.0,1.0,0.0,0.0,,,,True,True,
7294228965045266,symmetric_init,0.5,evaluated,0.5,0.0,0.75,0.75,0.0,0.0,0.5,0.0,0.5,True,True,
8626390046224340,identity,0.5,evaluated,0.5,0.5,1.0,0.75,0.25,0.25,0.5,1.0,0.0,False,True,
8626390046224340,noisy,0.5,evaluated,0.5,0.265502203205358,0.9500000000000002,0.75,0.19999999999999996,0.20000000000000018,0.5,0.8,0.18,False,True,
8626390046224340,constant,0.5,evaluated,0.5,0.0,0.75,0.75,0.0,0.0,0.5,0.0,1.0,True,True,
8626390046224340,independent,0.5,evaluated,0.5,0.0,0.7500000000000002,0.7500000000000002,0.0,0.0,0.5,0.0,0.5,True,True,
8626390046224340,informative_unused,0.5,evaluated,0.5,0.5,0.75,0.75,0.25,0.0,0.5,0.0,0.0,False,True,
8626390046224340,xor_public,0.5,evaluated,0.0,0.0,1.0,1.0,0.0,0.0,,,,False,True,
8626390046224340,hidden_irrelevant,0.5,evaluated,1.0,0.0,1.0,1.0,0.0,0.0,,,,True,True,
8626390046224340,symmetric_init,0.5,evaluated,0.5,0.0,0.75,0.75,0.0,0.0,0.5,0.0,0.5,True,True,
7574581156743973,identity,0.5,evaluated,0.5,0.5,1.0,0.75,0.25,0.25,0.5,1.0,0.0,False,True,
7574581156743973,noisy,0.5,evaluated,0.5,0.265502203205358,0.9500000000000002,0.7500000000000001,0.19999999999999996,0.20000000000000007,0.5,0.8,0.18,False,True,
7574581156743973,constant,0.5,evaluated,0.5,0.0,0.7500000000000001,0.75,0.0,1.1102230246251565e-16,0.5,0.0,1.0,True,True,
7574581156743973,independent,0.5,evaluated,0.5,0.0,0.7499999999999999,0.75,0.0,-1.1102230246251565e-16,0.5,0.0,0.5,True,True,
7574581156743973,informative_unused,0.5,evaluated,0.5,0.5,0.75,0.75,0.25,0.0,0.5,0.0,0.0,False,True,
7574581156743973,xor_public,0.5,evaluated,0.0,0.0,1.0,1.0,0.0,0.0,,,,False,True,
7574581156743973,hidden_irrelevant,0.5,evaluated,1.0,0.12915573602231425,1.0,1.0,0.0,0.0,,,,False,True,
7574581156743973,symmetric_init,0.5,evaluated,0.5,0.0,0.75,0.75,0.0,0.0,0.5,0.0,0.5,True,True,
7600820203601454,identity,0.5,evaluated,0.5,0.5,1.0,0.75,0.25,0.25,0.5,1.0,0.0,False,True,
7600820203601454,noisy,0.5,evaluated,0.5,0.265502203205358,0.9500000000000002,0.75,0.19999999999999996,0.20000000000000018,0.5,0.8,0.18,False,True,
7600820203601454,constant,0.5,evaluated,0.5,0.0,0.75,0.75,0.0,0.0,0.5,0.0,1.0,True,True,
7600820203601454,independent,0.5,evaluated,0.5,0.0,0.7499999999999999,0.7500000000000002,0.0,-3.3306690738754696e-16,0.5,0.0,0.5,True,True,
7600820203601454,informative_unused,0.5,evaluated,0.5,0.5,0.75,0.75,0.25,0.0,0.5,0.0,0.0,False,True,
7600820203601454,xor_public,0.5,evaluated,0.0,0.0,1.0,1.0,0.0,0.0,,,,False,True,
7600820203601454,hidden_irrelevant,0.5,evaluated,1.0,0.03762989854061684,1.0,1.0,0.0,0.0,,,,False,True,
7600820203601454,symmetric_init,0.5,evaluated,0.5,0.0,0.75,0.75,0.0,0.0,0.5,0.0,0.5,True,True,
8929206611991801,identity,0.5,evaluated,0.5,0.5,1.0,0.75,0.25,0.25,0.5,1.0,0.0,False,True,
8929206611991801,noisy,0.5,evaluated,0.5,0.265502203205358,0.9500000000000002,0.7500000000000001,0.19999999999999996,0.20000000000000007,0.5,0.8,0.18,False,True,
8929206611991801,constant,0.5,evaluated,0.5,0.0,0.75,0.75,0.0,0.0,0.5,0.0,1.0,True,True,
8929206611991801,independent,0.5,evaluated,0.5,0.0,0.7499999999999999,0.7500000000000002,0.0,-3.3306690738754696e-16,0.5,0.0,0.5,True,True,
8929206611991801,informative_unused,0.5,evaluated,0.5,0.5,0.75,0.75,0.25,0.0,0.5,0.0,0.0,False,True,
8929206611991801,xor_public,0.5,evaluated,0.0,0.0,1.0,1.0,0.0,0.0,,,,True,True,
8929206611991801,hidden_irrelevant,0.5,evaluated,1.0,0.0,1.0,1.0,0.0,0.0,,,,True,True,
8929206611991801,symmetric_init,0.5,evaluated,0.5,0.0,0.75,0.75,0.0,0.0,0.5,0.0,0.5,True,True,
6900048993075512,identity,0.5,evaluated,0.5,0.5,1.0,0.75,0.25,0.25,0.5,1.0,0.0,False,True,
6900048993075512,noisy,0.5,evaluated,0.5,0.265502203205358,0.9500000000000002,0.75,0.19999999999999996,0.20000000000000018,0.5,0.8,0.18,False,True,
6900048993075512,constant,0.5,evaluated,0.5,0.0,0.7499999999999999,0.75,0.0,-1.1102230246251565e-16,0.5,0.0,1.0,True,True,
6900048993075512,independent,0.5,evaluated,0.5,0.0,0.7500000000000002,0.75,0.0,2.220446049250313e-16,0.5,0.0,0.5,True,True,
6900048993075512,informative_unused,0.5,evaluated,0.5,0.5,0.75,0.75,0.25,0.0,0.5,0.0,0.0,False,True,
6900048993075512,xor_public,0.5,evaluated,0.0,0.0,1.0,1.0,0.0,0.0,,,,True,True,
6900048993075512,hidden_irrelevant,0.5,evaluated,1.0,0.0,1.0,1.0,0.0,0.0,,,,True,True,
6900048993075512,symmetric_init,0.5,evaluated,0.5,0.0,0.75,0.75,0.0,0.0,0.5,0.0,0.5,True,True,
5175426463524091,identity,0.5,evaluated,0.5,0.5,1.0,0.7500000000000001,0.25,0.2499999999999999,0.5,1.0,0.0,False,True,
5175426463524091,noisy,0.5,evaluated,0.5,0.265502203205358,0.9500000000000002,0.7499999999999999,0.19999999999999996,0.2000000000000003,0.5,0.8,0.18,False,True,
5175426463524091,constant,0.5,evaluated,0.5,0.0,0.75,0.7500000000000001,0.0,-1.1102230246251565e-16,0.5,0.0,1.0,True,True,
5175426463524091,independent,0.5,evaluated,0.5,0.0,0.7500000000000001,0.7499999999999998,0.0,3.3306690738754696e-16,0.5,0.0,0.5,True,True,
5175426463524091,informative_unused,0.5,evaluated,0.5,0.5,0.75,0.7500000000000001,0.25,-1.1102230246251565e-16,0.5,0.0,0.0,False,True,
5175426463524091,xor_public,0.5,evaluated,0.0,0.0,1.0,1.0,0.0,0.0,,,,True,True,
5175426463524091,hidden_irrelevant,0.5,evaluated,1.0,0.003978564328740306,1.0,1.0,0.0,0.0,,,,False,True,
5175426463524091,symmetric_init,0.5,evaluated,0.5,0.0,0.75,0.75,0.0,0.0,0.5,0.0,0.5,True,True,
5701933456983222,identity,0.5,evaluated,0.5,0.5,1.0,0.75,0.25,0.25,0.5,1.0,0.0,False,True,
5701933456983222,noisy,0.5,evaluated,0.5,0.265502203205358,0.9500000000000002,0.7499999999999999,0.19999999999999996,0.2000000000000003,0.5,0.8,0.18,False,True,
5701933456983222,constant,0.5,evaluated,0.5,0.0,0.7499999999999999,0.75,0.0,-1.1102230246251565e-16,0.5,0.0,1.0,True,True,
5701933456983222,independent,0.5,evaluated,0.5,0.0,0.75,0.75,0.0,0.0,0.5,0.0,0.5,True,True,
5701933456983222,informative_unused,0.5,evaluated,0.5,0.5,0.75,0.75,0.25,0.0,0.5,0.0,0.0,False,True,
5701933456983222,xor_public,0.5,evaluated,0.0,0.0,1.0,1.0,0.0,0.0,,,,False,True,
5701933456983222,hidden_irrelevant,0.5,evaluated,1.0,0.014514296312816536,1.0,1.0,-1.1102230246251565e-16,0.0,,,,False,True,
5701933456983222,symmetric_init,0.5,evaluated,0.5,0.0,0.75,0.75,0.0,0.0,0.5,0.0,0.5,True,True,
8458432618870198,identity,0.5,evaluated,0.5,0.5,1.0,0.75,0.25,0.25,0.5,1.0,0.0,False,True,
8458432618870198,noisy,0.5,evaluated,0.5,0.265502203205358,0.9500000000000002,0.7499999999999998,0.19999999999999996,0.2000000000000004,0.5,0.8,0.18,False,True,
8458432618870198,constant,0.5,evaluated,0.5,0.0,0.75,0.75,0.0,0.0,0.5,0.0,1.0,True,True,
8458432618870198,independent,0.5,evaluated,0.5,0.0,0.75,0.75,0.0,0.0,0.5,0.0,0.5,True,True,
8458432618870198,informative_unused,0.5,evaluated,0.5,0.5,0.75,0.75,0.25,0.0,0.5,0.0,0.0,False,True,
8458432618870198,xor_public,0.5,evaluated,0.0,0.0,1.0,1.0,0.0,0.0,,,,False,True,
8458432618870198,hidden_irrelevant,0.5,evaluated,1.0,0.0,1.0,1.0,0.0,0.0,,,,True,True,
8458432618870198,symmetric_init,0.5,evaluated,0.5,0.0,0.75,0.75,0.0,0.0,0.5,0.0,0.5,True,True,
5512406005711640,identity,0.5,evaluated,0.5,0.5,1.0,0.7500000000000001,0.25,0.2499999999999999,0.5,1.0,0.0,False,True,
5512406005711640,noisy,0.5,evaluated,0.5,0.265502203205358,0.9500000000000002,0.75,0.19999999999999996,0.20000000000000018,0.5,0.8,0.18,False,True,
5512406005711640,constant,0.5,evaluated,0.5,0.0,0.75,0.7500000000000001,0.0,-1.1102230246251565e-16,0.5,0.0,1.0,True,True,
5512406005711640,independent,0.5,evaluated,0.5,0.0,0.75,0.75,0.0,0.0,0.5,0.0,0.5,True,True,
5512406005711640,informative_unused,0.5,evaluated,0.5,0.5,0.75,0.7500000000000001,0.25,-1.1102230246251565e-16,0.5,0.0,0.0,False,True,
5512406005711640,xor_public,0.5,evaluated,0.0,0.0,1.0,1.0,0.0,0.0,,,,False,True,
5512406005711640,hidden_irrelevant,0.5,evaluated,1.0,0.0,1.0,1.0,0.0,0.0,,,,True,True,
5512406005711640,symmetric_init,0.5,evaluated,0.5,0.0,0.75,0.75,0.0,0.0,0.5,0.0,0.5,True,True,
8132885486322504,identity,0.5,evaluated,0.5,0.5,1.0,0.7500000000000001,0.25,0.2499999999999999,0.5,1.0,0.0,False,True,
8132885486322504,noisy,0.5,evaluated,0.5,0.265502203205358,0.9500000000000002,0.7499999999999998,0.19999999999999996,0.2000000000000004,0.5,0.8,0.18,False,True,
8132885486322504,constant,0.5,evaluated,0.5,0.0,0.75,0.7500000000000001,0.0,-1.1102230246251565e-16,0.5,0.0,1.0,True,True,
8132885486322504,independent,0.5,evaluated,0.5,0.0,0.7500000000000001,0.75,0.0,1.1102230246251565e-16,0.5,0.0,0.5,True,True,
8132885486322504,informative_unused,0.5,evaluated,0.5,0.5,0.75,0.7500000000000001,0.25,-1.1102230246251565e-16,0.5,0.0,0.0,False,True,
8132885486322504,xor_public,0.5,evaluated,0.0,0.0,1.0,1.0,0.0,0.0,,,,False,True,
8132885486322504,hidden_irrelevant,0.5,evaluated,1.0,0.20929215190715073,1.0,1.0,0.0,0.0,,,,False,True,
8132885486322504,symmetric_init,0.5,evaluated,0.5,0.0,0.75,0.75,0.0,0.0,0.5,0.0,0.5,True,True,
6362181083759824,identity,0.5,evaluated,0.5,0.5,1.0,0.7499999999999999,0.25,0.2500000000000001,0.5,1.0,0.0,False,True,
6362181083759824,noisy,0.5,evaluated,0.5,0.265502203205358,0.9500000000000002,0.7500000000000001,0.19999999999999996,0.20000000000000007,0.5,0.8,0.18,False,True,
6362181083759824,constant,0.5,evaluated,0.5,0.0,0.7499999999999999,0.7499999999999999,0.0,0.0,0.5,0.0,1.0,True,True,
6362181083759824,independent,0.5,evaluated,0.5,0.0,0.75,0.7500000000000002,0.0,-2.220446049250313e-16,0.5,0.0,0.5,True,True,
6362181083759824,informative_unused,0.5,evaluated,0.5,0.5,0.75,0.7499999999999999,0.25,1.1102230246251565e-16,0.5,0.0,0.0,False,True,
6362181083759824,xor_public,0.5,evaluated,0.0,0.0,1.0,1.0,0.0,0.0,,,,False,True,
6362181083759824,hidden_irrelevant,0.5,evaluated,1.0,0.2439425228061392,1.0,1.0,0.0,0.0,,,,False,True,
6362181083759824,symmetric_init,0.5,evaluated,0.5,0.0,0.75,0.75,0.0,0.0,0.5,0.0,0.5,True,True,
8068891031814092,identity,0.5,evaluated,0.5,0.5,1.0,0.75,0.25,0.25,0.5,1.0,0.0,False,True,
8068891031814092,noisy,0.5,evaluated,0.5,0.265502203205358,0.9500000000000002,0.75,0.19999999999999996,0.20000000000000018,0.5,0.8,0.18,False,True,
8068891031814092,constant,0.5,evaluated,0.5,0.0,0.75,0.75,0.0,0.0,0.5,0.0,1.0,True,True,
8068891031814092,independent,0.5,evaluated,0.5,0.0,0.75,0.75,0.0,0.0,0.5,0.0,0.5,True,True,
8068891031814092,informative_unused,0.5,evaluated,0.5,0.5,0.75,0.75,0.25,0.0,0.5,0.0,0.0,False,True,
8068891031814092,xor_public,0.5,evaluated,0.0,0.0,1.0,1.0,0.0,0.0,,,,False,True,
8068891031814092,hidden_irrelevant,0.5,evaluated,1.0,0.1697832254862342,1.0,1.0,0.0,0.0,,,,False,True,
8068891031814092,symmetric_init,0.5,evaluated,0.5,0.0,0.75,0.75,0.0,0.0,0.5,0.0,0.5,True,True,
6586133627771305,identity,0.5,evaluated,0.5,0.5,1.0,0.75,0.25,0.25,0.5,1.0,0.0,False,True,
6586133627771305,noisy,0.5,evaluated,0.5,0.265502203205358,0.9500000000000002,0.7500000000000001,0.19999999999999996,0.20000000000000007,0.5,0.8,0.18,False,True,
6586133627771305,constant,0.5,evaluated,0.5,0.0,0.75,0.75,0.0,0.0,0.5,0.0,1.0,True,True,
6586133627771305,independent,0.5,evaluated,0.5,0.0,0.7499999999999999,0.75,0.0,-1.1102230246251565e-16,0.5,0.0,0.5,True,True,
6586133627771305,informative_unused,0.5,evaluated,0.5,0.5,0.75,0.75,0.25,0.0,0.5,0.0,0.0,False,True,
6586133627771305,xor_public,0.5,evaluated,0.0,0.0,1.0,1.0,0.0,0.0,,,,False,True,
6586133627771305,hidden_irrelevant,0.5,evaluated,1.0,0.0,1.0,1.0,0.0,0.0,,,,True,True,
6586133627771305,symmetric_init,0.5,evaluated,0.5,0.0,0.75,0.75,0.0,0.0,0.5,0.0,0.5,True,True,
5308906217970739,identity,0.5,evaluated,0.5,0.5,1.0,0.75,0.25,0.25,0.5,1.0,0.0,False,True,
5308906217970739,noisy,0.5,evaluated,0.5,0.265502203205358,0.9500000000000002,0.7500000000000001,0.19999999999999996,0.20000000000000007,0.5,0.8,0.18,False,True,
5308906217970739,constant,0.5,evaluated,0.5,0.0,0.7500000000000001,0.75,0.0,1.1102230246251565e-16,0.5,0.0,1.0,True,True,
5308906217970739,independent,0.5,evaluated,0.5,0.0,0.7499999999999999,0.7499999999999998,0.0,1.1102230246251565e-16,0.5,0.0,0.5,True,True,
5308906217970739,informative_unused,0.5,evaluated,0.5,0.5,0.75,0.75,0.25,0.0,0.5,0.0,0.0,False,True,
5308906217970739,xor_public,0.5,evaluated,0.0,0.0,1.0,1.0,0.0,0.0,,,,False,True,
5308906217970739,hidden_irrelevant,0.5,evaluated,1.0,0.010031547430749,1.0,1.0,0.0,0.0,,,,False,True,
5308906217970739,symmetric_init,0.5,evaluated,0.5,0.0,0.75,0.75,0.0,0.0,0.5,0.0,0.5,True,True,
6477202534809944,identity,0.5,evaluated,0.5,0.5,1.0,0.75,0.25,0.25,0.5,1.0,0.0,False,True,
6477202534809944,noisy,0.5,evaluated,0.5,0.265502203205358,0.9500000000000002,0.7499999999999999,0.19999999999999996,0.2000000000000003,0.5,0.8,0.18,False,True,
6477202534809944,constant,0.5,evaluated,0.5,0.0,0.75,0.75,0.0,0.0,0.5,0.0,1.0,True,True,
6477202534809944,independent,0.5,evaluated,0.5,0.0,0.7500000000000001,0.7499999999999998,0.0,3.3306690738754696e-16,0.5,0.0,0.5,True,True,
6477202534809944,informative_unused,0.5,evaluated,0.5,0.5,0.75,0.75,0.25,0.0,0.5,0.0,0.0,False,True,
6477202534809944,xor_public,0.5,evaluated,0.0,0.0,1.0,1.0,0.0,0.0,,,,False,True,
6477202534809944,hidden_irrelevant,0.5,evaluated,1.0,0.01235413107203,1.0,1.0,0.0,0.0,,,,False,True,
6477202534809944,symmetric_init,0.5,evaluated,0.5,0.0,0.75,0.75,0.0,0.0,0.5,0.0,0.5,True,True,
7595238906593823,identity,0.5,evaluated,0.5,0.5,1.0,0.75,0.25,0.25,0.5,1.0,0.0,False,True,
7595238906593823,noisy,0.5,evaluated,0.5,0.265502203205358,0.9500000000000002,0.75,0.19999999999999996,0.20000000000000018,0.5,0.8,0.18,False,True,
7595238906593823,constant,0.5,evaluated,0.5,0.0,0.75,0.75,0.0,0.0,0.5,0.0,1.0,True,True,
7595238906593823,independent,0.5,evaluated,0.5,0.0,0.75,0.75,0.0,0.0,0.5,0.0,0.5,True,True,
7595238906593823,informative_unused,0.5,evaluated,0.5,0.5,0.75,0.75,0.25,0.0,0.5,0.0,0.0,False,True,
7595238906593823,xor_public,0.5,evaluated,0.0,0.0,1.0,1.0,0.0,0.0,,,,False,True,
7595238906593823,hidden_irrelevant,0.5,evaluated,1.0,0.05459766186667042,1.0,1.0,0.0,0.0,,,,False,True,
7595238906593823,symmetric_init,0.5,evaluated,0.5,0.0,0.75,0.75,0.0,0.0,0.5,0.0,0.5,True,True,
6894898852798671,identity,0.5,evaluated,0.5,0.5,1.0,0.75,0.25,0.25,0.5,1.0,0.0,False,True,
6894898852798671,noisy,0.5,evaluated,0.5,0.265502203205358,0.9500000000000002,0.75,0.19999999999999996,0.20000000000000018,0.5,0.8,0.18,False,True,
6894898852798671,constant,0.5,evaluated,0.5,0.0,0.7500000000000001,0.75,0.0,1.1102230246251565e-16,0.5,0.0,1.0,True,True,
6894898852798671,independent,0.5,evaluated,0.5,0.0,0.75,0.75,0.0,0.0,0.5,0.0,0.5,True,True,
6894898852798671,informative_unused,0.5,evaluated,0.5,0.5,0.75,0.75,0.25,0.0,0.5,0.0,0.0,False,True,
6894898852798671,xor_public,0.5,evaluated,0.0,0.0,1.0,1.0,0.0,0.0,,,,False,True,
6894898852798671,hidden_irrelevant,0.5,evaluated,1.0,0.0,1.0,1.0,0.0,0.0,,,,True,True,
6894898852798671,symmetric_init,0.5,evaluated,0.5,0.0,0.75,0.75,0.0,0.0,0.5,0.0,0.5,True,True,
6866606642035744,identity,0.5,evaluated,0.5,0.5,1.0,0.7499999999999999,0.25,0.2500000000000001,0.5,1.0,0.0,False,True,
6866606642035744,noisy,0.5,evaluated,0.5,0.265502203205358,0.9500000000000002,0.7499999999999999,0.19999999999999996,0.2000000000000003,0.5,0.8,0.18,False,True,
6866606642035744,constant,0.5,evaluated,0.5,0.0,0.75,0.7499999999999999,0.0,1.1102230246251565e-16,0.5,0.0,1.0,True,True,
6866606642035744,independent,0.5,evaluated,0.5,0.0,0.7500000000000001,0.75,0.0,1.1102230246251565e-16,0.5,0.0,0.5,True,True,
6866606642035744,informative_unused,0.5,evaluated,0.5,0.5,0.75,0.7499999999999999,0.25,1.1102230246251565e-16,0.5,0.0,0.0,False,True,
6866606642035744,xor_public,0.5,evaluated,0.0,0.0,1.0,1.0,0.0,0.0,,,,True,True,
6866606642035744,hidden_irrelevant,0.5,evaluated,1.0,0.0442530626232604,1.0,1.0,0.0,0.0,,,,False,True,
6866606642035744,symmetric_init,0.5,evaluated,0.5,0.0,0.75,0.75,0.0,0.0,0.5,0.0,0.5,True,True,
5178115573784760,identity,0.5,evaluated,0.5,0.5,1.0,0.7499999999999999,0.25,0.2500000000000001,0.5,1.0,0.0,False,True,
5178115573784760,noisy,0.5,evaluated,0.5,0.265502203205358,0.9500000000000002,0.75,0.19999999999999996,0.20000000000000018,0.5,0.8,0.18,False,True,
5178115573784760,constant,0.5,evaluated,0.5,0.0,0.75,0.7499999999999999,0.0,1.1102230246251565e-16,0.5,0.0,1.0,True,True,
5178115573784760,independent,0.5,evaluated,0.5,0.0,0.75,0.7500000000000002,0.0,-2.220446049250313e-16,0.5,0.0,0.5,True,True,
5178115573784760,informative_unused,0.5,evaluated,0.5,0.5,0.75,0.7499999999999999,0.25,1.1102230246251565e-16,0.5,0.0,0.0,False,True,
5178115573784760,xor_public,0.5,evaluated,0.0,0.0,1.0,1.0,0.0,0.0,,,,False,True,
5178115573784760,hidden_irrelevant,0.5,evaluated,1.0,0.13828083429401838,1.0,1.0,0.0,0.0,,,,False,True,
5178115573784760,symmetric_init,0.5,evaluated,0.5,0.0,0.75,0.75,0.0,0.0,0.5,0.0,0.5,True,True,
6608911689536610,identity,0.5,evaluated,0.5,0.5,1.0,0.75,0.25,0.25,0.5,1.0,0.0,False,True,
6608911689536610,noisy,0.5,evaluated,0.5,0.265502203205358,0.9500000000000002,0.75,0.19999999999999996,0.20000000000000018,0.5,0.8,0.18,False,True,
6608911689536610,constant,0.5,evaluated,0.5,0.0,0.75,0.75,0.0,0.0,0.5,0.0,1.0,True,True,
6608911689536610,independent,0.5,evaluated,0.5,0.0,0.75,0.75,0.0,0.0,0.5,0.0,0.5,True,True,
6608911689536610,informative_unused,0.5,evaluated,0.5,0.5,0.75,0.75,0.25,0.0,0.5,0.0,0.0,False,True,
6608911689536610,xor_public,0.5,evaluated,0.0,0.0,1.0,1.0,0.0,0.0,,,,True,True,
6608911689536610,hidden_irrelevant,0.5,evaluated,1.0,0.09883752411378725,1.0,1.0,0.0,0.0,,,,False,True,
6608911689536610,symmetric_init,0.5,evaluated,0.5,0.0,0.75,0.75,0.0,0.0,0.5,0.0,0.5,True,True,
5150851167228370,identity,0.5,evaluated,0.5,0.5,1.0,0.75,0.25,0.25,0.5,1.0,0.0,False,True,
5150851167228370,noisy,0.5,evaluated,0.5,0.265502203205358,0.9500000000000002,0.7500000000000002,0.19999999999999996,0.19999999999999996,0.5,0.8,0.18,False,True,
5150851167228370,constant,0.5,evaluated,0.5,0.0,0.75,0.75,0.0,0.0,0.5,0.0,1.0,True,True,
5150851167228370,independent,0.5,evaluated,0.5,0.0,0.7499999999999999,0.75,0.0,-1.1102230246251565e-16,0.5,0.0,0.5,True,True,
5150851167228370,informative_unused,0.5,evaluated,0.5,0.5,0.75,0.75,0.25,0.0,0.5,0.0,0.0,False,True,
5150851167228370,xor_public,0.5,evaluated,0.0,0.0,1.0,1.0,0.0,0.0,,,,False,True,
5150851167228370,hidden_irrelevant,0.5,evaluated,1.0,2.211178636973756e-05,1.0,1.0,0.0,0.0,,,,False,True,
5150851167228370,symmetric_init,0.5,evaluated,0.5,0.0,0.75,0.75,0.0,0.0,0.5,0.0,0.5,True,True,
7447117066915054,identity,0.5,evaluated,0.5,0.5,1.0,0.75,0.25,0.25,0.5,1.0,0.0,False,True,
7447117066915054,noisy,0.5,evaluated,0.5,0.265502203205358,0.9500000000000002,0.7500000000000001,0.19999999999999996,0.20000000000000007,0.5,0.8,0.18,False,True,
7447117066915054,constant,0.5,evaluated,0.5,0.0,0.75,0.75,0.0,0.0,0.5,0.0,1.0,True,True,
7447117066915054,independent,0.5,evaluated,0.5,0.0,0.75,0.75,0.0,0.0,0.5,0.0,0.5,True,True,
7447117066915054,informative_unused,0.5,evaluated,0.5,0.5,0.75,0.75,0.25,0.0,0.5,0.0,0.0,False,True,
7447117066915054,xor_public,0.5,evaluated,0.0,0.0,1.0,1.0,0.0,0.0,,,,False,True,
7447117066915054,hidden_irrelevant,0.5,evaluated,1.0,0.3537992106097234,1.0,1.0,0.0,0.0,,,,False,True,
7447117066915054,symmetric_init,0.5,evaluated,0.5,0.0,0.75,0.75,0.0,0.0,0.5,0.0,0.5,True,True,
7265140916789096,identity,0.5,evaluated,0.5,0.5,1.0,0.75,0.25,0.25,0.5,1.0,0.0,False,True,
7265140916789096,noisy,0.5,evaluated,0.5,0.265502203205358,0.9500000000000002,0.7500000000000002,0.19999999999999996,0.19999999999999996,0.5,0.8,0.18,False,True,
7265140916789096,constant,0.5,evaluated,0.5,0.0,0.75,0.75,0.0,0.0,0.5,0.0,1.0,True,True,
7265140916789096,independent,0.5,evaluated,0.5,0.0,0.7499999999999998,0.75,0.0,-2.220446049250313e-16,0.5,0.0,0.5,True,True,
7265140916789096,informative_unused,0.5,evaluated,0.5,0.5,0.75,0.75,0.25,0.0,0.5,0.0,0.0,False,True,
7265140916789096,xor_public,0.5,evaluated,0.0,0.0,1.0,1.0,0.0,0.0,,,,False,True,
7265140916789096,hidden_irrelevant,0.5,evaluated,1.0,0.07236987736597149,1.0,1.0,0.0,0.0,,,,False,True,
7265140916789096,symmetric_init,0.5,evaluated,0.5,0.0,0.75,0.75,0.0,0.0,0.5,0.0,0.5,True,True,
8222570450007611,identity,0.5,evaluated,0.5,0.5,1.0,0.75,0.25,0.25,0.5,1.0,0.0,False,True,
8222570450007611,noisy,0.5,evaluated,0.5,0.265502203205358,0.9500000000000002,0.7500000000000001,0.19999999999999996,0.20000000000000007,0.5,0.8,0.18,False,True,
8222570450007611,constant,0.5,evaluated,0.5,0.0,0.75,0.75,0.0,0.0,0.5,0.0,1.0,True,True,
8222570450007611,independent,0.5,evaluated,0.5,0.0,0.75,0.7499999999999998,0.0,2.220446049250313e-16,0.5,0.0,0.5,True,True,
8222570450007611,informative_unused,0.5,evaluated,0.5,0.5,0.75,0.75,0.25,0.0,0.5,0.0,0.0,False,True,
8222570450007611,xor_public,0.5,evaluated,0.0,0.0,1.0,1.0,0.0,0.0,,,,False,True,
8222570450007611,hidden_irrelevant,0.5,evaluated,1.0,0.06117735339030714,1.0,1.0,0.0,0.0,,,,False,True,
8222570450007611,symmetric_init,0.5,evaluated,0.5,0.0,0.75,0.75,0.0,0.0,0.5,0.0,0.5,True,True,
7520703083490026,identity,0.5,evaluated,0.5,0.5,1.0,0.7499999999999999,0.25,0.2500000000000001,0.5,1.0,0.0,False,True,
7520703083490026,noisy,0.5,evaluated,0.5,0.265502203205358,0.9500000000000002,0.7500000000000003,0.19999999999999996,0.19999999999999984,0.5,0.8,0.18,False,True,
7520703083490026,constant,0.5,evaluated,0.5,0.0,0.7500000000000001,0.7499999999999999,0.0,2.220446049250313e-16,0.5,0.0,1.0,True,True,
7520703083490026,independent,0.5,evaluated,0.5,0.0,0.75,0.75,0.0,0.0,0.5,0.0,0.5,True,True,
7520703083490026,informative_unused,0.5,evaluated,0.5,0.5,0.75,0.7499999999999999,0.25,1.1102230246251565e-16,0.5,0.0,0.0,False,True,
7520703083490026,xor_public,0.5,evaluated,0.0,0.0,1.0,1.0,0.0,0.0,,,,True,True,
7520703083490026,hidden_irrelevant,0.5,evaluated,1.0,0.0,1.0,1.0,0.0,0.0,,,,True,True,
7520703083490026,symmetric_init,0.5,evaluated,0.5,0.0,0.75,0.75,0.0,0.0,0.5,0.0,0.5,True,True,
7937289334576025,identity,0.5,evaluated,0.5,0.5,1.0,0.7500000000000001,0.25,0.2499999999999999,0.5,1.0,0.0,False,True,
7937289334576025,noisy,0.5,evaluated,0.5,0.265502203205358,0.9500000000000002,0.7500000000000001,0.19999999999999996,0.20000000000000007,0.5,0.8,0.18,False,True,
7937289334576025,constant,0.5,evaluated,0.5,0.0,0.75,0.7500000000000001,0.0,-1.1102230246251565e-16,0.5,0.0,1.0,True,True,
7937289334576025,independent,0.5,evaluated,0.5,0.0,0.7499999999999999,0.7499999999999998,0.0,1.1102230246251565e-16,0.5,0.0,0.5,True,True,
7937289334576025,informative_unused,0.5,evaluated,0.5,0.5,0.75,0.7500000000000001,0.25,-1.1102230246251565e-16,0.5,0.0,0.0,False,True,
7937289334576025,xor_public,0.5,evaluated,0.0,0.0,1.0,1.0,0.0,0.0,,,,True,True,
7937289334576025,hidden_irrelevant,0.5,evaluated,1.0,0.0,1.0,1.0,0.0,0.0,,,,True,True,
7937289334576025,symmetric_init,0.5,evaluated,0.5,0.0,0.75,0.75,0.0,0.0,0.5,0.0,0.5,True,True,
8031251621782686,identity,0.5,evaluated,0.5,0.5,1.0,0.75,0.25,0.25,0.5,1.0,0.0,False,True,
8031251621782686,noisy,0.5,evaluated,0.5,0.265502203205358,0.9500000000000002,0.7499999999999999,0.19999999999999996,0.2000000000000003,0.5,0.8,0.18,False,True,
8031251621782686,constant,0.5,evaluated,0.5,0.0,0.75,0.75,0.0,0.0,0.5,0.0,1.0,True,True,
8031251621782686,independent,0.5,evaluated,0.5,0.0,0.75,0.75,0.0,0.0,0.5,0.0,0.5,True,True,
8031251621782686,informative_unused,0.5,evaluated,0.5,0.5,0.75,0.75,0.25,0.0,0.5,0.0,0.0,False,True,
8031251621782686,xor_public,0.5,evaluated,0.0,0.0,1.0,1.0,0.0,0.0,,,,False,True,
8031251621782686,hidden_irrelevant,0.5,evaluated,1.0,0.038874872918801526,1.0,1.0,0.0,0.0,,,,False,True,
8031251621782686,symmetric_init,0.5,evaluated,0.5,0.0,0.75,0.75,0.0,0.0,0.5,0.0,0.5,True,True,
4675980289319755,identity,0.5,evaluated,0.5,0.5,1.0,0.7500000000000001,0.25,0.2499999999999999,0.5,1.0,0.0,False,True,
4675980289319755,noisy,0.5,evaluated,0.5,0.265502203205358,0.9500000000000002,0.7500000000000002,0.19999999999999996,0.19999999999999996,0.5,0.8,0.18,False,True,
4675980289319755,constant,0.5,evaluated,0.5,0.0,0.7499999999999999,0.7500000000000001,0.0,-2.220446049250313e-16,0.5,0.0,1.0,True,True,
4675980289319755,independent,0.5,evaluated,0.5,0.0,0.7500000000000002,0.7499999999999998,0.0,4.440892098500626e-16,0.5,0.0,0.5,True,True,
4675980289319755,informative_unused,0.5,evaluated,0.5,0.5,0.75,0.7500000000000001,0.25,-1.1102230246251565e-16,0.5,0.0,0.0,False,True,
4675980289319755,xor_public,0.5,evaluated,0.0,0.0,1.0,1.0,0.0,0.0,,,,True,True,
4675980289319755,hidden_irrelevant,0.5,evaluated,1.0,0.005342236215694277,1.0,1.0,0.0,0.0,,,,False,True,
4675980289319755,symmetric_init,0.5,evaluated,0.5,0.0,0.75,0.75,0.0,0.0,0.5,0.0,0.5,True,True,
8378455272928964,identity,0.5,evaluated,0.5,0.5,1.0,0.75,0.25,0.25,0.5,1.0,0.0,False,True,
8378455272928964,noisy,0.5,evaluated,0.5,0.265502203205358,0.9500000000000002,0.7500000000000001,0.19999999999999996,0.20000000000000007,0.5,0.8,0.18,False,True,
8378455272928964,constant,0.5,evaluated,0.5,0.0,0.75,0.75,0.0,0.0,0.5,0.0,1.0,True,True,
8378455272928964,independent,0.5,evaluated,0.5,0.0,0.75,0.7500000000000002,0.0,-2.220446049250313e-16,0.5,0.0,0.5,True,True,
8378455272928964,informative_unused,0.5,evaluated,0.5,0.5,0.75,0.75,0.25,0.0,0.5,0.0,0.0,False,True,
8378455272928964,xor_public,0.5,evaluated,0.0,0.0,1.0,1.0,0.0,0.0,,,,False,True,
8378455272928964,hidden_irrelevant,0.5,evaluated,1.0,0.052618577563274906,1.0,1.0,0.0,0.0,,,,False,True,
8378455272928964,symmetric_init,0.5,evaluated,0.5,0.0,0.75,0.75,0.0,0.0,0.5,0.0,0.5,True,True,
6291057847018879,identity,0.5,evaluated,0.5,0.5,1.0,0.75,0.25,0.25,0.5,1.0,0.0,False,True,
6291057847018879,noisy,0.5,evaluated,0.5,0.265502203205358,0.9500000000000002,0.75,0.19999999999999996,0.20000000000000018,0.5,0.8,0.18,False,True,
6291057847018879,constant,0.5,evaluated,0.5,0.0,0.75,0.75,0.0,0.0,0.5,0.0,1.0,True,True,
6291057847018879,independent,0.5,evaluated,0.5,0.0,0.7499999999999999,0.7500000000000002,0.0,-3.3306690738754696e-16,0.5,0.0,0.5,True,True,
6291057847018879,informative_unused,0.5,evaluated,0.5,0.5,0.75,0.75,0.25,0.0,0.5,0.0,0.0,False,True,
6291057847018879,xor_public,0.5,evaluated,0.0,0.0,1.0,1.0,0.0,0.0,,,,False,True,
6291057847018879,hidden_irrelevant,0.5,evaluated,1.0,0.006437425806460076,1.0,1.0,0.0,0.0,,,,False,True,
6291057847018879,symmetric_init,0.5,evaluated,0.5,0.0,0.75,0.75,0.0,0.0,0.5,0.0,0.5,True,True,
8697261069071826,identity,0.5,evaluated,0.5,0.5,1.0,0.75,0.25,0.25,0.5,1.0,0.0,False,True,
8697261069071826,noisy,0.5,evaluated,0.5,0.265502203205358,0.9500000000000002,0.7500000000000003,0.19999999999999996,0.19999999999999984,0.5,0.8,0.18,False,True,
8697261069071826,constant,0.5,evaluated,0.5,0.0,0.75,0.75,0.0,0.0,0.5,0.0,1.0,True,True,
8697261069071826,independent,0.5,evaluated,0.5,0.0,0.7499999999999999,0.75,0.0,-1.1102230246251565e-16,0.5,0.0,0.5,True,True,
8697261069071826,informative_unused,0.5,evaluated,0.5,0.5,0.75,0.75,0.25,0.0,0.5,0.0,0.0,False,True,
8697261069071826,xor_public,0.5,evaluated,0.0,0.0,1.0,1.0,0.0,0.0,,,,False,True,
8697261069071826,hidden_irrelevant,0.5,evaluated,1.0,0.1285836645738906,1.0,1.0,-1.1102230246251565e-16,0.0,,,,False,True,
8697261069071826,symmetric_init,0.5,evaluated,0.5,0.0,0.75,0.75,0.0,0.0,0.5,0.0,0.5,True,True,
7974710277293019,identity,0.5,evaluated,0.5,0.5,1.0,0.75,0.25,0.25,0.5,1.0,0.0,False,True,
7974710277293019,noisy,0.5,evaluated,0.5,0.265502203205358,0.9500000000000002,0.7500000000000002,0.19999999999999996,0.19999999999999996,0.5,0.8,0.18,False,True,
7974710277293019,constant,0.5,evaluated,0.5,0.0,0.75,0.75,0.0,0.0,0.5,0.0,1.0,True,True,
7974710277293019,independent,0.5,evaluated,0.5,0.0,0.7499999999999998,0.75,0.0,-2.220446049250313e-16,0.5,0.0,0.5,True,True,
7974710277293019,informative_unused,0.5,evaluated,0.5,0.5,0.75,0.75,0.25,0.0,0.5,0.0,0.0,False,True,
7974710277293019,xor_public,0.5,evaluated,0.0,0.0,1.0,1.0,0.0,0.0,,,,False,True,
7974710277293019,hidden_irrelevant,0.5,evaluated,1.0,0.013689645762619503,1.0,1.0,0.0,0.0,,,,False,True,
7974710277293019,symmetric_init,0.5,evaluated,0.5,0.0,0.75,0.75,0.0,0.0,0.5,0.0,0.5,True,True,
5704777099179131,identity,0.5,evaluated,0.5,0.5,1.0,0.75,0.25,0.25,0.5,1.0,0.0,False,True,
5704777099179131,noisy,0.5,evaluated,0.5,0.265502203205358,0.9500000000000002,0.75,0.19999999999999996,0.20000000000000018,0.5,0.8,0.18,False,True,
5704777099179131,constant,0.5,evaluated,0.5,0.0,0.7499999999999999,0.75,0.0,-1.1102230246251565e-16,0.5,0.0,1.0,True,True,
5704777099179131,independent,0.5,evaluated,0.5,0.0,0.7500000000000001,0.75,0.0,1.1102230246251565e-16,0.5,0.0,0.5,True,True,
5704777099179131,informative_unused,0.5,evaluated,0.5,0.5,0.75,0.75,0.25,0.0,0.5,0.0,0.0,False,True,
5704777099179131,xor_public,0.5,evaluated,0.0,0.0,1.0,1.0,0.0,0.0,,,,True,True,
5704777099179131,hidden_irrelevant,0.5,evaluated,1.0,0.0,1.0,1.0,0.0,0.0,,,,True,True,
5704777099179131,symmetric_init,0.5,evaluated,0.5,0.0,0.75,0.75,0.0,0.0,0.5,0.0,0.5,True,True,
4667587628074147,identity,0.5,evaluated,0.5,0.5,1.0,0.75,0.25,0.25,0.5,1.0,0.0,False,True,
4667587628074147,noisy,0.5,evaluated,0.5,0.265502203205358,0.9500000000000002,0.7500000000000002,0.19999999999999996,0.19999999999999996,0.5,0.8,0.18,False,True,
4667587628074147,constant,0.5,evaluated,0.5,0.0,0.75,0.75,0.0,0.0,0.5,0.0,1.0,True,True,
4667587628074147,independent,0.5,evaluated,0.5,0.0,0.75,0.75,0.0,0.0,0.5,0.0,0.5,True,True,
4667587628074147,informative_unused,0.5,evaluated,0.5,0.5,0.75,0.75,0.25,0.0,0.5,0.0,0.0,False,True,
4667587628074147,xor_public,0.5,evaluated,0.0,0.0,1.0,1.0,0.0,0.0,,,,True,True,
4667587628074147,hidden_irrelevant,0.5,evaluated,1.0,0.0,1.0,1.0,0.0,0.0,,,,True,True,
4667587628074147,symmetric_init,0.5,evaluated,0.5,0.0,0.75,0.75,0.0,0.0,0.5,0.0,0.5,True,True,
7300265901521981,identity,0.5,evaluated,0.5,0.5,1.0,0.75,0.25,0.25,0.5,1.0,0.0,False,True,
7300265901521981,noisy,0.5,evaluated,0.5,0.265502203205358,0.9500000000000002,0.7499999999999998,0.19999999999999996,0.2000000000000004,0.5,0.8,0.18,False,True,
7300265901521981,constant,0.5,evaluated,0.5,0.0,0.75,0.75,0.0,0.0,0.5,0.0,1.0,True,True,
7300265901521981,independent,0.5,evaluated,0.5,0.0,0.7499999999999999,0.75,0.0,-1.1102230246251565e-16,0.5,0.0,0.5,True,True,
7300265901521981,informative_unused,0.5,evaluated,0.5,0.5,0.75,0.75,0.25,0.0,0.5,0.0,0.0,False,True,
7300265901521981,xor_public,0.5,evaluated,0.0,0.0,1.0,1.0,0.0,0.0,,,,False,True,
7300265901521981,hidden_irrelevant,0.5,evaluated,1.0,0.028941508260225096,1.0,1.0,0.0,0.0,,,,False,True,
7300265901521981,symmetric_init,0.5,evaluated,0.5,0.0,0.75,0.75,0.0,0.0,0.5,0.0,0.5,True,True,
5160674985297922,identity,0.5,evaluated,0.5,0.5,1.0,0.75,0.25,0.25,0.5,1.0,0.0,False,True,
5160674985297922,noisy,0.5,evaluated,0.5,0.265502203205358,0.9500000000000002,0.7500000000000002,0.19999999999999996,0.19999999999999996,0.5,0.8,0.18,False,True,
5160674985297922,constant,0.5,evaluated,0.5,0.0,0.75,0.75,0.0,0.0,0.5,0.0,1.0,True,True,
5160674985297922,independent,0.5,evaluated,0.5,0.0,0.7499999999999998,0.75,0.0,-2.220446049250313e-16,0.5,0.0,0.5,True,True,
5160674985297922,informative_unused,0.5,evaluated,0.5,0.5,0.75,0.75,0.25,0.0,0.5,0.0,0.0,False,True,
5160674985297922,xor_public,0.5,evaluated,0.0,0.0,1.0,1.0,0.0,0.0,,,,True,True,
5160674985297922,hidden_irrelevant,0.5,evaluated,1.0,0.0010157026194981163,0.9999999999999999,0.9999999999999999,0.0,0.0,,,,False,True,
5160674985297922,symmetric_init,0.5,evaluated,0.5,0.0,0.75,0.75,0.0,0.0,0.5,0.0,0.5,True,True,
7691361288312167,identity,0.5,evaluated,0.5,0.5,1.0,0.75,0.25,0.25,0.5,1.0,0.0,False,True,
7691361288312167,noisy,0.5,evaluated,0.5,0.265502203205358,0.9500000000000002,0.7499999999999999,0.19999999999999996,0.2000000000000003,0.5,0.8,0.18,False,True,
7691361288312167,constant,0.5,evaluated,0.5,0.0,0.75,0.75,0.0,0.0,0.5,0.0,1.0,True,True,
7691361288312167,independent,0.5,evaluated,0.5,0.0,0.7500000000000002,0.75,0.0,2.220446049250313e-16,0.5,0.0,0.5,True,True,
7691361288312167,informative_unused,0.5,evaluated,0.5,0.5,0.75,0.75,0.25,0.0,0.5,0.0,0.0,False,True,
7691361288312167,xor_public,0.5,evaluated,0.0,0.0,1.0,1.0,0.0,0.0,,,,True,True,
7691361288312167,hidden_irrelevant,0.5,evaluated,1.0,0.0,1.0,1.0,0.0,0.0,,,,True,True,
7691361288312167,symmetric_init,0.5,evaluated,0.5,0.0,0.75,0.75,0.0,0.0,0.5,0.0,0.5,True,True,
7711200585215954,identity,0.5,evaluated,0.5,0.5,1.0,0.75,0.25,0.25,0.5,1.0,0.0,False,True,
7711200585215954,noisy,0.5,evaluated,0.5,0.265502203205358,0.9500000000000002,0.7500000000000002,0.19999999999999996,0.19999999999999996,0.5,0.8,0.18,False,True,
7711200585215954,constant,0.5,evaluated,0.5,0.0,0.75,0.75,0.0,0.0,0.5,0.0,1.0,True,True,
7711200585215954,independent,0.5,evaluated,0.5,0.0,0.75,0.75,0.0,0.0,0.5,0.0,0.5,True,True,
7711200585215954,informative_unused,0.5,evaluated,0.5,0.5,0.75,0.75,0.25,0.0,0.5,0.0,0.0,False,True,
7711200585215954,xor_public,0.5,evaluated,0.0,0.0,1.0,1.0,0.0,0.0,,,,False,True,
7711200585215954,hidden_irrelevant,0.5,evaluated,1.0,0.09457644731383655,1.0,1.0,0.0,0.0,,,,False,True,
7711200585215954,symmetric_init,0.5,evaluated,0.5,0.0,0.75,0.75,0.0,0.0,0.5,0.0,0.5,True,True,
6083486921482392,identity,0.5,evaluated,0.5,0.5,1.0,0.75,0.25,0.25,0.5,1.0,0.0,False,True,
6083486921482392,noisy,0.5,evaluated,0.5,0.265502203205358,0.9500000000000002,0.7500000000000003,0.19999999999999996,0.19999999999999984,0.5,0.8,0.18,False,True,
6083486921482392,constant,0.5,evaluated,0.5,0.0,0.7499999999999999,0.75,0.0,-1.1102230246251565e-16,0.5,0.0,1.0,True,True,
6083486921482392,independent,0.5,evaluated,0.5,0.0,0.7500000000000001,0.75,0.0,1.1102230246251565e-16,0.5,0.0,0.5,True,True,
6083486921482392,informative_unused,0.5,evaluated,0.5,0.5,0.75,0.75,0.25,0.0,0.5,0.0,0.0,False,True,
6083486921482392,xor_public,0.5,evaluated,0.0,0.0,1.0,1.0,0.0,0.0,,,,False,True,
6083486921482392,hidden_irrelevant,0.5,evaluated,1.0,0.0,1.0,1.0,0.0,0.0,,,,True,True,
6083486921482392,symmetric_init,0.5,evaluated,0.5,0.0,0.75,0.75,0.0,0.0,0.5,0.0,0.5,True,True,
5106510535916359,identity,0.5,evaluated,0.5,0.5,1.0,0.75,0.25,0.25,0.5,1.0,0.0,False,True,
5106510535916359,noisy,0.5,evaluated,0.5,0.265502203205358,0.9500000000000002,0.7499999999999999,0.19999999999999996,0.2000000000000003,0.5,0.8,0.18,False,True,
5106510535916359,constant,0.5,evaluated,0.5,0.0,0.75,0.75,0.0,0.0,0.5,0.0,1.0,True,True,
5106510535916359,independent,0.5,evaluated,0.5,0.0,0.75,0.7500000000000002,0.0,-2.220446049250313e-16,0.5,0.0,0.5,True,True,
5106510535916359,informative_unused,0.5,evaluated,0.5,0.5,0.75,0.75,0.25,0.0,0.5,0.0,0.0,False,True,
5106510535916359,xor_public,0.5,evaluated,0.0,0.0,1.0,1.0,0.0,0.0,,,,True,True,
5106510535916359,hidden_irrelevant,0.5,evaluated,1.0,0.1376439982754058,1.0,1.0,0.0,0.0,,,,False,True,
5106510535916359,symmetric_init,0.5,evaluated,0.5,0.0,0.75,0.75,0.0,0.0,0.5,0.0,0.5,True,True,
7204979993128272,identity,0.5,evaluated,0.5,0.5,1.0,0.7500000000000001,0.25,0.2499999999999999,0.5,1.0,0.0,False,True,
7204979993128272,noisy,0.5,evaluated,0.5,0.265502203205358,0.9500000000000002,0.7500000000000002,0.19999999999999996,0.19999999999999996,0.5,0.8,0.18,False,True,
7204979993128272,constant,0.5,evaluated,0.5,0.0,0.75,0.7500000000000001,0.0,-1.1102230246251565e-16,0.5,0.0,1.0,True,True,
7204979993128272,independent,0.5,evaluated,0.5,0.0,0.7499999999999998,0.75,0.0,-2.220446049250313e-16,0.5,0.0,0.5,True,True,
7204979993128272,informative_unused,0.5,evaluated,0.5,0.5,0.75,0.7500000000000001,0.25,-1.1102230246251565e-16,0.5,0.0,0.0,False,True,
7204979993128272,xor_public,0.5,evaluated,0.0,0.0,1.0,1.0,0.0,0.0,,,,False,True,
7204979993128272,hidden_irrelevant,0.5,evaluated,1.0,0.07342779949920406,1.0,1.0,0.0,0.0,,,,False,True,
7204979993128272,symmetric_init,0.5,evaluated,0.5,0.0,0.75,0.75,0.0,0.0,0.5,0.0,0.5,True,True,
5092793989196009,identity,0.5,evaluated,0.5,0.5,1.0,0.7499999999999999,0.25,0.2500000000000001,0.5,1.0,0.0,False,True,
5092793989196009,noisy,0.5,evaluated,0.5,0.265502203205358,0.9500000000000002,0.7500000000000002,0.19999999999999996,0.19999999999999996,0.5,0.8,0.18,False,True,
5092793989196009,constant,0.5,evaluated,0.5,0.0,0.75,0.7499999999999999,0.0,1.1102230246251565e-16,0.5,0.0,1.0,True,True,
5092793989196009,independent,0.5,evaluated,0.5,0.0,0.75,0.75,0.0,0.0,0.5,0.0,0.5,True,True,
5092793989196009,informative_unused,0.5,evaluated,0.5,0.5,0.75,0.7499999999999999,0.25,1.1102230246251565e-16,0.5,0.0,0.0,False,True,
5092793989196009,xor_public,0.5,evaluated,0.0,0.0,1.0,1.0,0.0,0.0,,,,False,True,
5092793989196009,hidden_irrelevant,0.5,evaluated,1.0,0.002627869604769212,1.0,1.0,0.0,0.0,,,,False,True,
5092793989196009,symmetric_init,0.5,evaluated,0.5,0.0,0.75,0.75,0.0,0.0,0.5,0.0,0.5,True,True,
5769749065959592,identity,0.5,evaluated,0.5,0.5,1.0,0.75,0.25,0.25,0.5,1.0,0.0,False,True,
5769749065959592,noisy,0.5,evaluated,0.5,0.265502203205358,0.9500000000000002,0.7499999999999998,0.19999999999999996,0.2000000000000004,0.5,0.8,0.18,False,True,
5769749065959592,constant,0.5,evaluated,0.5,0.0,0.75,0.75,0.0,0.0,0.5,0.0,1.0,True,True,
5769749065959592,independent,0.5,evaluated,0.5,0.0,0.75,0.7499999999999998,0.0,2.220446049250313e-16,0.5,0.0,0.5,True,True,
5769749065959592,informative_unused,0.5,evaluated,0.5,0.5,0.75,0.75,0.25,0.0,0.5,0.0,0.0,False,True,
5769749065959592,xor_public,0.5,evaluated,0.0,0.0,1.0,1.0,0.0,0.0,,,,False,True,
5769749065959592,hidden_irrelevant,0.5,evaluated,1.0,0.0,1.0,1.0,0.0,0.0,,,,True,True,
5769749065959592,symmetric_init,0.5,evaluated,0.5,0.0,0.75,0.75,0.0,0.0,0.5,0.0,0.5,True,True,
8283379093632555,identity,0.5,evaluated,0.5,0.5,1.0,0.75,0.25,0.25,0.5,1.0,0.0,False,True,
8283379093632555,noisy,0.5,evaluated,0.5,0.265502203205358,0.9500000000000002,0.7500000000000002,0.19999999999999996,0.19999999999999996,0.5,0.8,0.18,False,True,
8283379093632555,constant,0.5,evaluated,0.5,0.0,0.75,0.75,0.0,0.0,0.5,0.0,1.0,True,True,
8283379093632555,independent,0.5,evaluated,0.5,0.0,0.7499999999999998,0.7499999999999998,0.0,0.0,0.5,0.0,0.5,True,True,
8283379093632555,informative_unused,0.5,evaluated,0.5,0.5,0.75,0.75,0.25,0.0,0.5,0.0,0.0,False,True,
8283379093632555,xor_public,0.5,evaluated,0.0,0.0,1.0,1.0,0.0,0.0,,,,False,True,
8283379093632555,hidden_irrelevant,0.5,evaluated,1.0,0.02195069543248634,1.0,1.0,0.0,0.0,,,,False,True,
8283379093632555,symmetric_init,0.5,evaluated,0.5,0.0,0.75,0.75,0.0,0.0,0.5,0.0,0.5,True,True,
5318163134531828,identity,0.5,evaluated,0.5,0.5,1.0,0.7499999999999999,0.25,0.2500000000000001,0.5,1.0,0.0,False,True,
5318163134531828,noisy,0.5,evaluated,0.5,0.265502203205358,0.9500000000000002,0.7499999999999999,0.19999999999999996,0.2000000000000003,0.5,0.8,0.18,False,True,
5318163134531828,constant,0.5,evaluated,0.5,0.0,0.75,0.7499999999999999,0.0,1.1102230246251565e-16,0.5,0.0,1.0,True,True,
5318163134531828,independent,0.5,evaluated,0.5,0.0,0.7500000000000002,0.75,0.0,2.220446049250313e-16,0.5,0.0,0.5,True,True,
5318163134531828,informative_unused,0.5,evaluated,0.5,0.5,0.75,0.7499999999999999,0.25,1.1102230246251565e-16,0.5,0.0,0.0,False,True,
5318163134531828,xor_public,0.5,evaluated,0.0,0.0,1.0,1.0,0.0,0.0,,,,True,True,
5318163134531828,hidden_irrelevant,0.5,evaluated,1.0,0.06583033775212879,1.0,1.0,0.0,0.0,,,,False,True,
5318163134531828,symmetric_init,0.5,evaluated,0.5,0.0,0.75,0.75,0.0,0.0,0.5,0.0,0.5,True,True,
6235702673872192,identity,0.5,evaluated,0.5,0.5,1.0,0.75,0.25,0.25,0.5,1.0,0.0,False,True,
6235702673872192,noisy,0.5,evaluated,0.5,0.265502203205358,0.9500000000000002,0.7499999999999999,0.19999999999999996,0.2000000000000003,0.5,0.8,0.18,False,True,
6235702673872192,constant,0.5,evaluated,0.5,0.0,0.75,0.75,0.0,0.0,0.5,0.0,1.0,True,True,
6235702673872192,independent,0.5,evaluated,0.5,0.0,0.75,0.7499999999999998,0.0,2.220446049250313e-16,0.5,0.0,0.5,True,True,
6235702673872192,informative_unused,0.5,evaluated,0.5,0.5,0.75,0.75,0.25,0.0,0.5,0.0,0.0,False,True,
6235702673872192,xor_public,0.5,evaluated,0.0,0.0,1.0,1.0,0.0,0.0,,,,False,True,
6235702673872192,hidden_irrelevant,0.5,evaluated,1.0,0.0,1.0,1.0,0.0,0.0,,,,True,True,
6235702673872192,symmetric_init,0.5,evaluated,0.5,0.0,0.75,0.75,0.0,0.0,0.5,0.0,0.5,True,True,
7922798380488413,identity,0.5,evaluated,0.5,0.5,1.0,0.75,0.25,0.25,0.5,1.0,0.0,False,True,
7922798380488413,noisy,0.5,evaluated,0.5,0.265502203205358,0.9500000000000002,0.7499999999999999,0.19999999999999996,0.2000000000000003,0.5,0.8,0.18,False,True,
7922798380488413,constant,0.5,evaluated,0.5,0.0,0.7499999999999999,0.75,0.0,-1.1102230246251565e-16,0.5,0.0,1.0,True,True,
7922798380488413,independent,0.5,evaluated,0.5,0.0,0.7500000000000001,0.7499999999999998,0.0,3.3306690738754696e-16,0.5,0.0,0.5,True,True,
7922798380488413,informative_unused,0.5,evaluated,0.5,0.5,0.75,0.75,0.25,0.0,0.5,0.0,0.0,False,True,
7922798380488413,xor_public,0.5,evaluated,0.0,0.0,1.0,1.0,0.0,0.0,,,,False,True,
7922798380488413,hidden_irrelevant,0.5,evaluated,1.0,0.0,1.0,1.0,0.0,0.0,,,,True,True,
7922798380488413,symmetric_init,0.5,evaluated,0.5,0.0,0.75,0.75,0.0,0.0,0.5,0.0,0.5,True,True,
8223471017401204,identity,0.5,evaluated,0.5,0.5,1.0,0.75,0.25,0.25,0.5,1.0,0.0,False,True,
8223471017401204,noisy,0.5,evaluated,0.5,0.265502203205358,0.9500000000000002,0.7500000000000001,0.19999999999999996,0.20000000000000007,0.5,0.8,0.18,False,True,
8223471017401204,constant,0.5,evaluated,0.5,0.0,0.75,0.75,0.0,0.0,0.5,0.0,1.0,True,True,
8223471017401204,independent,0.5,evaluated,0.5,0.0,0.75,0.75,0.0,0.0,0.5,0.0,0.5,True,True,
8223471017401204,informative_unused,0.5,evaluated,0.5,0.5,0.75,0.75,0.25,0.0,0.5,0.0,0.0,False,True,
8223471017401204,xor_public,0.5,evaluated,0.0,0.0,1.0,1.0,0.0,0.0,,,,True,True,
8223471017401204,hidden_irrelevant,0.5,evaluated,1.0,0.10431338492400877,1.0,1.0,0.0,0.0,,,,False,True,
8223471017401204,symmetric_init,0.5,evaluated,0.5,0.0,0.75,0.75,0.0,0.0,0.5,0.0,0.5,True,True,
6349829580056777,identity,0.5,evaluated,0.5,0.5,1.0,0.75,0.25,0.25,0.5,1.0,0.0,False,True,
6349829580056777,noisy,0.5,evaluated,0.5,0.265502203205358,0.9500000000000002,0.7500000000000002,0.19999999999999996,0.19999999999999996,0.5,0.8,0.18,False,True,
6349829580056777,constant,0.5,evaluated,0.5,0.0,0.7500000000000001,0.75,0.0,1.1102230246251565e-16,0.5,0.0,1.0,True,True,
6349829580056777,independent,0.5,evaluated,0.5,0.0,0.75,0.75,0.0,0.0,0.5,0.0,0.5,True,True,
6349829580056777,informative_unused,0.5,evaluated,0.5,0.5,0.75,0.75,0.25,0.0,0.5,0.0,0.0,False,True,
6349829580056777,xor_public,0.5,evaluated,0.0,0.0,1.0,1.0,0.0,0.0,,,,False,True,
6349829580056777,hidden_irrelevant,0.5,evaluated,1.0,0.2361045918377124,1.0,1.0,0.0,0.0,,,,False,True,
6349829580056777,symmetric_init,0.5,evaluated,0.5,0.0,0.75,0.75,0.0,0.0,0.5,0.0,0.5,True,True,
7275086371778332,identity,0.5,evaluated,0.5,0.5,1.0,0.75,0.25,0.25,0.5,1.0,0.0,False,True,
7275086371778332,noisy,0.5,evaluated,0.5,0.265502203205358,0.9500000000000002,0.7500000000000002,0.19999999999999996,0.19999999999999996,0.5,0.8,0.18,False,True,
7275086371778332,constant,0.5,evaluated,0.5,0.0,0.7499999999999999,0.75,0.0,-1.1102230246251565e-16,0.5,0.0,1.0,True,True,
7275086371778332,independent,0.5,evaluated,0.5,0.0,0.75,0.7499999999999998,0.0,2.220446049250313e-16,0.5,0.0,0.5,True,True,
7275086371778332,informative_unused,0.5,evaluated,0.5,0.5,0.75,0.75,0.25,0.0,0.5,0.0,0.0,False,True,
7275086371778332,xor_public,0.5,evaluated,0.0,0.0,1.0,1.0,0.0,0.0,,,,False,True,
7275086371778332,hidden_irrelevant,0.5,evaluated,1.0,0.0,1.0,1.0,0.0,0.0,,,,True,True,
7275086371778332,symmetric_init,0.5,evaluated,0.5,0.0,0.75,0.75,0.0,0.0,0.5,0.0,0.5,True,True,
6564018252999168,identity,0.5,evaluated,0.5,0.5,1.0,0.7499999999999999,0.25,0.2500000000000001,0.5,1.0,0.0,False,True,
6564018252999168,noisy,0.5,evaluated,0.5,0.265502203205358,0.9500000000000002,0.7500000000000002,0.19999999999999996,0.19999999999999996,0.5,0.8,0.18,False,True,
6564018252999168,constant,0.5,evaluated,0.5,0.0,0.7499999999999999,0.7499999999999999,0.0,0.0,0.5,0.0,1.0,True,True,
6564018252999168,independent,0.5,evaluated,0.5,0.0,0.7500000000000002,0.75,0.0,2.220446049250313e-16,0.5,0.0,0.5,True,True,
6564018252999168,informative_unused,0.5,evaluated,0.5,0.5,0.75,0.7499999999999999,0.25,1.1102230246251565e-16,0.5,0.0,0.0,False,True,
6564018252999168,xor_public,0.5,evaluated,0.0,0.0,1.0,1.0,0.0,0.0,,,,False,True,
6564018252999168,hidden_irrelevant,0.5,evaluated,1.0,0.07431698622922557,1.0,1.0,0.0,0.0,,,,False,True,
6564018252999168,symmetric_init,0.5,evaluated,0.5,0.0,0.75,0.75,0.0,0.0,0.5,0.0,0.5,True,True,
6064599914951974,identity,0.5,evaluated,0.5,0.5,1.0,0.75,0.25,0.25,0.5,1.0,0.0,False,True,
6064599914951974,noisy,0.5,evaluated,0.5,0.265502203205358,0.9500000000000002,0.7500000000000002,0.19999999999999996,0.19999999999999996,0.5,0.8,0.18,False,True,
6064599914951974,constant,0.5,evaluated,0.5,0.0,0.75,0.75,0.0,0.0,0.5,0.0,1.0,True,True,
6064599914951974,independent,0.5,evaluated,0.5,0.0,0.7499999999999999,0.7499999999999998,0.0,1.1102230246251565e-16,0.5,0.0,0.5,True,True,
6064599914951974,informative_unused,0.5,evaluated,0.5,0.5,0.75,0.75,0.25,0.0,0.5,0.0,0.0,False,True,
6064599914951974,xor_public,0.5,evaluated,0.0,0.0,1.0,1.0,0.0,0.0,,,,False,True,
6064599914951974,hidden_irrelevant,0.5,evaluated,1.0,0.18183807527405726,1.0,1.0,0.0,0.0,,,,False,True,
6064599914951974,symmetric_init,0.5,evaluated,0.5,0.0,0.75,0.75,0.0,0.0,0.5,0.0,0.5,True,True,
4933322157113647,identity,0.5,evaluated,0.5,0.5,1.0,0.75,0.25,0.25,0.5,1.0,0.0,False,True,
4933322157113647,noisy,0.5,evaluated,0.5,0.265502203205358,0.9500000000000002,0.75,0.19999999999999996,0.20000000000000018,0.5,0.8,0.18,False,True,
4933322157113647,constant,0.5,evaluated,0.5,0.0,0.75,0.75,0.0,0.0,0.5,0.0,1.0,True,True,
4933322157113647,independent,0.5,evaluated,0.5,0.0,0.7499999999999999,0.75,0.0,-1.1102230246251565e-16,0.5,0.0,0.5,True,True,
4933322157113647,informative_unused,0.5,evaluated,0.5,0.5,0.75,0.75,0.25,0.0,0.5,0.0,0.0,False,True,
4933322157113647,xor_public,0.5,evaluated,0.0,0.0,1.0,1.0,0.0,0.0,,,,False,True,
4933322157113647,hidden_irrelevant,0.5,evaluated,1.0,0.14995235811776708,1.0,1.0,0.0,0.0,,,,False,True,
4933322157113647,symmetric_init,0.5,evaluated,0.5,0.0,0.75,0.75,0.0,0.0,0.5,0.0,0.5,True,True,
7961592451196936,identity,0.5,evaluated,0.5,0.5,1.0,0.75,0.25,0.25,0.5,1.0,0.0,False,True,
7961592451196936,noisy,0.5,evaluated,0.5,0.265502203205358,0.9500000000000002,0.75,0.19999999999999996,0.20000000000000018,0.5,0.8,0.18,False,True,
7961592451196936,constant,0.5,evaluated,0.5,0.0,0.75,0.75,0.0,0.0,0.5,0.0,1.0,True,True,
7961592451196936,independent,0.5,evaluated,0.5,0.0,0.7499999999999998,0.7500000000000002,0.0,-4.440892098500626e-16,0.5,0.0,0.5,True,True,
7961592451196936,informative_unused,0.5,evaluated,0.5,0.5,0.75,0.75,0.25,0.0,0.5,0.0,0.0,False,True,
7961592451196936,xor_public,0.5,evaluated,0.0,0.0,1.0,1.0,0.0,0.0,,,,False,True,
7961592451196936,hidden_irrelevant,0.5,evaluated,1.0,0.31086413829110426,1.0,1.0,0.0,0.0,,,,False,True,
7961592451196936,symmetric_init,0.5,evaluated,0.5,0.0,0.75,0.75,0.0,0.0,0.5,0.0,0.5,True,True,
5927474878987130,identity,0.5,evaluated,0.5,0.5,1.0,0.75,0.25,0.25,0.5,1.0,0.0,False,True,
5927474878987130,noisy,0.5,evaluated,0.5,0.265502203205358,0.9500000000000002,0.7499999999999999,0.19999999999999996,0.2000000000000003,0.5,0.8,0.18,False,True,
5927474878987130,constant,0.5,evaluated,0.5,0.0,0.75,0.75,0.0,0.0,0.5,0.0,1.0,True,True,
5927474878987130,independent,0.5,evaluated,0.5,0.0,0.75,0.75,0.0,0.0,0.5,0.0,0.5,True,True,
5927474878987130,informative_unused,0.5,evaluated,0.5,0.5,0.75,0.75,0.25,0.0,0.5,0.0,0.0,False,True,
5927474878987130,xor_public,0.5,evaluated,0.0,0.0,1.0,1.0,0.0,0.0,,,,False,True,
5927474878987130,hidden_irrelevant,0.5,evaluated,1.0,0.0007919544306573753,1.0,1.0,0.0,0.0,,,,False,True,
5927474878987130,symmetric_init,0.5,evaluated,0.5,0.0,0.75,0.75,0.0,0.0,0.5,0.0,0.5,True,True,
4886114155692930,identity,0.5,evaluated,0.5,0.5,1.0,0.75,0.25,0.25,0.5,1.0,0.0,False,True,
4886114155692930,noisy,0.5,evaluated,0.5,0.265502203205358,0.9500000000000002,0.75,0.19999999999999996,0.20000000000000018,0.5,0.8,0.18,False,True,
4886114155692930,constant,0.5,evaluated,0.5,0.0,0.75,0.75,0.0,0.0,0.5,0.0,1.0,True,True,
4886114155692930,independent,0.5,evaluated,0.5,0.0,0.7500000000000001,0.7500000000000002,0.0,-1.1102230246251565e-16,0.5,0.0,0.5,True,True,
4886114155692930,informative_unused,0.5,evaluated,0.5,0.5,0.75,0.75,0.25,0.0,0.5,0.0,0.0,False,True,
4886114155692930,xor_public,0.5,evaluated,0.0,0.0,1.0,1.0,0.0,0.0,,,,True,True,
4886114155692930,hidden_irrelevant,0.5,evaluated,1.0,0.5268592853361324,1.0,1.0,0.0,0.0,,,,False,True,
4886114155692930,symmetric_init,0.5,evaluated,0.5,0.0,0.75,0.75,0.0,0.0,0.5,0.0,0.5,True,True,
8673219440661412,identity,0.5,evaluated,0.5,0.5,1.0,0.75,0.25,0.25,0.5,1.0,0.0,False,True,
8673219440661412,noisy,0.5,evaluated,0.5,0.265502203205358,0.9500000000000002,0.7500000000000002,0.19999999999999996,0.19999999999999996,0.5,0.8,0.18,False,True,
8673219440661412,constant,0.5,evaluated,0.5,0.0,0.75,0.75,0.0,0.0,0.5,0.0,1.0,True,True,
8673219440661412,independent,0.5,evaluated,0.5,0.0,0.75,0.75,0.0,0.0,0.5,0.0,0.5,True,True,
8673219440661412,informative_unused,0.5,evaluated,0.5,0.5,0.75,0.75,0.25,0.0,0.5,0.0,0.0,False,True,
8673219440661412,xor_public,0.5,evaluated,0.0,0.0,1.0,1.0,0.0,0.0,,,,False,True,
8673219440661412,hidden_irrelevant,0.5,evaluated,1.0,0.18032684553972442,1.0,1.0,0.0,0.0,,,,False,True,
8673219440661412,symmetric_init,0.5,evaluated,0.5,0.0,0.75,0.75,0.0,0.0,0.5,0.0,0.5,True,True,
6476000843783626,identity,0.5,evaluated,0.5,0.5,1.0,0.75,0.25,0.25,0.5,1.0,0.0,False,True,
6476000843783626,noisy,0.5,evaluated,0.5,0.265502203205358,0.9500000000000002,0.7500000000000001,0.19999999999999996,0.20000000000000007,0.5,0.8,0.18,False,True,
6476000843783626,constant,0.5,evaluated,0.5,0.0,0.75,0.75,0.0,0.0,0.5,0.0,1.0,True,True,
6476000843783626,independent,0.5,evaluated,0.5,0.0,0.7499999999999999,0.7500000000000002,0.0,-3.3306690738754696e-16,0.5,0.0,0.5,True,True,
6476000843783626,informative_unused,0.5,evaluated,0.5,0.5,0.75,0.75,0.25,0.0,0.5,0.0,0.0,False,True,
6476000843783626,xor_public,0.5,evaluated,0.0,0.0,0.9999999999999999,0.9999999999999999,-1.1102230246251565e-16,0.0,,,,False,True,
6476000843783626,hidden_irrelevant,0.5,evaluated,1.0,0.0,1.0,1.0,0.0,0.0,,,,True,True,
6476000843783626,symmetric_init,0.5,evaluated,0.5,0.0,0.75,0.75,0.0,0.0,0.5,0.0,0.5,True,True,
6676889649104724,identity,0.5,evaluated,0.5,0.5,1.0,0.75,0.25,0.25,0.5,1.0,0.0,False,True,
6676889649104724,noisy,0.5,evaluated,0.5,0.265502203205358,0.9500000000000002,0.7500000000000001,0.19999999999999996,0.20000000000000007,0.5,0.8,0.18,False,True,
6676889649104724,constant,0.5,evaluated,0.5,0.0,0.75,0.75,0.0,0.0,0.5,0.0,1.0,True,True,
6676889649104724,independent,0.5,evaluated,0.5,0.0,0.75,0.75,0.0,0.0,0.5,0.0,0.5,True,True,
6676889649104724,informative_unused,0.5,evaluated,0.5,0.5,0.75,0.75,0.25,0.0,0.5,0.0,0.0,False,True,
6676889649104724,xor_public,0.5,evaluated,0.0,0.0,1.0,1.0,0.0,0.0,,,,False,True,
6676889649104724,hidden_irrelevant,0.5,evaluated,1.0,0.0659406867825549,1.0,1.0,0.0,0.0,,,,False,True,
6676889649104724,symmetric_init,0.5,evaluated,0.5,0.0,0.75,0.75,0.0,0.0,0.5,0.0,0.5,True,True,
6635099986652598,identity,0.5,evaluated,0.5,0.5,1.0,0.7499999999999999,0.25,0.2500000000000001,0.5,1.0,0.0,False,True,
6635099986652598,noisy,0.5,evaluated,0.5,0.265502203205358,0.9500000000000002,0.7500000000000003,0.19999999999999996,0.19999999999999984,0.5,0.8,0.18,False,True,
6635099986652598,constant,0.5,evaluated,0.5,0.0,0.75,0.7499999999999999,0.0,1.1102230246251565e-16,0.5,0.0,1.0,True,True,
6635099986652598,independent,0.5,evaluated,0.5,0.0,0.7499999999999999,0.7500000000000002,0.0,-3.3306690738754696e-16,0.5,0.0,0.5,True,True,
6635099986652598,informative_unused,0.5,evaluated,0.5,0.5,0.75,0.7499999999999999,0.25,1.1102230246251565e-16,0.5,0.0,0.0,False,True,
6635099986652598,xor_public,0.5,evaluated,0.0,0.0,1.0,1.0,0.0,0.0,,,,False,True,
6635099986652598,hidden_irrelevant,0.5,evaluated,1.0,0.0,1.0,1.0,0.0,0.0,,,,True,True,
6635099986652598,symmetric_init,0.5,evaluated,0.5,0.0,0.75,0.75,0.0,0.0,0.5,0.0,0.5,True,True,
7010365018745928,identity,0.5,evaluated,0.5,0.5,1.0,0.75,0.25,0.25,0.5,1.0,0.0,False,True,
7010365018745928,noisy,0.5,evaluated,0.5,0.265502203205358,0.9500000000000002,0.7500000000000001,0.19999999999999996,0.20000000000000007,0.5,0.8,0.18,False,True,
7010365018745928,constant,0.5,evaluated,0.5,0.0,0.75,0.75,0.0,0.0,0.5,0.0,1.0,True,True,
7010365018745928,independent,0.5,evaluated,0.5,0.0,0.7500000000000001,0.75,0.0,1.1102230246251565e-16,0.5,0.0,0.5,True,True,
7010365018745928,informative_unused,0.5,evaluated,0.5,0.5,0.75,0.75,0.25,0.0,0.5,0.0,0.0,False,True,
7010365018745928,xor_public,0.5,evaluated,0.0,0.0,1.0,1.0,0.0,0.0,,,,False,True,
7010365018745928,hidden_irrelevant,0.5,evaluated,1.0,0.0,1.0,1.0,0.0,0.0,,,,True,True,
7010365018745928,symmetric_init,0.5,evaluated,0.5,0.0,0.75,0.75,0.0,0.0,0.5,0.0,0.5,True,True,
8207219652527202,identity,0.5,evaluated,0.5,0.5,1.0,0.75,0.25,0.25,0.5,1.0,0.0,False,True,
8207219652527202,noisy,0.5,evaluated,0.5,0.265502203205358,0.9500000000000002,0.7500000000000001,0.19999999999999996,0.20000000000000007,0.5,0.8,0.18,False,True,
8207219652527202,constant,0.5,evaluated,0.5,0.0,0.75,0.75,0.0,0.0,0.5,0.0,1.0,True,True,
8207219652527202,independent,0.5,evaluated,0.5,0.0,0.75,0.7499999999999998,0.0,2.220446049250313e-16,0.5,0.0,0.5,True,True,
8207219652527202,informative_unused,0.5,evaluated,0.5,0.5,0.75,0.75,0.25,0.0,0.5,0.0,0.0,False,True,
8207219652527202,xor_public,0.5,evaluated,0.0,0.0,1.0,1.0,0.0,0.0,,,,False,True,
8207219652527202,hidden_irrelevant,0.5,evaluated,1.0,0.021649678936719444,1.0,1.0,0.0,0.0,,,,False,True,
8207219652527202,symmetric_init,0.5,evaluated,0.5,0.0,0.75,0.75,0.0,0.0,0.5,0.0,0.5,True,True,
5648303165000116,identity,0.5,evaluated,0.5,0.5,1.0,0.7500000000000001,0.25,0.2499999999999999,0.5,1.0,0.0,False,True,
5648303165000116,noisy,0.5,evaluated,0.5,0.265502203205358,0.9500000000000002,0.7499999999999999,0.19999999999999996,0.2000000000000003,0.5,0.8,0.18,False,True,
5648303165000116,constant,0.5,evaluated,0.5,0.0,0.75,0.7500000000000001,0.0,-1.1102230246251565e-16,0.5,0.0,1.0,True,True,
5648303165000116,independent,0.5,evaluated,0.5,0.0,0.75,0.7499999999999998,0.0,2.220446049250313e-16,0.5,0.0,0.5,True,True,
5648303165000116,informative_unused,0.5,evaluated,0.5,0.5,0.75,0.7500000000000001,0.25,-1.1102230246251565e-16,0.5,0.0,0.0,False,True,
5648303165000116,xor_public,0.5,evaluated,0.0,0.0,1.0,1.0,0.0,0.0,,,,False,True,
5648303165000116,hidden_irrelevant,0.5,evaluated,1.0,0.15974107720393393,1.0,1.0,0.0,0.0,,,,False,True,
5648303165000116,symmetric_init,0.5,evaluated,0.5,0.0,0.75,0.75,0.0,0.0,0.5,0.0,0.5,True,True,
